timestamp_shifted,Positive_Prob,Neutral_Prob,Negative_Prob
2024-12-04 09:25:00,0.8440706833333333,0.03674569033333333,0.11918364333333333
2024-12-04 09:30:00,0.0,0.0,0.0
2024-12-04 09:35:00,0.0,0.0,0.0
2024-12-04 09:40:00,0.0,0.0,0.0
2024-12-04 09:45:00,0.0,0.0,0.0
2024-12-04 09:50:00,0.0,0.0,0.0
2024-12-04 09:55:00,0.0,0.0,0.0
2024-12-04 10:00:00,0.0,0.0,0.0
2024-12-04 10:05:00,0.0,0.0,0.0
2024-12-04 10:10:00,0.0,0.0,0.0
2024-12-04 10:15:00,0.0,0.0,0.0
2024-12-04 10:20:00,0.0,0.0,0.0
2024-12-04 10:25:00,0.0,0.0,0.0
2024-12-04 10:30:00,0.0,0.0,0.0
2024-12-04 10:35:00,0.8315937,0.026754405,0.14165199
2024-12-04 10:40:00,0.0,0.0,0.0
2024-12-04 10:45:00,0.0,0.0,0.0
2024-12-04 10:50:00,0.0,0.0,0.0
2024-12-04 10:55:00,0.0,0.0,0.0
2024-12-04 11:00:00,0.85648346,0.018314043,0.12520245
2024-12-04 11:05:00,0.0,0.0,0.0
2024-12-04 11:10:00,0.0,0.0,0.0
2024-12-04 11:15:00,0.86702615,0.021100445,0.11187338
2024-12-04 11:20:00,0.0,0.0,0.0
2024-12-04 11:25:00,0.0,0.0,0.0
2024-12-04 11:30:00,0.0,0.0,0.0
2024-12-04 11:35:00,0.0,0.0,0.0
2024-12-04 11:40:00,0.0,0.0,0.0
2024-12-04 11:45:00,0.0,0.0,0.0
2024-12-04 11:50:00,0.0,0.0,0.0
2024-12-04 11:55:00,0.0,0.0,0.0
2024-12-04 12:00:00,0.0,0.0,0.0
2024-12-04 12:05:00,0.0,0.0,0.0
2024-12-04 12:10:00,0.0,0.0,0.0
2024-12-04 12:15:00,0.0,0.0,0.0
2024-12-04 12:20:00,0.0,0.0,0.0
2024-12-04 12:25:00,0.0,0.0,0.0
2024-12-04 12:30:00,0.0,0.0,0.0
2024-12-04 12:35:00,0.0,0.0,0.0
2024-12-04 12:40:00,0.0,0.0,0.0
2024-12-04 12:45:00,0.0,0.0,0.0
2024-12-04 12:50:00,0.0,0.0,0.0
2024-12-04 12:55:00,0.0,0.0,0.0
2024-12-04 13:00:00,0.0,0.0,0.0
2024-12-04 13:05:00,0.0,0.0,0.0
2024-12-04 13:10:00,0.0,0.0,0.0
2024-12-04 13:15:00,0.0,0.0,0.0
2024-12-04 13:20:00,0.0,0.0,0.0
2024-12-04 13:25:00,0.0,0.0,0.0
2024-12-04 13:30:00,0.81882644,0.015654538,0.165519
2024-12-04 13:35:00,0.0,0.0,0.0
2024-12-04 13:40:00,0.0,0.0,0.0
2024-12-04 13:45:00,0.0,0.0,0.0
2024-12-04 13:50:00,0.0,0.0,0.0
2024-12-04 13:55:00,0.0,0.0,0.0
2024-12-04 14:00:00,0.0,0.0,0.0
2024-12-04 14:05:00,0.0,0.0,0.0
2024-12-04 14:10:00,0.0,0.0,0.0
2024-12-04 14:15:00,0.0,0.0,0.0
2024-12-04 14:20:00,0.0,0.0,0.0
2024-12-04 14:25:00,0.0,0.0,0.0
2024-12-04 14:30:00,0.0,0.0,0.0
2024-12-04 14:35:00,0.0,0.0,0.0
2024-12-04 14:40:00,0.0,0.0,0.0
2024-12-04 14:45:00,0.0,0.0,0.0
2024-12-04 14:50:00,0.0,0.0,0.0
2024-12-04 14:55:00,0.0,0.0,0.0
2024-12-04 15:00:00,0.0,0.0,0.0
2024-12-04 15:05:00,0.0,0.0,0.0
2024-12-04 15:10:00,0.0,0.0,0.0
2024-12-04 15:15:00,0.0,0.0,0.0
2024-12-04 15:20:00,0.0,0.0,0.0
2024-12-04 15:25:00,0.8592143,0.019784585,0.121001124
2024-12-04 15:30:00,0.0,0.0,0.0
2024-12-04 15:35:00,0.0,0.0,0.0
2024-12-04 15:40:00,0.0,0.0,0.0
2024-12-04 15:45:00,0.0,0.0,0.0
2024-12-04 15:50:00,0.0,0.0,0.0
2024-12-05 09:25:00,0.5880963137,0.0884473129,0.32345636325
2024-12-05 09:30:00,0.0,0.0,0.0
2024-12-05 09:35:00,0.0,0.0,0.0
2024-12-05 09:40:00,0.0,0.0,0.0
2024-12-05 09:45:00,0.0,0.0,0.0
2024-12-05 09:50:00,0.0,0.0,0.0
2024-12-05 09:55:00,0.0,0.0,0.0
2024-12-05 10:00:00,0.0,0.0,0.0
2024-12-05 10:05:00,0.0,0.0,0.0
2024-12-05 10:10:00,0.0,0.0,0.0
2024-12-05 10:15:00,0.0,0.0,0.0
2024-12-05 10:20:00,0.0,0.0,0.0
2024-12-05 10:25:00,0.0,0.0,0.0
2024-12-05 10:30:00,0.0,0.0,0.0
2024-12-05 10:35:00,0.0,0.0,0.0
2024-12-05 10:40:00,0.0,0.0,0.0
2024-12-05 10:45:00,0.30876386,0.6609372,0.030298993
2024-12-05 10:50:00,0.0,0.0,0.0
2024-12-05 10:55:00,0.87956625,0.02187195,0.09856186
2024-12-05 11:00:00,0.71714866,0.016696218,0.26615506
2024-12-05 11:05:00,0.0,0.0,0.0
2024-12-05 11:10:00,0.8368185,0.01736672,0.1458147
2024-12-05 11:15:00,0.0,0.0,0.0
2024-12-05 11:20:00,0.0,0.0,0.0
2024-12-05 11:25:00,0.0,0.0,0.0
2024-12-05 11:30:00,0.557995885,0.09019284,0.351811325
2024-12-05 11:35:00,0.0,0.0,0.0
2024-12-05 11:40:00,0.0,0.0,0.0
2024-12-05 11:45:00,0.0,0.0,0.0
2024-12-05 11:50:00,0.0,0.0,0.0
2024-12-05 11:55:00,0.0,0.0,0.0
2024-12-05 12:00:00,0.0,0.0,0.0
2024-12-05 12:05:00,0.0,0.0,0.0
2024-12-05 12:10:00,0.0,0.0,0.0
2024-12-05 12:15:00,0.0,0.0,0.0
2024-12-05 12:20:00,0.0,0.0,0.0
2024-12-05 12:25:00,0.0,0.0,0.0
2024-12-05 12:30:00,0.92182577,0.03010746,0.048066758
2024-12-05 12:35:00,0.92122716,0.048430867,0.030342003
2024-12-05 12:40:00,0.6342197,0.30498365,0.060796633
2024-12-05 12:45:00,0.0,0.0,0.0
2024-12-05 12:50:00,0.0,0.0,0.0
2024-12-05 12:55:00,0.0,0.0,0.0
2024-12-05 13:00:00,0.0,0.0,0.0
2024-12-05 13:05:00,0.0,0.0,0.0
2024-12-05 13:10:00,0.0,0.0,0.0
2024-12-05 13:15:00,0.0,0.0,0.0
2024-12-05 13:20:00,0.80026454,0.12559044,0.074145064
2024-12-05 13:25:00,0.0,0.0,0.0
2024-12-05 13:30:00,0.8261199,0.01890248,0.1549776
2024-12-05 13:35:00,0.90758866,0.031846736,0.06056459
2024-12-05 13:40:00,0.0,0.0,0.0
2024-12-05 13:45:00,0.0,0.0,0.0
2024-12-05 13:50:00,0.0,0.0,0.0
2024-12-05 13:55:00,0.0,0.0,0.0
2024-12-05 14:00:00,0.0,0.0,0.0
2024-12-05 14:05:00,0.7737328,0.08387759,0.14238961
2024-12-05 14:10:00,0.8920916,0.016729182,0.091179274
2024-12-05 14:15:00,0.0,0.0,0.0
2024-12-05 14:20:00,0.0,0.0,0.0
2024-12-05 14:25:00,0.8908602,0.017259954,0.09187982
2024-12-05 14:30:00,0.0,0.0,0.0
2024-12-05 14:35:00,0.8865118,0.07586268,0.03762551
2024-12-05 14:40:00,0.0,0.0,0.0
2024-12-05 14:45:00,0.90169928,0.0344716225,0.063829105
2024-12-05 14:50:00,0.0,0.0,0.0
2024-12-05 14:55:00,0.0,0.0,0.0
2024-12-05 15:00:00,0.0,0.0,0.0
2024-12-05 15:05:00,0.8637468,0.01651521,0.119738005
2024-12-05 15:10:00,0.0,0.0,0.0
2024-12-05 15:15:00,0.0,0.0,0.0
2024-12-05 15:20:00,0.9235826300000001,0.029052529,0.0473647985
2024-12-05 15:25:00,0.0,0.0,0.0
2024-12-05 15:30:00,0.0,0.0,0.0
2024-12-05 15:35:00,0.0,0.0,0.0
2024-12-05 15:40:00,0.0,0.0,0.0
2024-12-05 15:45:00,0.0,0.0,0.0
2024-12-05 15:50:00,0.0,0.0,0.0
2024-12-06 09:25:00,0.6948864256410257,0.13557760451282053,0.16953596651282052
2024-12-06 09:30:00,0.89061886,0.021903945,0.087477185
2024-12-06 09:35:00,0.0,0.0,0.0
2024-12-06 09:40:00,0.0,0.0,0.0
2024-12-06 09:45:00,0.83757997,0.023489513,0.13893047
2024-12-06 09:50:00,0.0,0.0,0.0
2024-12-06 09:55:00,0.0,0.0,0.0
2024-12-06 10:00:00,0.8766279,0.021199258,0.1021728
2024-12-06 10:05:00,0.0,0.0,0.0
2024-12-06 10:10:00,0.0,0.0,0.0
2024-12-06 10:15:00,0.0,0.0,0.0
2024-12-06 10:20:00,0.0,0.0,0.0
2024-12-06 10:25:00,0.0,0.0,0.0
2024-12-06 10:30:00,0.0,0.0,0.0
2024-12-06 10:35:00,0.0,0.0,0.0
2024-12-06 10:40:00,0.5260159,0.44833335,0.025650706
2024-12-06 10:45:00,0.0,0.0,0.0
2024-12-06 10:50:00,0.0,0.0,0.0
2024-12-06 10:55:00,0.0,0.0,0.0
2024-12-06 11:00:00,0.48133266,0.011124459,0.5075429
2024-12-06 11:05:00,0.89931905,0.02373728,0.07694371
2024-12-06 11:10:00,0.0,0.0,0.0
2024-12-06 11:15:00,0.9245168,0.0267537485,0.0487295065
2024-12-06 11:20:00,0.0,0.0,0.0
2024-12-06 11:25:00,0.0,0.0,0.0
2024-12-06 11:30:00,0.719357,0.24211016,0.038532812
2024-12-06 11:35:00,0.85365003,0.055046998,0.09130295
2024-12-06 11:40:00,0.0,0.0,0.0
2024-12-06 11:45:00,0.0,0.0,0.0
2024-12-06 11:50:00,0.76304716,0.03768033,0.1992725
2024-12-06 11:55:00,0.0,0.0,0.0
2024-12-06 12:00:00,0.7942923728571428,0.015022054000000002,0.1906855982857143
2024-12-06 12:05:00,0.0,0.0,0.0
2024-12-06 12:10:00,0.0,0.0,0.0
2024-12-06 12:15:00,0.8470329,0.024151235,0.128815875
2024-12-06 12:20:00,0.0,0.0,0.0
2024-12-06 12:25:00,0.40986767,0.5532437,0.03688869
2024-12-06 12:30:00,0.0,0.0,0.0
2024-12-06 12:35:00,0.0,0.0,0.0
2024-12-06 12:40:00,0.0,0.0,0.0
2024-12-06 12:45:00,0.0,0.0,0.0
2024-12-06 12:50:00,0.0,0.0,0.0
2024-12-06 12:55:00,0.0,0.0,0.0
2024-12-06 13:00:00,0.91644573,0.025384013,0.0581703
2024-12-06 13:05:00,0.0,0.0,0.0
2024-12-06 13:10:00,0.0,0.0,0.0
2024-12-06 13:15:00,0.0,0.0,0.0
2024-12-06 13:20:00,0.0,0.0,0.0
2024-12-06 13:25:00,0.0,0.0,0.0
2024-12-06 13:30:00,0.9051026,0.027020212,0.06787717
2024-12-06 13:35:00,0.0,0.0,0.0
2024-12-06 13:40:00,0.0,0.0,0.0
2024-12-06 13:45:00,0.0,0.0,0.0
2024-12-06 13:50:00,0.0,0.0,0.0
2024-12-06 13:55:00,0.0,0.0,0.0
2024-12-06 14:00:00,0.87127966,0.018228907,0.11049151
2024-12-06 14:05:00,0.0,0.0,0.0
2024-12-06 14:10:00,0.0,0.0,0.0
2024-12-06 14:15:00,0.0,0.0,0.0
2024-12-06 14:20:00,0.01608406,0.95786566,0.026050253
2024-12-06 14:25:00,0.0,0.0,0.0
2024-12-06 14:30:00,0.0,0.0,0.0
2024-12-06 14:35:00,0.0,0.0,0.0
2024-12-06 14:40:00,0.0,0.0,0.0
2024-12-06 14:45:00,0.0,0.0,0.0
2024-12-06 14:50:00,0.7388593,0.015770225,0.24537052
2024-12-06 14:55:00,0.0,0.0,0.0
2024-12-06 15:00:00,0.0,0.0,0.0
2024-12-06 15:05:00,0.0,0.0,0.0
2024-12-06 15:10:00,0.0,0.0,0.0
2024-12-06 15:15:00,0.0,0.0,0.0
2024-12-06 15:20:00,0.0,0.0,0.0
2024-12-06 15:25:00,0.0,0.0,0.0
2024-12-06 15:30:00,0.0,0.0,0.0
2024-12-06 15:35:00,0.0,0.0,0.0
2024-12-06 15:40:00,0.0,0.0,0.0
2024-12-06 15:45:00,0.0,0.0,0.0
2024-12-06 15:50:00,0.0,0.0,0.0
2024-12-09 09:25:00,0.7168989507851852,0.07733620491851853,0.20576484277777776
2024-12-09 09:30:00,0.0,0.0,0.0
2024-12-09 09:35:00,0.0,0.0,0.0
2024-12-09 09:40:00,0.73871875,0.020615637,0.24066558
2024-12-09 09:45:00,0.0,0.0,0.0
2024-12-09 09:50:00,0.0,0.0,0.0
2024-12-09 09:55:00,0.0,0.0,0.0
2024-12-09 10:00:00,0.0,0.0,0.0
2024-12-09 10:05:00,0.8953556,0.046671566,0.057972882
2024-12-09 10:10:00,0.0,0.0,0.0
2024-12-09 10:15:00,0.0,0.0,0.0
2024-12-09 10:20:00,0.0,0.0,0.0
2024-12-09 10:25:00,0.0,0.0,0.0
2024-12-09 10:30:00,0.577414,0.012648283,0.40993768
2024-12-09 10:35:00,0.59000295,0.010503615,0.39949343
2024-12-09 10:40:00,0.0,0.0,0.0
2024-12-09 10:45:00,0.0,0.0,0.0
2024-12-09 10:50:00,0.53910514,0.42272437999999996,0.0381704925
2024-12-09 10:55:00,0.0,0.0,0.0
2024-12-09 11:00:00,0.0,0.0,0.0
2024-12-09 11:05:00,0.0,0.0,0.0
2024-12-09 11:10:00,0.9301138,0.028674258,0.04121195
2024-12-09 11:15:00,0.0,0.0,0.0
2024-12-09 11:20:00,0.0,0.0,0.0
2024-12-09 11:25:00,0.0,0.0,0.0
2024-12-09 11:30:00,0.8156324,0.057964098,0.12640345
2024-12-09 11:35:00,0.0,0.0,0.0
2024-12-09 11:40:00,0.0,0.0,0.0
2024-12-09 11:45:00,0.0,0.0,0.0
2024-12-09 11:50:00,0.0,0.0,0.0
2024-12-09 11:55:00,0.0,0.0,0.0
2024-12-09 12:00:00,0.0,0.0,0.0
2024-12-09 12:05:00,0.715589,0.020304518,0.26410648
2024-12-09 12:10:00,0.0,0.0,0.0
2024-12-09 12:15:00,0.89812523,0.014842332,0.08703243
2024-12-09 12:20:00,0.0,0.0,0.0
2024-12-09 12:25:00,0.0,0.0,0.0
2024-12-09 12:30:00,0.0,0.0,0.0
2024-12-09 12:35:00,0.0,0.0,0.0
2024-12-09 12:40:00,0.0,0.0,0.0
2024-12-09 12:45:00,0.0,0.0,0.0
2024-12-09 12:50:00,0.0,0.0,0.0
2024-12-09 12:55:00,0.0,0.0,0.0
2024-12-09 13:00:00,0.0,0.0,0.0
2024-12-09 13:05:00,0.4578563,0.01444846,0.5276952
2024-12-09 13:10:00,0.0,0.0,0.0
2024-12-09 13:15:00,0.0,0.0,0.0
2024-12-09 13:20:00,0.0,0.0,0.0
2024-12-09 13:25:00,0.0,0.0,0.0
2024-12-09 13:30:00,0.0,0.0,0.0
2024-12-09 13:35:00,0.8986397,0.02493635,0.07642395
2024-12-09 13:40:00,0.0,0.0,0.0
2024-12-09 13:45:00,0.8826212,0.0266827205,0.09069606499999999
2024-12-09 13:50:00,0.0,0.0,0.0
2024-12-09 13:55:00,0.8752846,0.09542789,0.029287511
2024-12-09 14:00:00,0.7852259,0.014211879,0.2005622
2024-12-09 14:05:00,0.0,0.0,0.0
2024-12-09 14:10:00,0.9006692000000001,0.027550790999999998,0.071779979
2024-12-09 14:15:00,0.0,0.0,0.0
2024-12-09 14:20:00,0.0,0.0,0.0
2024-12-09 14:25:00,0.0,0.0,0.0
2024-12-09 14:30:00,0.0,0.0,0.0
2024-12-09 14:35:00,0.0,0.0,0.0
2024-12-09 14:40:00,0.8869625,0.07160474,0.041432805
2024-12-09 14:45:00,0.0,0.0,0.0
2024-12-09 14:50:00,0.0,0.0,0.0
2024-12-09 14:55:00,0.0,0.0,0.0
2024-12-09 15:00:00,0.7127521,0.017312564,0.26993537
2024-12-09 15:05:00,0.0,0.0,0.0
2024-12-09 15:10:00,0.0,0.0,0.0
2024-12-09 15:15:00,0.1242459,0.012066827,0.8636872
2024-12-09 15:20:00,0.0,0.0,0.0
2024-12-09 15:25:00,0.0,0.0,0.0
2024-12-09 15:30:00,0.83430624,0.013751672,0.15194209
2024-12-09 15:35:00,0.9029549,0.022883428,0.074161634
2024-12-09 15:40:00,0.0,0.0,0.0
2024-12-09 15:45:00,0.0,0.0,0.0
2024-12-09 15:50:00,0.0,0.0,0.0
2024-12-10 09:25:00,0.690049391875,0.09489192247321429,0.21505868701785716
2024-12-10 09:30:00,0.73625517,0.01518375,0.24856105
2024-12-10 09:35:00,0.0,0.0,0.0
2024-12-10 09:40:00,0.0,0.0,0.0
2024-12-10 09:45:00,0.0,0.0,0.0
2024-12-10 09:50:00,0.0,0.0,0.0
2024-12-10 09:55:00,0.0,0.0,0.0
2024-12-10 10:00:00,0.0,0.0,0.0
2024-12-10 10:05:00,0.0,0.0,0.0
2024-12-10 10:10:00,0.0,0.0,0.0
2024-12-10 10:15:00,0.0,0.0,0.0
2024-12-10 10:20:00,0.8706611,0.019153211,0.11018574
2024-12-10 10:25:00,0.0,0.0,0.0
2024-12-10 10:30:00,0.0,0.0,0.0
2024-12-10 10:35:00,0.6480563675,0.05421904625,0.297724595
2024-12-10 10:40:00,0.0,0.0,0.0
2024-12-10 10:45:00,0.8993799,0.036308303,0.06431179
2024-12-10 10:50:00,0.0,0.0,0.0
2024-12-10 10:55:00,0.0,0.0,0.0
2024-12-10 11:00:00,0.9221148,0.052103736,0.025781536
2024-12-10 11:05:00,0.0,0.0,0.0
2024-12-10 11:10:00,0.0,0.0,0.0
2024-12-10 11:15:00,0.0,0.0,0.0
2024-12-10 11:20:00,0.0,0.0,0.0
2024-12-10 11:25:00,0.89552724,0.015917256,0.08855544
2024-12-10 11:30:00,0.0,0.0,0.0
2024-12-10 11:35:00,0.0,0.0,0.0
2024-12-10 11:40:00,0.0,0.0,0.0
2024-12-10 11:45:00,0.6295175,0.01738282,0.35309964
2024-12-10 11:50:00,0.0,0.0,0.0
2024-12-10 11:55:00,0.0,0.0,0.0
2024-12-10 12:00:00,0.0,0.0,0.0
2024-12-10 12:05:00,0.0,0.0,0.0
2024-12-10 12:10:00,0.0,0.0,0.0
2024-12-10 12:15:00,0.804327215,0.0196718865,0.176000835
2024-12-10 12:20:00,0.71088475,0.010127889,0.27898738
2024-12-10 12:25:00,0.8262491,0.022653166,0.15109776
2024-12-10 12:30:00,0.0,0.0,0.0
2024-12-10 12:35:00,0.0,0.0,0.0
2024-12-10 12:40:00,0.0,0.0,0.0
2024-12-10 12:45:00,0.0,0.0,0.0
2024-12-10 12:50:00,0.0,0.0,0.0
2024-12-10 12:55:00,0.0,0.0,0.0
2024-12-10 13:00:00,0.0,0.0,0.0
2024-12-10 13:05:00,0.0,0.0,0.0
2024-12-10 13:10:00,0.0,0.0,0.0
2024-12-10 13:15:00,0.0,0.0,0.0
2024-12-10 13:20:00,0.0,0.0,0.0
2024-12-10 13:25:00,0.0,0.0,0.0
2024-12-10 13:30:00,0.57537585,0.014078752,0.41054535
2024-12-10 13:35:00,0.0,0.0,0.0
2024-12-10 13:40:00,0.0,0.0,0.0
2024-12-10 13:45:00,0.0,0.0,0.0
2024-12-10 13:50:00,0.5014762,0.47294256,0.0255812
2024-12-10 13:55:00,0.0,0.0,0.0
2024-12-10 14:00:00,0.0,0.0,0.0
2024-12-10 14:05:00,0.78267933,0.1292743462,0.0880463316
2024-12-10 14:10:00,0.0,0.0,0.0
2024-12-10 14:15:00,0.89727503,0.026539775,0.07618523
2024-12-10 14:20:00,0.7959659,0.015002779,0.18903138
2024-12-10 14:25:00,0.0,0.0,0.0
2024-12-10 14:30:00,0.0,0.0,0.0
2024-12-10 14:35:00,0.0,0.0,0.0
2024-12-10 14:40:00,0.0,0.0,0.0
2024-12-10 14:45:00,0.0,0.0,0.0
2024-12-10 14:50:00,0.5829367,0.33724964,0.07981364
2024-12-10 14:55:00,0.0,0.0,0.0
2024-12-10 15:00:00,0.0,0.0,0.0
2024-12-10 15:05:00,0.0,0.0,0.0
2024-12-10 15:10:00,0.0,0.0,0.0
2024-12-10 15:15:00,0.0,0.0,0.0
2024-12-10 15:20:00,0.0,0.0,0.0
2024-12-10 15:25:00,0.0,0.0,0.0
2024-12-10 15:30:00,0.0,0.0,0.0
2024-12-10 15:35:00,0.86627924,0.011701144,0.12201963
2024-12-10 15:40:00,0.0,0.0,0.0
2024-12-10 15:45:00,0.84897335,0.0360503445,0.114976283
2024-12-10 15:50:00,0.0,0.0,0.0
2024-12-11 09:25:00,0.6444203085714286,0.17180662747619047,0.18377306614285716
2024-12-11 09:30:00,0.89526004,0.024775067,0.079964906
2024-12-11 09:35:00,0.0,0.0,0.0
2024-12-11 09:40:00,0.0,0.0,0.0
2024-12-11 09:45:00,0.0,0.0,0.0
2024-12-11 09:50:00,0.8680998,0.0165674555,0.115332775
2024-12-11 09:55:00,0.0,0.0,0.0
2024-12-11 10:00:00,0.0,0.0,0.0
2024-12-11 10:05:00,0.0,0.0,0.0
2024-12-11 10:10:00,0.0,0.0,0.0
2024-12-11 10:15:00,0.0,0.0,0.0
2024-12-11 10:20:00,0.0,0.0,0.0
2024-12-11 10:25:00,0.0,0.0,0.0
2024-12-11 10:30:00,0.25537735,0.010980319,0.7336424
2024-12-11 10:35:00,0.0,0.0,0.0
2024-12-11 10:40:00,0.0,0.0,0.0
2024-12-11 10:45:00,0.0,0.0,0.0
2024-12-11 10:50:00,0.0,0.0,0.0
2024-12-11 10:55:00,0.0,0.0,0.0
2024-12-11 11:00:00,0.0,0.0,0.0
2024-12-11 11:05:00,0.0,0.0,0.0
2024-12-11 11:10:00,0.0,0.0,0.0
2024-12-11 11:15:00,0.0,0.0,0.0
2024-12-11 11:20:00,0.0,0.0,0.0
2024-12-11 11:25:00,0.0,0.0,0.0
2024-12-11 11:30:00,0.0,0.0,0.0
2024-12-11 11:35:00,0.0,0.0,0.0
2024-12-11 11:40:00,0.0,0.0,0.0
2024-12-11 11:45:00,0.0,0.0,0.0
2024-12-11 11:50:00,0.0,0.0,0.0
2024-12-11 11:55:00,0.0,0.0,0.0
2024-12-11 12:00:00,0.8502099,0.019741945,0.1300482
2024-12-11 12:05:00,0.0,0.0,0.0
2024-12-11 12:10:00,0.0,0.0,0.0
2024-12-11 12:15:00,0.91873235,0.039336458,0.04193119
2024-12-11 12:20:00,0.0,0.0,0.0
2024-12-11 12:25:00,0.0,0.0,0.0
2024-12-11 12:30:00,0.0,0.0,0.0
2024-12-11 12:35:00,0.0,0.0,0.0
2024-12-11 12:40:00,0.0,0.0,0.0
2024-12-11 12:45:00,0.0,0.0,0.0
2024-12-11 12:50:00,0.0,0.0,0.0
2024-12-11 12:55:00,0.0,0.0,0.0
2024-12-11 13:00:00,0.0,0.0,0.0
2024-12-11 13:05:00,0.0,0.0,0.0
2024-12-11 13:10:00,0.0,0.0,0.0
2024-12-11 13:15:00,0.0,0.0,0.0
2024-12-11 13:20:00,0.0,0.0,0.0
2024-12-11 13:25:00,0.0,0.0,0.0
2024-12-11 13:30:00,0.0,0.0,0.0
2024-12-11 13:35:00,0.0,0.0,0.0
2024-12-11 13:40:00,0.85350728,0.034953351,0.11153934
2024-12-11 13:45:00,0.0,0.0,0.0
2024-12-11 13:50:00,0.0,0.0,0.0
2024-12-11 13:55:00,0.0,0.0,0.0
2024-12-11 14:00:00,0.9286082,0.032496117,0.038895745
2024-12-11 14:05:00,0.92800858,0.0262488155,0.045742548499999994
2024-12-11 14:10:00,0.8596689399999999,0.038979329,0.1013517575
2024-12-11 14:15:00,0.89866996,0.016704092,0.084625944
2024-12-11 14:20:00,0.0,0.0,0.0
2024-12-11 14:25:00,0.0,0.0,0.0
2024-12-11 14:30:00,0.522527705,0.0169010885,0.460571185
2024-12-11 14:35:00,0.91528642,0.025200951,0.05951265833333333
2024-12-11 14:40:00,0.0,0.0,0.0
2024-12-11 14:45:00,0.80318912,0.01267428,0.1841366
2024-12-11 14:50:00,0.0,0.0,0.0
2024-12-11 14:55:00,0.0,0.0,0.0
2024-12-11 15:00:00,0.8101539,0.018985037,0.1708611
2024-12-11 15:05:00,0.873742715,0.020998525,0.10525877
2024-12-11 15:10:00,0.7186685,0.24693464,0.034396812
2024-12-11 15:15:00,0.0,0.0,0.0
2024-12-11 15:20:00,0.8463066,0.011742813,0.14195055
2024-12-11 15:25:00,0.0,0.0,0.0
2024-12-11 15:30:00,0.780689915,0.02796719,0.19134285750000002
2024-12-11 15:35:00,0.0,0.0,0.0
2024-12-11 15:40:00,0.0,0.0,0.0
2024-12-11 15:45:00,0.0,0.0,0.0
2024-12-11 15:50:00,0.0,0.0,0.0
2024-12-12 09:25:00,0.7620700421010101,0.05132611814747475,0.18660384556565657
2024-12-12 09:30:00,0.0,0.0,0.0
2024-12-12 09:35:00,0.0,0.0,0.0
2024-12-12 09:40:00,0.0,0.0,0.0
2024-12-12 09:45:00,0.0,0.0,0.0
2024-12-12 09:50:00,0.44990927,0.012494482,0.5375963
2024-12-12 09:55:00,0.0,0.0,0.0
2024-12-12 10:00:00,0.74637365,0.013744811,0.23988153
2024-12-12 10:05:00,0.88764215,0.02903047,0.08332735
2024-12-12 10:10:00,0.0,0.0,0.0
2024-12-12 10:15:00,0.0,0.0,0.0
2024-12-12 10:20:00,0.6358263,0.03023243,0.3339413
2024-12-12 10:25:00,0.0,0.0,0.0
2024-12-12 10:30:00,0.77576405,0.046527877,0.17770813
2024-12-12 10:35:00,0.0,0.0,0.0
2024-12-12 10:40:00,0.7922031,0.014857831,0.19293907
2024-12-12 10:45:00,0.0,0.0,0.0
2024-12-12 10:50:00,0.0,0.0,0.0
2024-12-12 10:55:00,0.915932,0.022561371,0.06150668
2024-12-12 11:00:00,0.8812031,0.021339498,0.09745733
2024-12-12 11:05:00,0.40390375,0.5319206,0.0641757
2024-12-12 11:10:00,0.6627541,0.30238575,0.03486015
2024-12-12 11:15:00,0.0,0.0,0.0
2024-12-12 11:20:00,0.0,0.0,0.0
2024-12-12 11:25:00,0.20861328,0.7710658,0.020320999
2024-12-12 11:30:00,0.0,0.0,0.0
2024-12-12 11:35:00,0.7584206,0.017286275,0.22429316
2024-12-12 11:40:00,0.864172625,0.026667311,0.109160045
2024-12-12 11:45:00,0.0,0.0,0.0
2024-12-12 11:50:00,0.8965132,0.026653018,0.0768338
2024-12-12 11:55:00,0.0,0.0,0.0
2024-12-12 12:00:00,0.8732739899999999,0.018915616333333333,0.10781036666666666
2024-12-12 12:05:00,0.0,0.0,0.0
2024-12-12 12:10:00,0.0,0.0,0.0
2024-12-12 12:15:00,0.910058,0.025060175,0.06488186
2024-12-12 12:20:00,0.0,0.0,0.0
2024-12-12 12:25:00,0.0,0.0,0.0
2024-12-12 12:30:00,0.5778743749999999,0.26297278,0.15915288300000002
2024-12-12 12:35:00,0.0,0.0,0.0
2024-12-12 12:40:00,0.0,0.0,0.0
2024-12-12 12:45:00,0.0,0.0,0.0
2024-12-12 12:50:00,0.8405978,0.019784318,0.13961782
2024-12-12 12:55:00,0.0,0.0,0.0
2024-12-12 13:00:00,0.87292165,0.0147009925,0.112377335
2024-12-12 13:05:00,0.0,0.0,0.0
2024-12-12 13:10:00,0.0,0.0,0.0
2024-12-12 13:15:00,0.0,0.0,0.0
2024-12-12 13:20:00,0.91409564,0.031479582,0.0544248
2024-12-12 13:25:00,0.0,0.0,0.0
2024-12-12 13:30:00,0.9258966,0.020967651,0.0531358
2024-12-12 13:35:00,0.2735153,0.012249185,0.71423554
2024-12-12 13:40:00,0.0,0.0,0.0
2024-12-12 13:45:00,0.0,0.0,0.0
2024-12-12 13:50:00,0.0,0.0,0.0
2024-12-12 13:55:00,0.0,0.0,0.0
2024-12-12 14:00:00,0.0,0.0,0.0
2024-12-12 14:05:00,0.85769546,0.01826112,0.12404349
2024-12-12 14:10:00,0.0,0.0,0.0
2024-12-12 14:15:00,0.0,0.0,0.0
2024-12-12 14:20:00,0.82947007,0.021390231,0.14913968
2024-12-12 14:25:00,0.0,0.0,0.0
2024-12-12 14:30:00,0.0,0.0,0.0
2024-12-12 14:35:00,0.0,0.0,0.0
2024-12-12 14:40:00,0.0,0.0,0.0
2024-12-12 14:45:00,0.0,0.0,0.0
2024-12-12 14:50:00,0.0,0.0,0.0
2024-12-12 14:55:00,0.0,0.0,0.0
2024-12-12 15:00:00,0.86040604,0.018437134,0.12115676
2024-12-12 15:05:00,0.7407062966666667,0.20509571933333334,0.05419798233333333
2024-12-12 15:10:00,0.90102696,0.016923096,0.08204998
2024-12-12 15:15:00,0.0,0.0,0.0
2024-12-12 15:20:00,0.0,0.0,0.0
2024-12-12 15:25:00,0.0,0.0,0.0
2024-12-12 15:30:00,0.9023436,0.026503209,0.07115321
2024-12-12 15:35:00,0.0,0.0,0.0
2024-12-12 15:40:00,0.40258877000000004,0.5537296700000001,0.0436815345
2024-12-12 15:45:00,0.0,0.0,0.0
2024-12-12 15:50:00,0.0,0.0,0.0
2024-12-13 09:25:00,0.6601494976190476,0.17144773161111113,0.16840277488888888
2024-12-13 09:30:00,0.0,0.0,0.0
2024-12-13 09:35:00,0.0,0.0,0.0
2024-12-13 09:40:00,0.0,0.0,0.0
2024-12-13 09:45:00,0.0,0.0,0.0
2024-12-13 09:50:00,0.0,0.0,0.0
2024-12-13 09:55:00,0.0,0.0,0.0
2024-12-13 10:00:00,0.8481667,0.02073592,0.13109736
2024-12-13 10:05:00,0.21375212,0.752266,0.033981867
2024-12-13 10:10:00,0.92051387,0.030330997,0.04915514
2024-12-13 10:15:00,0.0,0.0,0.0
2024-12-13 10:20:00,0.0,0.0,0.0
2024-12-13 10:25:00,0.0,0.0,0.0
2024-12-13 10:30:00,0.7592505,0.014695806,0.22605374
2024-12-13 10:35:00,0.0,0.0,0.0
2024-12-13 10:40:00,0.0,0.0,0.0
2024-12-13 10:45:00,0.0,0.0,0.0
2024-12-13 10:50:00,0.0,0.0,0.0
2024-12-13 10:55:00,0.0,0.0,0.0
2024-12-13 11:00:00,0.0,0.0,0.0
2024-12-13 11:05:00,0.0,0.0,0.0
2024-12-13 11:10:00,0.0,0.0,0.0
2024-12-13 11:15:00,0.0,0.0,0.0
2024-12-13 11:20:00,0.0,0.0,0.0
2024-12-13 11:25:00,0.0,0.0,0.0
2024-12-13 11:30:00,0.7203722,0.2410717,0.038556132
2024-12-13 11:35:00,0.0,0.0,0.0
2024-12-13 11:40:00,0.0,0.0,0.0
2024-12-13 11:45:00,0.0,0.0,0.0
2024-12-13 11:50:00,0.888547,0.024422148,0.08703087
2024-12-13 11:55:00,0.0,0.0,0.0
2024-12-13 12:00:00,0.8316757,0.015025371,0.15329896
2024-12-13 12:05:00,0.80810905,0.015905047,0.17598593
2024-12-13 12:10:00,0.5451276,0.40969068,0.04518176
2024-12-13 12:15:00,0.0,0.0,0.0
2024-12-13 12:20:00,0.0,0.0,0.0
2024-12-13 12:25:00,0.0,0.0,0.0
2024-12-13 12:30:00,0.0,0.0,0.0
2024-12-13 12:35:00,0.0,0.0,0.0
2024-12-13 12:40:00,0.0,0.0,0.0
2024-12-13 12:45:00,0.0,0.0,0.0
2024-12-13 12:50:00,0.17784038,0.80611664,0.016042981
2024-12-13 12:55:00,0.9472681,0.025230963,0.027500838
2024-12-13 13:00:00,0.69687104,0.014807837,0.28832117
2024-12-13 13:05:00,0.7168777,0.08472339,0.19839896
2024-12-13 13:10:00,0.0,0.0,0.0
2024-12-13 13:15:00,0.0,0.0,0.0
2024-12-13 13:20:00,0.28903142,0.011272551,0.699696
2024-12-13 13:25:00,0.0,0.0,0.0
2024-12-13 13:30:00,0.0,0.0,0.0
2024-12-13 13:35:00,0.82619145,0.0163696995,0.15743886499999998
2024-12-13 13:40:00,0.32897362,0.028686034,0.6423403
2024-12-13 13:45:00,0.0,0.0,0.0
2024-12-13 13:50:00,0.0,0.0,0.0
2024-12-13 13:55:00,0.84261507,0.011988807,0.14539608
2024-12-13 14:00:00,0.0,0.0,0.0
2024-12-13 14:05:00,0.0,0.0,0.0
2024-12-13 14:10:00,0.86489284,0.017310586,0.11779652
2024-12-13 14:15:00,0.41056374,0.56166285,0.027773466
2024-12-13 14:20:00,0.8975685,0.029815651,0.07261588
2024-12-13 14:25:00,0.852532,0.0122397235,0.1352283
2024-12-13 14:30:00,0.0,0.0,0.0
2024-12-13 14:35:00,0.0,0.0,0.0
2024-12-13 14:40:00,0.2541016,0.71066785,0.03523061
2024-12-13 14:45:00,0.0,0.0,0.0
2024-12-13 14:50:00,0.0,0.0,0.0
2024-12-13 14:55:00,0.0,0.0,0.0
2024-12-13 15:00:00,0.0,0.0,0.0
2024-12-13 15:05:00,0.8537972,0.013982389,0.1322204
2024-12-13 15:10:00,0.0,0.0,0.0
2024-12-13 15:15:00,0.8936353,0.051846057,0.054518617
2024-12-13 15:20:00,0.0,0.0,0.0
2024-12-13 15:25:00,0.0,0.0,0.0
2024-12-13 15:30:00,0.8906484,0.024725663,0.08462592
2024-12-13 15:35:00,0.0,0.0,0.0
2024-12-13 15:40:00,0.0,0.0,0.0
2024-12-13 15:45:00,0.0,0.0,0.0
2024-12-13 15:50:00,0.6399085,0.17742471,0.18266681
2024-12-16 09:25:00,0.6666263729863945,0.1007698342414966,0.23260379276870746
2024-12-16 09:30:00,0.41024311,0.13302140675,0.456735495
2024-12-16 09:35:00,0.45290226666666666,0.20143620983333335,0.34566151
2024-12-16 09:40:00,0.0,0.0,0.0
2024-12-16 09:45:00,0.0,0.0,0.0
2024-12-16 09:50:00,0.64142373,0.026853671000000003,0.33172261999999997
2024-12-16 09:55:00,0.0,0.0,0.0
2024-12-16 10:00:00,0.0,0.0,0.0
2024-12-16 10:05:00,0.9054319900000001,0.021757025,0.0728110075
2024-12-16 10:10:00,0.8812001,0.040870752,0.07792915
2024-12-16 10:15:00,0.0,0.0,0.0
2024-12-16 10:20:00,0.0,0.0,0.0
2024-12-16 10:25:00,0.8522365999999999,0.018407696,0.12935564
2024-12-16 10:30:00,0.0,0.0,0.0
2024-12-16 10:35:00,0.0,0.0,0.0
2024-12-16 10:40:00,0.0,0.0,0.0
2024-12-16 10:45:00,0.0,0.0,0.0
2024-12-16 10:50:00,0.65352696,0.08141403,0.26505896
2024-12-16 10:55:00,0.0,0.0,0.0
2024-12-16 11:00:00,0.0,0.0,0.0
2024-12-16 11:05:00,0.0,0.0,0.0
2024-12-16 11:10:00,0.8562205,0.021137075,0.1226424
2024-12-16 11:15:00,0.0,0.0,0.0
2024-12-16 11:20:00,0.0,0.0,0.0
2024-12-16 11:25:00,0.1330594,0.009872632,0.857068
2024-12-16 11:30:00,0.554703035,0.019167437,0.426129545
2024-12-16 11:35:00,0.0,0.0,0.0
2024-12-16 11:40:00,0.0,0.0,0.0
2024-12-16 11:45:00,0.0,0.0,0.0
2024-12-16 11:50:00,0.0,0.0,0.0
2024-12-16 11:55:00,0.0,0.0,0.0
2024-12-16 12:00:00,0.0,0.0,0.0
2024-12-16 12:05:00,0.25180277,0.023557993,0.72463924
2024-12-16 12:10:00,0.8981627,0.021370437,0.08046688
2024-12-16 12:15:00,0.0,0.0,0.0
2024-12-16 12:20:00,0.0,0.0,0.0
2024-12-16 12:25:00,0.90695107,0.023198888,0.06985002
2024-12-16 12:30:00,0.0,0.0,0.0
2024-12-16 12:35:00,0.0,0.0,0.0
2024-12-16 12:40:00,0.9173741,0.021258194,0.061367705
2024-12-16 12:45:00,0.546133835,0.016811274,0.437054923
2024-12-16 12:50:00,0.0,0.0,0.0
2024-12-16 12:55:00,0.0,0.0,0.0
2024-12-16 13:00:00,0.0,0.0,0.0
2024-12-16 13:05:00,0.8996751,0.027888525,0.07243645
2024-12-16 13:10:00,0.0,0.0,0.0
2024-12-16 13:15:00,0.0,0.0,0.0
2024-12-16 13:20:00,0.0,0.0,0.0
2024-12-16 13:25:00,0.0,0.0,0.0
2024-12-16 13:30:00,0.0,0.0,0.0
2024-12-16 13:35:00,0.0,0.0,0.0
2024-12-16 13:40:00,0.0,0.0,0.0
2024-12-16 13:45:00,0.0,0.0,0.0
2024-12-16 13:50:00,0.0,0.0,0.0
2024-12-16 13:55:00,0.0,0.0,0.0
2024-12-16 14:00:00,0.0,0.0,0.0
2024-12-16 14:05:00,0.0,0.0,0.0
2024-12-16 14:10:00,0.0,0.0,0.0
2024-12-16 14:15:00,0.8960301,0.027065134,0.07690474
2024-12-16 14:20:00,0.0,0.0,0.0
2024-12-16 14:25:00,0.0,0.0,0.0
2024-12-16 14:30:00,0.84707848,0.050325140000000004,0.10259636
2024-12-16 14:35:00,0.9160039449999999,0.0515647585,0.032431311500000004
2024-12-16 14:40:00,0.91871655,0.026269797,0.055013597
2024-12-16 14:45:00,0.0,0.0,0.0
2024-12-16 14:50:00,0.0,0.0,0.0
2024-12-16 14:55:00,0.0,0.0,0.0
2024-12-16 15:00:00,0.0,0.0,0.0
2024-12-16 15:05:00,0.8035804,0.028391253,0.16802838
2024-12-16 15:10:00,0.0,0.0,0.0
2024-12-16 15:15:00,0.0,0.0,0.0
2024-12-16 15:20:00,0.794126,0.020389362,0.18548466
2024-12-16 15:25:00,0.0,0.0,0.0
2024-12-16 15:30:00,0.0,0.0,0.0
2024-12-16 15:35:00,0.0,0.0,0.0
2024-12-16 15:40:00,0.87468684,0.057802405,0.06751077
2024-12-16 15:45:00,0.85177094,0.023223525,0.12500556
2024-12-16 15:50:00,0.0,0.0,0.0
2024-12-17 09:25:00,0.733381423704918,0.10025960386885245,0.166358976
2024-12-17 09:30:00,0.90976954,0.0199563,0.07027423
2024-12-17 09:35:00,0.65224504,0.015008282,0.33274665
2024-12-17 09:40:00,0.0,0.0,0.0
2024-12-17 09:45:00,0.0,0.0,0.0
2024-12-17 09:50:00,0.72255325,0.020191278,0.25725543
2024-12-17 09:55:00,0.0,0.0,0.0
2024-12-17 10:00:00,0.0,0.0,0.0
2024-12-17 10:05:00,0.0,0.0,0.0
2024-12-17 10:10:00,0.0,0.0,0.0
2024-12-17 10:15:00,0.915425,0.020315543,0.06425944
2024-12-17 10:20:00,0.0,0.0,0.0
2024-12-17 10:25:00,0.0,0.0,0.0
2024-12-17 10:30:00,0.8443397,0.048349835,0.10731049
2024-12-17 10:35:00,0.0,0.0,0.0
2024-12-17 10:40:00,0.0,0.0,0.0
2024-12-17 10:45:00,0.0,0.0,0.0
2024-12-17 10:50:00,0.0,0.0,0.0
2024-12-17 10:55:00,0.0,0.0,0.0
2024-12-17 11:00:00,0.0,0.0,0.0
2024-12-17 11:05:00,0.439056665,0.4927275025,0.06821589
2024-12-17 11:10:00,0.0,0.0,0.0
2024-12-17 11:15:00,0.0,0.0,0.0
2024-12-17 11:20:00,0.88161844,0.022257622,0.09612396
2024-12-17 11:25:00,0.0,0.0,0.0
2024-12-17 11:30:00,0.0,0.0,0.0
2024-12-17 11:35:00,0.0,0.0,0.0
2024-12-17 11:40:00,0.8306578,0.031755995,0.13758618
2024-12-17 11:45:00,0.0,0.0,0.0
2024-12-17 11:50:00,0.0,0.0,0.0
2024-12-17 11:55:00,0.0,0.0,0.0
2024-12-17 12:00:00,0.0,0.0,0.0
2024-12-17 12:05:00,0.0,0.0,0.0
2024-12-17 12:10:00,0.0,0.0,0.0
2024-12-17 12:15:00,0.0,0.0,0.0
2024-12-17 12:20:00,0.9159552,0.020429416,0.06361535
2024-12-17 12:25:00,0.0,0.0,0.0
2024-12-17 12:30:00,0.0,0.0,0.0
2024-12-17 12:35:00,0.8575201,0.034649853,0.107830055
2024-12-17 12:40:00,0.0,0.0,0.0
2024-12-17 12:45:00,0.0,0.0,0.0
2024-12-17 12:50:00,0.0,0.0,0.0
2024-12-17 12:55:00,0.0,0.0,0.0
2024-12-17 13:00:00,0.876554185,0.027632704,0.09581313
2024-12-17 13:05:00,0.060817495,0.9279179,0.011264594
2024-12-17 13:10:00,0.0,0.0,0.0
2024-12-17 13:15:00,0.0,0.0,0.0
2024-12-17 13:20:00,0.0,0.0,0.0
2024-12-17 13:25:00,0.0,0.0,0.0
2024-12-17 13:30:00,0.0,0.0,0.0
2024-12-17 13:35:00,0.0,0.0,0.0
2024-12-17 13:40:00,0.0,0.0,0.0
2024-12-17 13:45:00,0.8723455,0.08088784,0.046766598
2024-12-17 13:50:00,0.0,0.0,0.0
2024-12-17 13:55:00,0.0,0.0,0.0
2024-12-17 14:00:00,0.0,0.0,0.0
2024-12-17 14:05:00,0.0,0.0,0.0
2024-12-17 14:10:00,0.0,0.0,0.0
2024-12-17 14:15:00,0.3637222,0.018720115,0.6175577
2024-12-17 14:20:00,0.0,0.0,0.0
2024-12-17 14:25:00,0.0,0.0,0.0
2024-12-17 14:30:00,0.0,0.0,0.0
2024-12-17 14:35:00,0.0,0.0,0.0
2024-12-17 14:40:00,0.0,0.0,0.0
2024-12-17 14:45:00,0.0,0.0,0.0
2024-12-17 14:50:00,0.0,0.0,0.0
2024-12-17 14:55:00,0.0,0.0,0.0
2024-12-17 15:00:00,0.9055599599999999,0.0168791705,0.0775608585
2024-12-17 15:05:00,0.89449984,0.030194249,0.07530591
2024-12-17 15:10:00,0.0,0.0,0.0
2024-12-17 15:15:00,0.4943907,0.015251621,0.49035767
2024-12-17 15:20:00,0.0,0.0,0.0
2024-12-17 15:25:00,0.0,0.0,0.0
2024-12-17 15:30:00,0.87442077,0.026933103,0.09864613
2024-12-17 15:35:00,0.0,0.0,0.0
2024-12-17 15:40:00,0.0,0.0,0.0
2024-12-17 15:45:00,0.0,0.0,0.0
2024-12-17 15:50:00,0.8760252,0.014706002,0.10926877
2024-12-18 09:25:00,0.6446414012745098,0.14629819821568626,0.20906041033333334
2024-12-18 09:30:00,0.0,0.0,0.0
2024-12-18 09:35:00,0.0,0.0,0.0
2024-12-18 09:40:00,0.0,0.0,0.0
2024-12-18 09:45:00,0.0,0.0,0.0
2024-12-18 09:50:00,0.0,0.0,0.0
2024-12-18 09:55:00,0.0,0.0,0.0
2024-12-18 10:00:00,0.0,0.0,0.0
2024-12-18 10:05:00,0.0,0.0,0.0
2024-12-18 10:10:00,0.0,0.0,0.0
2024-12-18 10:15:00,0.0,0.0,0.0
2024-12-18 10:20:00,0.0,0.0,0.0
2024-12-18 10:25:00,0.880418,0.01837232,0.10120962
2024-12-18 10:30:00,0.0,0.0,0.0
2024-12-18 10:35:00,0.9119541,0.025908504,0.062137388
2024-12-18 10:40:00,0.0,0.0,0.0
2024-12-18 10:45:00,0.0,0.0,0.0
2024-12-18 10:50:00,0.0,0.0,0.0
2024-12-18 10:55:00,0.0,0.0,0.0
2024-12-18 11:00:00,0.0,0.0,0.0
2024-12-18 11:05:00,0.90543985,0.023340411,0.0712197
2024-12-18 11:10:00,0.0,0.0,0.0
2024-12-18 11:15:00,0.0,0.0,0.0
2024-12-18 11:20:00,0.7416015,0.011256469,0.24714197
2024-12-18 11:25:00,0.0,0.0,0.0
2024-12-18 11:30:00,0.0,0.0,0.0
2024-12-18 11:35:00,0.0,0.0,0.0
2024-12-18 11:40:00,0.0,0.0,0.0
2024-12-18 11:45:00,0.0,0.0,0.0
2024-12-18 11:50:00,0.85080993,0.06334918,0.085840866
2024-12-18 11:55:00,0.0,0.0,0.0
2024-12-18 12:00:00,0.0,0.0,0.0
2024-12-18 12:05:00,0.057900462,0.92819667,0.013902954
2024-12-18 12:10:00,0.27094042,0.69208086,0.036978792
2024-12-18 12:15:00,0.0,0.0,0.0
2024-12-18 12:20:00,0.0,0.0,0.0
2024-12-18 12:25:00,0.0,0.0,0.0
2024-12-18 12:30:00,0.0,0.0,0.0
2024-12-18 12:35:00,0.87504935,0.08366141,0.041289233
2024-12-18 12:40:00,0.44926137,0.014790899,0.5359477
2024-12-18 12:45:00,0.88126657,0.069577548,0.0491559095
2024-12-18 12:50:00,0.0,0.0,0.0
2024-12-18 12:55:00,0.0,0.0,0.0
2024-12-18 13:00:00,0.0,0.0,0.0
2024-12-18 13:05:00,0.0,0.0,0.0
2024-12-18 13:10:00,0.0,0.0,0.0
2024-12-18 13:15:00,0.0,0.0,0.0
2024-12-18 13:20:00,0.67229813,0.01506318,0.31263873
2024-12-18 13:25:00,0.0,0.0,0.0
2024-12-18 13:30:00,0.0,0.0,0.0
2024-12-18 13:35:00,0.0,0.0,0.0
2024-12-18 13:40:00,0.0,0.0,0.0
2024-12-18 13:45:00,0.0,0.0,0.0
2024-12-18 13:50:00,0.0,0.0,0.0
2024-12-18 13:55:00,0.0,0.0,0.0
2024-12-18 14:00:00,0.14113358,0.02155502,0.83731145
2024-12-18 14:05:00,0.0,0.0,0.0
2024-12-18 14:10:00,0.884664,0.021444598,0.09389142
2024-12-18 14:15:00,0.0,0.0,0.0
2024-12-18 14:20:00,0.9189098,0.034877017,0.046213154
2024-12-18 14:25:00,0.92112654,0.04578744,0.03308609
2024-12-18 14:30:00,0.88455373,0.015164178,0.100282066
2024-12-18 14:35:00,0.7977966,0.17574681,0.026456594
2024-12-18 14:40:00,0.0,0.0,0.0
2024-12-18 14:45:00,0.0,0.0,0.0
2024-12-18 14:50:00,0.0,0.0,0.0
2024-12-18 14:55:00,0.0,0.0,0.0
2024-12-18 15:00:00,0.0,0.0,0.0
2024-12-18 15:05:00,0.0,0.0,0.0
2024-12-18 15:10:00,0.0,0.0,0.0
2024-12-18 15:15:00,0.0,0.0,0.0
2024-12-18 15:20:00,0.0,0.0,0.0
2024-12-18 15:25:00,0.0,0.0,0.0
2024-12-18 15:30:00,0.76097393,0.18304895,0.055977173
2024-12-18 15:35:00,0.0,0.0,0.0
2024-12-18 15:40:00,0.0,0.0,0.0
2024-12-18 15:45:00,0.90985835,0.022925122,0.06721651
2024-12-18 15:50:00,0.0,0.0,0.0
2024-12-19 09:25:00,0.629771689245283,0.16095119445283018,0.20927712071698112
2024-12-19 09:30:00,0.64869623,0.0719247685,0.2793790125
2024-12-19 09:35:00,0.0,0.0,0.0
2024-12-19 09:40:00,0.5574176,0.21621327,0.22636917
2024-12-19 09:45:00,0.0,0.0,0.0
2024-12-19 09:50:00,0.0,0.0,0.0
2024-12-19 09:55:00,0.8981624,0.026403194,0.07543438
2024-12-19 10:00:00,0.89455023,0.017141767500000002,0.088307975
2024-12-19 10:05:00,0.0,0.0,0.0
2024-12-19 10:10:00,0.0,0.0,0.0
2024-12-19 10:15:00,0.0,0.0,0.0
2024-12-19 10:20:00,0.0,0.0,0.0
2024-12-19 10:25:00,0.0,0.0,0.0
2024-12-19 10:30:00,0.0,0.0,0.0
2024-12-19 10:35:00,0.0,0.0,0.0
2024-12-19 10:40:00,0.0,0.0,0.0
2024-12-19 10:45:00,0.0,0.0,0.0
2024-12-19 10:50:00,0.0,0.0,0.0
2024-12-19 10:55:00,0.0,0.0,0.0
2024-12-19 11:00:00,0.0,0.0,0.0
2024-12-19 11:05:00,0.0,0.0,0.0
2024-12-19 11:10:00,0.90454274,0.029877292,0.065579996
2024-12-19 11:15:00,0.0,0.0,0.0
2024-12-19 11:20:00,0.0,0.0,0.0
2024-12-19 11:25:00,0.0,0.0,0.0
2024-12-19 11:30:00,0.3924758,0.0116968565,0.5958273
2024-12-19 11:35:00,0.8868189,0.012413911,0.10076718
2024-12-19 11:40:00,0.9069935,0.039969906,0.053036585
2024-12-19 11:45:00,0.0,0.0,0.0
2024-12-19 11:50:00,0.0,0.0,0.0
2024-12-19 11:55:00,0.0,0.0,0.0
2024-12-19 12:00:00,0.0,0.0,0.0
2024-12-19 12:05:00,0.0,0.0,0.0
2024-12-19 12:10:00,0.0,0.0,0.0
2024-12-19 12:15:00,0.0,0.0,0.0
2024-12-19 12:20:00,0.0,0.0,0.0
2024-12-19 12:25:00,0.0,0.0,0.0
2024-12-19 12:30:00,0.80593817,0.028520013,0.16554185999999999
2024-12-19 12:35:00,0.0,0.0,0.0
2024-12-19 12:40:00,0.0,0.0,0.0
2024-12-19 12:45:00,0.0,0.0,0.0
2024-12-19 12:50:00,0.0,0.0,0.0
2024-12-19 12:55:00,0.0,0.0,0.0
2024-12-19 13:00:00,0.0,0.0,0.0
2024-12-19 13:05:00,0.0,0.0,0.0
2024-12-19 13:10:00,0.0,0.0,0.0
2024-12-19 13:15:00,0.0,0.0,0.0
2024-12-19 13:20:00,0.0,0.0,0.0
2024-12-19 13:25:00,0.841066,0.03575193,0.12318211
2024-12-19 13:30:00,0.745637565,0.011157792,0.243204635
2024-12-19 13:35:00,0.8830322,0.011548498,0.105419315
2024-12-19 13:40:00,0.049169965,0.7525638,0.19826628
2024-12-19 13:45:00,0.0,0.0,0.0
2024-12-19 13:50:00,0.0,0.0,0.0
2024-12-19 13:55:00,0.0,0.0,0.0
2024-12-19 14:00:00,0.8164587,0.017378394,0.16616291
2024-12-19 14:05:00,0.0,0.0,0.0
2024-12-19 14:10:00,0.0,0.0,0.0
2024-12-19 14:15:00,0.4422252,0.5210067,0.036768112
2024-12-19 14:20:00,0.0,0.0,0.0
2024-12-19 14:25:00,0.8160856,0.03107303,0.15284139
2024-12-19 14:30:00,0.0,0.0,0.0
2024-12-19 14:35:00,0.0,0.0,0.0
2024-12-19 14:40:00,0.47309804,0.012570052,0.51433194
2024-12-19 14:45:00,0.82829636,0.03365901,0.13804458
2024-12-19 14:50:00,0.0,0.0,0.0
2024-12-19 14:55:00,0.0,0.0,0.0
2024-12-19 15:00:00,0.0,0.0,0.0
2024-12-19 15:05:00,0.0,0.0,0.0
2024-12-19 15:10:00,0.0,0.0,0.0
2024-12-19 15:15:00,0.0,0.0,0.0
2024-12-19 15:20:00,0.0,0.0,0.0
2024-12-19 15:25:00,0.0,0.0,0.0
2024-12-19 15:30:00,0.0,0.0,0.0
2024-12-19 15:35:00,0.80433404,0.029238679,0.16642727
2024-12-19 15:40:00,0.0,0.0,0.0
2024-12-19 15:45:00,0.0,0.0,0.0
2024-12-19 15:50:00,0.0,0.0,0.0
2024-12-20 09:25:00,0.6842131026829268,0.10794274845121953,0.20784414470731707
2024-12-20 09:30:00,0.1255055,0.8619787,0.012515794
2024-12-20 09:35:00,0.0,0.0,0.0
2024-12-20 09:40:00,0.0,0.0,0.0
2024-12-20 09:45:00,0.5678246,0.4059945,0.026180899
2024-12-20 09:50:00,0.0,0.0,0.0
2024-12-20 09:55:00,0.0,0.0,0.0
2024-12-20 10:00:00,0.0,0.0,0.0
2024-12-20 10:05:00,0.8169752,0.022982216,0.16004264
2024-12-20 10:10:00,0.037932355,0.9206963,0.04137121
2024-12-20 10:15:00,0.0,0.0,0.0
2024-12-20 10:20:00,0.0,0.0,0.0
2024-12-20 10:25:00,0.080345646,0.09619786,0.82345647
2024-12-20 10:30:00,0.0,0.0,0.0
2024-12-20 10:35:00,0.0,0.0,0.0
2024-12-20 10:40:00,0.0,0.0,0.0
2024-12-20 10:45:00,0.0,0.0,0.0
2024-12-20 10:50:00,0.051854566,0.91513604,0.033009343
2024-12-20 10:55:00,0.0,0.0,0.0
2024-12-20 11:00:00,0.90332437,0.026910206,0.0697654
2024-12-20 11:05:00,0.0,0.0,0.0
2024-12-20 11:10:00,0.0,0.0,0.0
2024-12-20 11:15:00,0.0,0.0,0.0
2024-12-20 11:20:00,0.0,0.0,0.0
2024-12-20 11:25:00,0.0,0.0,0.0
2024-12-20 11:30:00,0.7196911,0.24176832,0.038540605
2024-12-20 11:35:00,0.8442545,0.020449985,0.13529555
2024-12-20 11:40:00,0.0,0.0,0.0
2024-12-20 11:45:00,0.71340185,0.014235098,0.27236304
2024-12-20 11:50:00,0.0,0.0,0.0
2024-12-20 11:55:00,0.0,0.0,0.0
2024-12-20 12:00:00,0.0,0.0,0.0
2024-12-20 12:05:00,0.0,0.0,0.0
2024-12-20 12:10:00,0.0,0.0,0.0
2024-12-20 12:15:00,0.9229282,0.03522886,0.041842982
2024-12-20 12:20:00,0.0,0.0,0.0
2024-12-20 12:25:00,0.0,0.0,0.0
2024-12-20 12:30:00,0.0,0.0,0.0
2024-12-20 12:35:00,0.0,0.0,0.0
2024-12-20 12:40:00,0.0,0.0,0.0
2024-12-20 12:45:00,0.5113814066666666,0.35636666666666666,0.13225190033333334
2024-12-20 12:50:00,0.0,0.0,0.0
2024-12-20 12:55:00,0.0,0.0,0.0
2024-12-20 13:00:00,0.66322713,0.26339085,0.0733820295
2024-12-20 13:05:00,0.0,0.0,0.0
2024-12-20 13:10:00,0.0,0.0,0.0
2024-12-20 13:15:00,0.8567675,0.016931327666666666,0.12630118666666668
2024-12-20 13:20:00,0.0,0.0,0.0
2024-12-20 13:25:00,0.86188716,0.02969013,0.10842277
2024-12-20 13:30:00,0.9131522,0.022521017,0.06432674
2024-12-20 13:35:00,0.0,0.0,0.0
2024-12-20 13:40:00,0.0,0.0,0.0
2024-12-20 13:45:00,0.0,0.0,0.0
2024-12-20 13:50:00,0.8950108,0.017722312,0.08726681
2024-12-20 13:55:00,0.0,0.0,0.0
2024-12-20 14:00:00,0.0,0.0,0.0
2024-12-20 14:05:00,0.0,0.0,0.0
2024-12-20 14:10:00,0.0,0.0,0.0
2024-12-20 14:15:00,0.73081716,0.015767494333333337,0.2534153533333333
2024-12-20 14:20:00,0.82598628,0.0158853075,0.1581284
2024-12-20 14:25:00,0.0,0.0,0.0
2024-12-20 14:30:00,0.0,0.0,0.0
2024-12-20 14:35:00,0.0,0.0,0.0
2024-12-20 14:40:00,0.0,0.0,0.0
2024-12-20 14:45:00,0.0,0.0,0.0
2024-12-20 14:50:00,0.0,0.0,0.0
2024-12-20 14:55:00,0.0,0.0,0.0
2024-12-20 15:00:00,0.915277,0.035240274,0.049482767
2024-12-20 15:05:00,0.8989927,0.021646176,0.07936114
2024-12-20 15:10:00,0.0,0.0,0.0
2024-12-20 15:15:00,0.0,0.0,0.0
2024-12-20 15:20:00,0.0,0.0,0.0
2024-12-20 15:25:00,0.0,0.0,0.0
2024-12-20 15:30:00,0.27461447,0.0276353845,0.69775016
2024-12-20 15:35:00,0.0,0.0,0.0
2024-12-20 15:40:00,0.0,0.0,0.0
2024-12-20 15:45:00,0.17711732,0.53525114,0.2876316
2024-12-20 15:50:00,0.8351073,0.011364738,0.15352795
2024-12-23 09:25:00,0.6627725459485294,0.10643380006985294,0.23079365426470588
2024-12-23 09:30:00,0.8569875,0.012895928,0.13011663
2024-12-23 09:35:00,0.0,0.0,0.0
2024-12-23 09:40:00,0.8771386,0.023236152,0.099625275
2024-12-23 09:45:00,0.0,0.0,0.0
2024-12-23 09:50:00,0.80755556,0.03415309,0.15829132
2024-12-23 09:55:00,0.0,0.0,0.0
2024-12-23 10:00:00,0.0,0.0,0.0
2024-12-23 10:05:00,0.56212294,0.01849142,0.4193856
2024-12-23 10:10:00,0.0,0.0,0.0
2024-12-23 10:15:00,0.87207062,0.019834723999999998,0.10809463250000001
2024-12-23 10:20:00,0.0,0.0,0.0
2024-12-23 10:25:00,0.0,0.0,0.0
2024-12-23 10:30:00,0.0,0.0,0.0
2024-12-23 10:35:00,0.90965366,0.021919167,0.068427175
2024-12-23 10:40:00,0.0,0.0,0.0
2024-12-23 10:45:00,0.0,0.0,0.0
2024-12-23 10:50:00,0.0,0.0,0.0
2024-12-23 10:55:00,0.0,0.0,0.0
2024-12-23 11:00:00,0.0,0.0,0.0
2024-12-23 11:05:00,0.58003336,0.01192379,0.40804282
2024-12-23 11:10:00,0.670442,0.061106347,0.268451675
2024-12-23 11:15:00,0.0,0.0,0.0
2024-12-23 11:20:00,0.0,0.0,0.0
2024-12-23 11:25:00,0.0,0.0,0.0
2024-12-23 11:30:00,0.0,0.0,0.0
2024-12-23 11:35:00,0.0,0.0,0.0
2024-12-23 11:40:00,0.0,0.0,0.0
2024-12-23 11:45:00,0.0,0.0,0.0
2024-12-23 11:50:00,0.0,0.0,0.0
2024-12-23 11:55:00,0.90201676,0.061019912,0.036963332
2024-12-23 12:00:00,0.82058275,0.015293697,0.16412355
2024-12-23 12:05:00,0.0,0.0,0.0
2024-12-23 12:10:00,0.88945836,0.07955582,0.03098584
2024-12-23 12:15:00,0.046004437,0.011920202,0.9420753
2024-12-23 12:20:00,0.0,0.0,0.0
2024-12-23 12:25:00,0.0,0.0,0.0
2024-12-23 12:30:00,0.0,0.0,0.0
2024-12-23 12:35:00,0.0,0.0,0.0
2024-12-23 12:40:00,0.62145592,0.24727877,0.131265361
2024-12-23 12:45:00,0.87241167,0.02977499,0.097813405
2024-12-23 12:50:00,0.88435877,0.020477291,0.095163905
2024-12-23 12:55:00,0.0,0.0,0.0
2024-12-23 13:00:00,0.8476848,0.018806932,0.13350827
2024-12-23 13:05:00,0.71454597,0.2551032,0.030350868
2024-12-23 13:10:00,0.0,0.0,0.0
2024-12-23 13:15:00,0.0,0.0,0.0
2024-12-23 13:20:00,0.0,0.0,0.0
2024-12-23 13:25:00,0.0,0.0,0.0
2024-12-23 13:30:00,0.0,0.0,0.0
2024-12-23 13:35:00,0.0,0.0,0.0
2024-12-23 13:40:00,0.0,0.0,0.0
2024-12-23 13:45:00,0.0,0.0,0.0
2024-12-23 13:50:00,0.8086522,0.04823622,0.14311154
2024-12-23 13:55:00,0.0,0.0,0.0
2024-12-23 14:00:00,0.0,0.0,0.0
2024-12-23 14:05:00,0.0,0.0,0.0
2024-12-23 14:10:00,0.0,0.0,0.0
2024-12-23 14:15:00,0.8729011,0.021574937,0.105524
2024-12-23 14:20:00,0.0,0.0,0.0
2024-12-23 14:25:00,0.0,0.0,0.0
2024-12-23 14:30:00,0.0,0.0,0.0
2024-12-23 14:35:00,0.0,0.0,0.0
2024-12-23 14:40:00,0.6972495350000001,0.17260743,0.13014304599999998
2024-12-23 14:45:00,0.5679005,0.39916444,0.032935016
2024-12-23 14:50:00,0.0,0.0,0.0
2024-12-23 14:55:00,0.880398,0.07203661,0.047565363
2024-12-23 15:00:00,0.69063836,0.014083742,0.29527786
2024-12-23 15:05:00,0.0,0.0,0.0
2024-12-23 15:10:00,0.0,0.0,0.0
2024-12-23 15:15:00,0.0,0.0,0.0
2024-12-23 15:20:00,0.0,0.0,0.0
2024-12-23 15:25:00,0.6628612,0.30413824,0.033000547
2024-12-23 15:30:00,0.5529105,0.3837908,0.06329868
2024-12-23 15:35:00,0.0,0.0,0.0
2024-12-23 15:40:00,0.0,0.0,0.0
2024-12-23 15:45:00,0.0,0.0,0.0
2024-12-23 15:50:00,0.88754636,0.025731526,0.08672208
2024-12-24 09:25:00,0.6768593717627118,0.10549331069491526,0.21764730716949152
2024-12-24 09:30:00,0.0,0.0,0.0
2024-12-24 09:35:00,0.88126796,0.02933664,0.08939541
2024-12-24 09:40:00,0.0,0.0,0.0
2024-12-24 09:45:00,0.0,0.0,0.0
2024-12-24 09:50:00,0.0,0.0,0.0
2024-12-24 09:55:00,0.0,0.0,0.0
2024-12-24 10:00:00,0.0,0.0,0.0
2024-12-24 10:05:00,0.0,0.0,0.0
2024-12-24 10:10:00,0.0,0.0,0.0
2024-12-24 10:15:00,0.0,0.0,0.0
2024-12-24 10:20:00,0.7533492,0.028942542,0.21770824
2024-12-24 10:25:00,0.0,0.0,0.0
2024-12-24 10:30:00,0.0,0.0,0.0
2024-12-24 10:35:00,0.5126589,0.012465353,0.4748757
2024-12-24 10:40:00,0.0,0.0,0.0
2024-12-24 10:45:00,0.0,0.0,0.0
2024-12-24 10:50:00,0.0,0.0,0.0
2024-12-24 10:55:00,0.0,0.0,0.0
2024-12-24 11:00:00,0.34280637,0.02198524,0.6352084
2024-12-24 11:05:00,0.0,0.0,0.0
2024-12-24 11:10:00,0.0,0.0,0.0
2024-12-24 11:15:00,0.0,0.0,0.0
2024-12-24 11:20:00,0.0,0.0,0.0
2024-12-24 11:25:00,0.0,0.0,0.0
2024-12-24 11:30:00,0.0,0.0,0.0
2024-12-24 11:35:00,0.86652744,0.02437943,0.10909316
2024-12-24 11:40:00,0.0,0.0,0.0
2024-12-24 11:45:00,0.71152824,0.22663546,0.061836276
2024-12-24 11:50:00,0.0,0.0,0.0
2024-12-24 11:55:00,0.0,0.0,0.0
2024-12-24 12:00:00,0.0,0.0,0.0
2024-12-24 12:05:00,0.0,0.0,0.0
2024-12-24 12:10:00,0.0,0.0,0.0
2024-12-24 12:15:00,0.0,0.0,0.0
2024-12-24 12:20:00,0.86192745,0.019124145,0.118948385
2024-12-24 12:25:00,0.0,0.0,0.0
2024-12-24 12:30:00,0.0,0.0,0.0
2024-12-24 12:35:00,0.0,0.0,0.0
2024-12-24 12:40:00,0.0,0.0,0.0
2024-12-24 12:45:00,0.0,0.0,0.0
2024-12-24 12:50:00,0.0,0.0,0.0
2024-12-26 09:25:00,0.6419589583457944,0.07813933788785046,0.27990170806542053
2024-12-26 09:30:00,0.5854138666666667,0.035400775999999995,0.3791853233333334
2024-12-26 09:35:00,0.0,0.0,0.0
2024-12-26 09:40:00,0.0,0.0,0.0
2024-12-26 09:45:00,0.0,0.0,0.0
2024-12-26 09:50:00,0.0,0.0,0.0
2024-12-26 09:55:00,0.0,0.0,0.0
2024-12-26 10:00:00,0.0,0.0,0.0
2024-12-26 10:05:00,0.86795527,0.013048701,0.11899605
2024-12-26 10:10:00,0.0,0.0,0.0
2024-12-26 10:15:00,0.0,0.0,0.0
2024-12-26 10:20:00,0.0,0.0,0.0
2024-12-26 10:25:00,0.0,0.0,0.0
2024-12-26 10:30:00,0.0,0.0,0.0
2024-12-26 10:35:00,0.8572094,0.010290034,0.13250065
2024-12-26 10:40:00,0.0,0.0,0.0
2024-12-26 10:45:00,0.0,0.0,0.0
2024-12-26 10:50:00,0.0,0.0,0.0
2024-12-26 10:55:00,0.0,0.0,0.0
2024-12-26 11:00:00,0.0,0.0,0.0
2024-12-26 11:05:00,0.0,0.0,0.0
2024-12-26 11:10:00,0.0,0.0,0.0
2024-12-26 11:15:00,0.0,0.0,0.0
2024-12-26 11:20:00,0.0,0.0,0.0
2024-12-26 11:25:00,0.0,0.0,0.0
2024-12-26 11:30:00,0.0,0.0,0.0
2024-12-26 11:35:00,0.0,0.0,0.0
2024-12-26 11:40:00,0.93722314,0.028863452,0.033913407
2024-12-26 11:45:00,0.0,0.0,0.0
2024-12-26 11:50:00,0.0,0.0,0.0
2024-12-26 11:55:00,0.0,0.0,0.0
2024-12-26 12:00:00,0.8740512,0.013659297,0.112289496
2024-12-26 12:05:00,0.0,0.0,0.0
2024-12-26 12:10:00,0.0,0.0,0.0
2024-12-26 12:15:00,0.0,0.0,0.0
2024-12-26 12:20:00,0.0,0.0,0.0
2024-12-26 12:25:00,0.0,0.0,0.0
2024-12-26 12:30:00,0.0,0.0,0.0
2024-12-26 12:35:00,0.0,0.0,0.0
2024-12-26 12:40:00,0.0,0.0,0.0
2024-12-26 12:45:00,0.0,0.0,0.0
2024-12-26 12:50:00,0.0,0.0,0.0
2024-12-26 12:55:00,0.0,0.0,0.0
2024-12-26 13:00:00,0.0,0.0,0.0
2024-12-26 13:05:00,0.0,0.0,0.0
2024-12-26 13:10:00,0.89091027,0.048821088,0.060268637
2024-12-26 13:15:00,0.0,0.0,0.0
2024-12-26 13:20:00,0.0,0.0,0.0
2024-12-26 13:25:00,0.0,0.0,0.0
2024-12-26 13:30:00,0.0,0.0,0.0
2024-12-26 13:35:00,0.0,0.0,0.0
2024-12-26 13:40:00,0.0,0.0,0.0
2024-12-26 13:45:00,0.0,0.0,0.0
2024-12-26 13:50:00,0.73701185,0.06484337,0.19814476
2024-12-26 13:55:00,0.0,0.0,0.0
2024-12-26 14:00:00,0.0,0.0,0.0
2024-12-26 14:05:00,0.9168345,0.017526416,0.06563916
2024-12-26 14:10:00,0.0,0.0,0.0
2024-12-26 14:15:00,0.0,0.0,0.0
2024-12-26 14:20:00,0.0,0.0,0.0
2024-12-26 14:25:00,0.0,0.0,0.0
2024-12-26 14:30:00,0.0,0.0,0.0
2024-12-26 14:35:00,0.0,0.0,0.0
2024-12-26 14:40:00,0.0,0.0,0.0
2024-12-26 14:45:00,0.20211636,0.7038326,0.09405098
2024-12-26 14:50:00,0.86941266,0.016603328,0.11398406
2024-12-26 14:55:00,0.0,0.0,0.0
2024-12-26 15:00:00,0.86615264,0.032691073,0.10115629
2024-12-26 15:05:00,0.8408573850000001,0.0184561015,0.140686515
2024-12-26 15:10:00,0.0,0.0,0.0
2024-12-26 15:15:00,0.0,0.0,0.0
2024-12-26 15:20:00,0.0,0.0,0.0
2024-12-26 15:25:00,0.4791139875,0.027649557999999998,0.49323642
2024-12-26 15:30:00,0.8299168,0.033741117,0.1363421
2024-12-26 15:35:00,0.0,0.0,0.0
2024-12-26 15:40:00,0.0,0.0,0.0
2024-12-26 15:45:00,0.0,0.0,0.0
2024-12-26 15:50:00,0.8071872,0.15438671,0.038426094
2024-12-27 09:25:00,0.7033404709756098,0.10011450202439023,0.1965450221219512
2024-12-27 09:30:00,0.0,0.0,0.0
2024-12-27 09:35:00,0.76617694,0.098768785,0.13505432750000002
2024-12-27 09:40:00,0.0,0.0,0.0
2024-12-27 09:45:00,0.0,0.0,0.0
2024-12-27 09:50:00,0.0,0.0,0.0
2024-12-27 09:55:00,0.9009213,0.018912029,0.08016661
2024-12-27 10:00:00,0.0,0.0,0.0
2024-12-27 10:05:00,0.0,0.0,0.0
2024-12-27 10:10:00,0.0,0.0,0.0
2024-12-27 10:15:00,0.0,0.0,0.0
2024-12-27 10:20:00,0.0,0.0,0.0
2024-12-27 10:25:00,0.0,0.0,0.0
2024-12-27 10:30:00,0.2784887,0.6858899,0.03562137
2024-12-27 10:35:00,0.7669928,0.015444576,0.21756266
2024-12-27 10:40:00,0.0,0.0,0.0
2024-12-27 10:45:00,0.0,0.0,0.0
2024-12-27 10:50:00,0.8903395,0.016629862,0.09303064
2024-12-27 10:55:00,0.0,0.0,0.0
2024-12-27 11:00:00,0.04860635,0.046797447,0.90459615
2024-12-27 11:05:00,0.0,0.0,0.0
2024-12-27 11:10:00,0.0,0.0,0.0
2024-12-27 11:15:00,0.0,0.0,0.0
2024-12-27 11:20:00,0.0,0.0,0.0
2024-12-27 11:25:00,0.0,0.0,0.0
2024-12-27 11:30:00,0.47442932,0.12650741625,0.399063282
2024-12-27 11:35:00,0.9060805,0.030329464,0.06359006
2024-12-27 11:40:00,0.0,0.0,0.0
2024-12-27 11:45:00,0.0,0.0,0.0
2024-12-27 11:50:00,0.0,0.0,0.0
2024-12-27 11:55:00,0.0,0.0,0.0
2024-12-27 12:00:00,0.0,0.0,0.0
2024-12-27 12:05:00,0.85203445,0.08826526,0.059700277
2024-12-27 12:10:00,0.0,0.0,0.0
2024-12-27 12:15:00,0.0,0.0,0.0
2024-12-27 12:20:00,0.0,0.0,0.0
2024-12-27 12:25:00,0.0,0.0,0.0
2024-12-27 12:30:00,0.9123029,0.017622486,0.07007461
2024-12-27 12:35:00,0.0,0.0,0.0
2024-12-27 12:40:00,0.9026236,0.01969775,0.07767863
2024-12-27 12:45:00,0.0,0.0,0.0
2024-12-27 12:50:00,0.0,0.0,0.0
2024-12-27 12:55:00,0.0,0.0,0.0
2024-12-27 13:00:00,0.0,0.0,0.0
2024-12-27 13:05:00,0.0,0.0,0.0
2024-12-27 13:10:00,0.0,0.0,0.0
2024-12-27 13:15:00,0.0,0.0,0.0
2024-12-27 13:20:00,0.0,0.0,0.0
2024-12-27 13:25:00,0.0,0.0,0.0
2024-12-27 13:30:00,0.83341736,0.0203571,0.1462256
2024-12-27 13:35:00,0.9139345133333334,0.04346983466666667,0.04259568933333333
2024-12-27 13:40:00,0.0,0.0,0.0
2024-12-27 13:45:00,0.92589164,0.049140304,0.024968099
2024-12-27 13:50:00,0.87317973,0.017443452,0.109376855
2024-12-27 13:55:00,0.87026924,0.016268143,0.1134626
2024-12-27 14:00:00,0.890157,0.0301779725,0.07966503175
2024-12-27 14:05:00,0.83070049,0.02284219275,0.1464573125
2024-12-27 14:10:00,0.0,0.0,0.0
2024-12-27 14:15:00,0.9006085,0.016212992,0.08317856
2024-12-27 14:20:00,0.0,0.0,0.0
2024-12-27 14:25:00,0.0,0.0,0.0
2024-12-27 14:30:00,0.0,0.0,0.0
2024-12-27 14:35:00,0.0,0.0,0.0
2024-12-27 14:40:00,0.0,0.0,0.0
2024-12-27 14:45:00,0.85429657,0.032487094,0.11321636
2024-12-27 14:50:00,0.0,0.0,0.0
2024-12-27 14:55:00,0.0,0.0,0.0
2024-12-27 15:00:00,0.8063851,0.022908404,0.1707065
2024-12-27 15:05:00,0.91960436,0.02262719,0.057768404
2024-12-27 15:10:00,0.0,0.0,0.0
2024-12-27 15:15:00,0.0,0.0,0.0
2024-12-27 15:20:00,0.8106414,0.02934195,0.16001669
2024-12-27 15:25:00,0.15599883,0.8310756,0.0129255345
2024-12-27 15:30:00,0.0,0.0,0.0
2024-12-27 15:35:00,0.0,0.0,0.0
2024-12-27 15:40:00,0.0,0.0,0.0
2024-12-27 15:45:00,0.0,0.0,0.0
2024-12-27 15:50:00,0.0,0.0,0.0
2024-12-30 09:25:00,0.6724581319745223,0.12467518888853504,0.20286667740764333
2024-12-30 09:30:00,0.0,0.0,0.0
2024-12-30 09:35:00,0.0,0.0,0.0
2024-12-30 09:40:00,0.0,0.0,0.0
2024-12-30 09:45:00,0.0,0.0,0.0
2024-12-30 09:50:00,0.0,0.0,0.0
2024-12-30 09:55:00,0.0,0.0,0.0
2024-12-30 10:00:00,0.88399446,0.019780874,0.096224666
2024-12-30 10:05:00,0.0,0.0,0.0
2024-12-30 10:10:00,0.0,0.0,0.0
2024-12-30 10:15:00,0.0,0.0,0.0
2024-12-30 10:20:00,0.0,0.0,0.0
2024-12-30 10:25:00,0.0,0.0,0.0
2024-12-30 10:30:00,0.0,0.0,0.0
2024-12-30 10:35:00,0.0,0.0,0.0
2024-12-30 10:40:00,0.0,0.0,0.0
2024-12-30 10:45:00,0.8954485,0.020586045,0.08396543
2024-12-30 10:50:00,0.0,0.0,0.0
2024-12-30 10:55:00,0.0,0.0,0.0
2024-12-30 11:00:00,0.026811212,0.9555088,0.017680015
2024-12-30 11:05:00,0.0,0.0,0.0
2024-12-30 11:10:00,0.0,0.0,0.0
2024-12-30 11:15:00,0.0,0.0,0.0
2024-12-30 11:20:00,0.0,0.0,0.0
2024-12-30 11:25:00,0.0,0.0,0.0
2024-12-30 11:30:00,0.8681890999999999,0.025892232,0.105918647
2024-12-30 11:35:00,0.0,0.0,0.0
2024-12-30 11:40:00,0.0,0.0,0.0
2024-12-30 11:45:00,0.0,0.0,0.0
2024-12-30 11:50:00,0.7140818,0.07200562,0.2139125
2024-12-30 11:55:00,0.0,0.0,0.0
2024-12-30 12:00:00,0.80987686,0.016999895,0.1731233
2024-12-30 12:05:00,0.0,0.0,0.0
2024-12-30 12:10:00,0.0,0.0,0.0
2024-12-30 12:15:00,0.0,0.0,0.0
2024-12-30 12:20:00,0.72209339,0.018387895600000002,0.2595187342
2024-12-30 12:25:00,0.0,0.0,0.0
2024-12-30 12:30:00,0.92229074,0.021234637,0.056474634
2024-12-30 12:35:00,0.0,0.0,0.0
2024-12-30 12:40:00,0.8962195,0.019336328,0.0844442
2024-12-30 12:45:00,0.0,0.0,0.0
2024-12-30 12:50:00,0.7569281,0.016361227,0.22671065
2024-12-30 12:55:00,0.0,0.0,0.0
2024-12-30 13:00:00,0.0,0.0,0.0
2024-12-30 13:05:00,0.8233684,0.05293043,0.12370121
2024-12-30 13:10:00,0.0,0.0,0.0
2024-12-30 13:15:00,0.5424314,0.0079242885,0.44964427
2024-12-30 13:20:00,0.0,0.0,0.0
2024-12-30 13:25:00,0.0,0.0,0.0
2024-12-30 13:30:00,0.0,0.0,0.0
2024-12-30 13:35:00,0.0,0.0,0.0
2024-12-30 13:40:00,0.0,0.0,0.0
2024-12-30 13:45:00,0.016443769,0.9742606,0.009295582
2024-12-30 13:50:00,0.42003396,0.54167885,0.03828711
2024-12-30 13:55:00,0.8409534,0.029562894,0.1294837
2024-12-30 14:00:00,0.73367524,0.011070022,0.25525475
2024-12-30 14:05:00,0.8679877075,0.04782095075,0.08419134125
2024-12-30 14:10:00,0.0584692,0.02120269,0.92032814
2024-12-30 14:15:00,0.0,0.0,0.0
2024-12-30 14:20:00,0.0,0.0,0.0
2024-12-30 14:25:00,0.0,0.0,0.0
2024-12-30 14:30:00,0.0,0.0,0.0
2024-12-30 14:35:00,0.86856533,0.015263506,0.11617113000000001
2024-12-30 14:40:00,0.2971162,0.012778367,0.6901054
2024-12-30 14:45:00,0.6538315834999999,0.02507985675,0.32108852849999997
2024-12-30 14:50:00,0.0,0.0,0.0
2024-12-30 14:55:00,0.0,0.0,0.0
2024-12-30 15:00:00,0.0,0.0,0.0
2024-12-30 15:05:00,0.0,0.0,0.0
2024-12-30 15:10:00,0.7935571,0.17449504,0.031947825
2024-12-30 15:15:00,0.0,0.0,0.0
2024-12-30 15:20:00,0.0,0.0,0.0
2024-12-30 15:25:00,0.66135347,0.29377717,0.04486939
2024-12-30 15:30:00,0.0,0.0,0.0
2024-12-30 15:35:00,0.0,0.0,0.0
2024-12-30 15:40:00,0.0,0.0,0.0
2024-12-30 15:45:00,0.0,0.0,0.0
2024-12-30 15:50:00,0.0,0.0,0.0
2024-12-31 09:25:00,0.6861397005333333,0.10333183594999999,0.21052846449999998
2024-12-31 09:30:00,0.464451836,0.504613536,0.0309345965
2024-12-31 09:35:00,0.0,0.0,0.0
2024-12-31 09:40:00,0.0,0.0,0.0
2024-12-31 09:45:00,0.0,0.0,0.0
2024-12-31 09:50:00,0.0,0.0,0.0
2024-12-31 09:55:00,0.46938687999999995,0.4700651075,0.0605480225
2024-12-31 10:00:00,0.9212988,0.015979044,0.062722124
2024-12-31 10:05:00,0.0,0.0,0.0
2024-12-31 10:10:00,0.86993045,0.017214019,0.11285556
2024-12-31 10:15:00,0.0,0.0,0.0
2024-12-31 10:20:00,0.7983112,0.014239886,0.18744898
2024-12-31 10:25:00,0.08107756,0.88720995,0.031712476
2024-12-31 10:30:00,0.48627916,0.051268395,0.46245244
2024-12-31 10:35:00,0.590176315,0.016729144,0.393094495
2024-12-31 10:40:00,0.6118318699999999,0.0236701135,0.36449805
2024-12-31 10:45:00,0.8888069,0.024526986,0.08666609
2024-12-31 10:50:00,0.0,0.0,0.0
2024-12-31 10:55:00,0.9280208,0.029545046,0.04243417
2024-12-31 11:00:00,0.8694499,0.075101722,0.055448356500000004
2024-12-31 11:05:00,0.812624815,0.028325212,0.15904999
2024-12-31 11:10:00,0.0,0.0,0.0
2024-12-31 11:15:00,0.0,0.0,0.0
2024-12-31 11:20:00,0.0,0.0,0.0
2024-12-31 11:25:00,0.6855451,0.013558439,0.3008965
2024-12-31 11:30:00,0.79151225,0.016471991,0.19201574
2024-12-31 11:35:00,0.8825038,0.029771015,0.08772526
2024-12-31 11:40:00,0.0,0.0,0.0
2024-12-31 11:45:00,0.0,0.0,0.0
2024-12-31 11:50:00,0.9197324,0.027272997,0.052994583
2024-12-31 11:55:00,0.15092129,0.034233093,0.8148457
2024-12-31 12:00:00,0.0,0.0,0.0
2024-12-31 12:05:00,0.886020095,0.04058564,0.073394289
2024-12-31 12:10:00,0.0,0.0,0.0
2024-12-31 12:15:00,0.0,0.0,0.0
2024-12-31 12:20:00,0.7380228666666667,0.014532447499999998,0.24744470166666666
2024-12-31 12:25:00,0.51767474,0.014509172,0.46781605
2024-12-31 12:30:00,0.0,0.0,0.0
2024-12-31 12:35:00,0.73969436,0.01977615,0.24052954
2024-12-31 12:40:00,0.8758782,0.013685114,0.11043667
2024-12-31 12:45:00,0.0,0.0,0.0
2024-12-31 12:50:00,0.0,0.0,0.0
2024-12-31 12:55:00,0.21177869,0.7492824,0.03893883
2024-12-31 13:00:00,0.8534414,0.02720609,0.119352475
2024-12-31 13:05:00,0.0,0.0,0.0
2024-12-31 13:10:00,0.9192624,0.011924763,0.06881285
2024-12-31 13:15:00,0.0,0.0,0.0
2024-12-31 13:20:00,0.8059838699999999,0.020087387499999998,0.17392876499999999
2024-12-31 13:25:00,0.0,0.0,0.0
2024-12-31 13:30:00,0.0,0.0,0.0
2024-12-31 13:35:00,0.0,0.0,0.0
2024-12-31 13:40:00,0.40190244,0.52361935,0.07447825
2024-12-31 13:45:00,0.0,0.0,0.0
2024-12-31 13:50:00,0.0,0.0,0.0
2024-12-31 13:55:00,0.0,0.0,0.0
2024-12-31 14:00:00,0.8453466566666666,0.0390771685,0.11557616583333334
2024-12-31 14:05:00,0.0,0.0,0.0
2024-12-31 14:10:00,0.882284875,0.031419418000000005,0.08629567
2024-12-31 14:15:00,0.3906018,0.5832083,0.026189843
2024-12-31 14:20:00,0.0,0.0,0.0
2024-12-31 14:25:00,0.0,0.0,0.0
2024-12-31 14:30:00,0.0,0.0,0.0
2024-12-31 14:35:00,0.0,0.0,0.0
2024-12-31 14:40:00,0.92439103,0.024920484,0.05068857
2024-12-31 14:45:00,0.27307638224999997,0.32974869425000003,0.39717491974999997
2024-12-31 14:50:00,0.0,0.0,0.0
2024-12-31 14:55:00,0.0,0.0,0.0
2024-12-31 15:00:00,0.816996395,0.021916217,0.16108736499999998
2024-12-31 15:05:00,0.0,0.0,0.0
2024-12-31 15:10:00,0.491631125,0.029119049,0.479249808
2024-12-31 15:15:00,0.0,0.0,0.0
2024-12-31 15:20:00,0.0,0.0,0.0
2024-12-31 15:25:00,0.0,0.0,0.0
2024-12-31 15:30:00,0.0,0.0,0.0
2024-12-31 15:35:00,0.0,0.0,0.0
2024-12-31 15:40:00,0.0,0.0,0.0
2024-12-31 15:45:00,0.0,0.0,0.0
2024-12-31 15:50:00,0.0,0.0,0.0
2025-01-02 09:25:00,0.705097441584507,0.0799674450669014,0.21493511887323943
2025-01-02 09:30:00,0.9158061,0.016478779,0.067715116
2025-01-02 09:35:00,0.0,0.0,0.0
2025-01-02 09:40:00,0.0,0.0,0.0
2025-01-02 09:45:00,0.90521425,0.014324283,0.08046149
2025-01-02 09:50:00,0.90898623,0.018065734,0.072947981
2025-01-02 09:55:00,0.02023222,0.96716344,0.012604388
2025-01-02 10:00:00,0.91659811,0.019433494500000002,0.0639684125
2025-01-02 10:05:00,0.5623327333333333,0.32432779466666667,0.11333944733333334
2025-01-02 10:10:00,0.0,0.0,0.0
2025-01-02 10:15:00,0.9256103,0.02122832,0.053161398
2025-01-02 10:20:00,0.0,0.0,0.0
2025-01-02 10:25:00,0.810038335,0.0838532925,0.106108413
2025-01-02 10:30:00,0.91247447,0.015374213500000001,0.0721513215
2025-01-02 10:35:00,0.0,0.0,0.0
2025-01-02 10:40:00,0.8992806,0.01844373,0.08227568
2025-01-02 10:45:00,0.0,0.0,0.0
2025-01-02 10:50:00,0.90859205,0.015102314,0.07630559
2025-01-02 10:55:00,0.848335,0.017374288,0.13429077
2025-01-02 11:00:00,0.91452605,0.020353911,0.065120056
2025-01-02 11:05:00,0.47789263,0.0120444505,0.510062895
2025-01-02 11:10:00,0.0,0.0,0.0
2025-01-02 11:15:00,0.8978418,0.019802427,0.082355775
2025-01-02 11:20:00,0.0,0.0,0.0
2025-01-02 11:25:00,0.0,0.0,0.0
2025-01-02 11:30:00,0.9128144,0.01749633,0.06968925
2025-01-02 11:35:00,0.8998282,0.0447689405,0.0554028935
2025-01-02 11:40:00,0.8982812,0.02435235,0.0773665
2025-01-02 11:45:00,0.8764660000000001,0.020973351333333334,0.10256064999999999
2025-01-02 11:50:00,0.0,0.0,0.0
2025-01-02 11:55:00,0.7915506299999999,0.03414469875,0.17430463875000002
2025-01-02 12:00:00,0.8907335,0.022091733,0.08717483
2025-01-02 12:05:00,0.9109488,0.016813006,0.072238214
2025-01-02 12:10:00,0.90529066,0.020660702,0.07404857
2025-01-02 12:15:00,0.8611308,0.012965884,0.12590331
2025-01-02 12:20:00,0.4593219905,0.491731372,0.048946659000000003
2025-01-02 12:25:00,0.6185468906666666,0.332377874,0.049075224
2025-01-02 12:30:00,0.0,0.0,0.0
2025-01-02 12:35:00,0.841282215,0.015241362,0.143476425
2025-01-02 12:40:00,0.93803996,0.03109501,0.030865092
2025-01-02 12:45:00,0.91166985,0.026842333,0.06148782
2025-01-02 12:50:00,0.0,0.0,0.0
2025-01-02 12:55:00,0.9196063,0.015266927,0.065126775
2025-01-02 13:00:00,0.9136421,0.017718565333333335,0.068639342
2025-01-02 13:05:00,0.81818265,0.019176887,0.16264045
2025-01-02 13:10:00,0.7935351125000001,0.024717502750000002,0.18174740350000002
2025-01-02 13:15:00,0.766512215,0.023298688499999998,0.21018909
2025-01-02 13:20:00,0.0,0.0,0.0
2025-01-02 13:25:00,0.4748371715,0.4932736115,0.031889167999999996
2025-01-02 13:30:00,0.9028394,0.01505045,0.08211015
2025-01-02 13:35:00,0.0,0.0,0.0
2025-01-02 13:40:00,0.87802833,0.026251972,0.09571966
2025-01-02 13:45:00,0.6016046906666667,0.364665148,0.033730213
2025-01-02 13:50:00,0.0,0.0,0.0
2025-01-02 13:55:00,0.90286225,0.022617882,0.07451985
2025-01-02 14:00:00,0.7338084333333333,0.024473316666666665,0.24171822233333332
2025-01-02 14:05:00,0.033826873,0.3463927,0.6197804
2025-01-02 14:10:00,0.9259454,0.017265318,0.05678931
2025-01-02 14:15:00,0.0,0.0,0.0
2025-01-02 14:20:00,0.30546853,0.012675649,0.6818558
2025-01-02 14:25:00,0.8395204199999999,0.015918622,0.144560925
2025-01-02 14:30:00,0.14538434,0.79769623,0.056919415
2025-01-02 14:35:00,0.83637124,0.025972782,0.13765593
2025-01-02 14:40:00,0.0,0.0,0.0
2025-01-02 14:45:00,0.8738499,0.021793892999999998,0.104356225
2025-01-02 14:50:00,0.77979696,0.01080823,0.20939484
2025-01-02 14:55:00,0.03262767,0.61603653,0.3513358
2025-01-02 15:00:00,0.642397125,0.0387745465,0.31882835
2025-01-02 15:05:00,0.4738805,0.449869163,0.0762503615
2025-01-02 15:10:00,0.80814902,0.088874066,0.1029769225
2025-01-02 15:15:00,0.0,0.0,0.0
2025-01-02 15:20:00,0.0,0.0,0.0
2025-01-02 15:25:00,0.9064143499999999,0.0298540265,0.06373165
2025-01-02 15:30:00,0.0,0.0,0.0
2025-01-02 15:35:00,0.0,0.0,0.0
2025-01-02 15:40:00,0.6581349175,0.01670064575,0.3251644335
2025-01-02 15:45:00,0.0,0.0,0.0
2025-01-02 15:50:00,0.6881984,0.24011476,0.07168679
2025-01-03 09:25:00,0.6060434455265957,0.21358142914893619,0.18037512440851064
2025-01-03 09:30:00,0.83144885,0.021063152,0.14748797
2025-01-03 09:35:00,0.52255803,0.013588506,0.46385354
2025-01-03 09:40:00,0.0,0.0,0.0
2025-01-03 09:45:00,0.0,0.0,0.0
2025-01-03 09:50:00,0.84857445,0.030278358,0.1211472335
2025-01-03 09:55:00,0.0,0.0,0.0
2025-01-03 10:00:00,0.93398803,0.035832796,0.030179104
2025-01-03 10:05:00,0.0,0.0,0.0
2025-01-03 10:10:00,0.0,0.0,0.0
2025-01-03 10:15:00,0.92880416,0.0403663,0.03082956
2025-01-03 10:20:00,0.91439795,0.018090425,0.067511626
2025-01-03 10:25:00,0.90821934,0.011623261,0.080157414
2025-01-03 10:30:00,0.0,0.0,0.0
2025-01-03 10:35:00,0.0,0.0,0.0
2025-01-03 10:40:00,0.87840768,0.020161140333333334,0.10143119666666667
2025-01-03 10:45:00,0.649601315,0.0150005555,0.3353981475
2025-01-03 10:50:00,0.7758415000000001,0.09231431225,0.13184420700000002
2025-01-03 10:55:00,0.5404722,0.2670731,0.1924546
2025-01-03 11:00:00,0.807550785,0.0165214045,0.175927792
2025-01-03 11:05:00,0.0,0.0,0.0
2025-01-03 11:10:00,0.41419407333333336,0.028809951666666667,0.5569959299999999
2025-01-03 11:15:00,0.9460381,0.023522815,0.030439077
2025-01-03 11:20:00,0.735348775,0.024016,0.240635205
2025-01-03 11:25:00,0.0,0.0,0.0
2025-01-03 11:30:00,0.83203893,0.09421916000000001,0.07374191000000001
2025-01-03 11:35:00,0.9039580199999999,0.0300372796,0.0660047176
2025-01-03 11:40:00,0.8550475,0.019310522,0.12564197500000002
2025-01-03 11:45:00,0.460969108,0.1929221745,0.346108735
2025-01-03 11:50:00,0.0,0.0,0.0
2025-01-03 11:55:00,0.555802271,0.25845462525,0.18574311125
2025-01-03 12:00:00,0.72049761625,0.022915463625,0.256586936875
2025-01-03 12:05:00,0.8853885,0.019806008,0.09480554
2025-01-03 12:10:00,0.8492689,0.010894173,0.13983694
2025-01-03 12:15:00,0.6150740573333333,0.33934100966666664,0.045584959333333334
2025-01-03 12:20:00,0.6586117043749999,0.25675282475,0.0846354785
2025-01-03 12:25:00,0.8388269,0.015857691,0.14531541
2025-01-03 12:30:00,0.0,0.0,0.0
2025-01-03 12:35:00,0.5521985,0.01750880975,0.430292656
2025-01-03 12:40:00,0.8307010166666666,0.020551754000000002,0.14874725
2025-01-03 12:45:00,0.8658894699999999,0.012631976999999999,0.121478555
2025-01-03 12:50:00,0.88944633,0.019346012500000002,0.09120768
2025-01-03 12:55:00,0.420472685,0.3564619785,0.223065332
2025-01-03 13:00:00,0.87494018,0.0459791516,0.0790806614
2025-01-03 13:05:00,0.79236453,0.033792495,0.1738429675
2025-01-03 13:10:00,0.6001477371428571,0.18220296042857145,0.2176492847142857
2025-01-03 13:15:00,0.137567265,0.36773572849999997,0.49469703
2025-01-03 13:20:00,0.6144477783333333,0.06194123433333334,0.3236109866666667
2025-01-03 13:25:00,0.8327264249999999,0.0250955525,0.142178036
2025-01-03 13:30:00,0.7905248,0.016417047,0.19305821
2025-01-03 13:35:00,0.0,0.0,0.0
2025-01-03 13:40:00,0.88533086,0.022389306,0.092279814
2025-01-03 13:45:00,0.0,0.0,0.0
2025-01-03 13:50:00,0.881201235,0.0198611595,0.098937568
2025-01-03 13:55:00,0.9055837474999999,0.05552279375000001,0.038893459
2025-01-03 14:00:00,0.7274447399999999,0.1865898014,0.0859654312
2025-01-03 14:05:00,0.912199,0.02568424,0.06211672
2025-01-03 14:10:00,0.020357128,0.9605431,0.019099724
2025-01-03 14:15:00,0.0,0.0,0.0
2025-01-03 14:20:00,0.88404493,0.02171426,0.094240775
2025-01-03 14:25:00,0.47086556,0.215740989,0.31339345249999995
2025-01-03 14:30:00,0.93223452,0.022407068000000002,0.045358394999999996
2025-01-03 14:35:00,0.0,0.0,0.0
2025-01-03 14:40:00,0.0,0.0,0.0
2025-01-03 14:45:00,0.59898665,0.35413656200000004,0.04687679533333333
2025-01-03 14:50:00,0.0,0.0,0.0
2025-01-03 14:55:00,0.88457024,0.014833399,0.100596346
2025-01-03 15:00:00,0.8988131085714286,0.03921071714285714,0.061976156
2025-01-03 15:05:00,0.79394317,0.019829776,0.18622711
2025-01-03 15:10:00,0.0,0.0,0.0
2025-01-03 15:15:00,0.57881344,0.017460505,0.403726053
2025-01-03 15:20:00,0.80159515,0.1426333825,0.055771438
2025-01-03 15:25:00,0.6629113,0.08047366,0.25661507
2025-01-03 15:30:00,0.89684525,0.021048976,0.08210579
2025-01-03 15:35:00,0.9053577,0.02645829,0.06818407
2025-01-03 15:40:00,0.0,0.0,0.0
2025-01-03 15:45:00,0.89514307,0.018794044500000003,0.086062875
2025-01-03 15:50:00,0.8693106899999999,0.035263199,0.09542608933333334
2025-01-06 09:25:00,0.6676774095322581,0.1264170061738351,0.20590558592831543
2025-01-06 09:30:00,0.0,0.0,0.0
2025-01-06 09:35:00,0.4454494,0.474787,0.07976357
2025-01-06 09:40:00,0.0,0.0,0.0
2025-01-06 09:45:00,0.90216774,0.01558065,0.0822516
2025-01-06 09:50:00,0.8472786,0.019431926,0.1332895
2025-01-06 09:55:00,0.0,0.0,0.0
2025-01-06 10:00:00,0.5961344,0.30187482,0.101990774
2025-01-06 10:05:00,0.8803143675,0.02293192575,0.096753673
2025-01-06 10:10:00,0.0,0.0,0.0
2025-01-06 10:15:00,0.922113175,0.0234741725,0.0544126535
2025-01-06 10:20:00,0.19103356,0.7946668,0.014299569
2025-01-06 10:25:00,0.016035477,0.9744494,0.009515177
2025-01-06 10:30:00,0.0,0.0,0.0
2025-01-06 10:35:00,0.86587327,0.0200101325,0.114116605
2025-01-06 10:40:00,0.0,0.0,0.0
2025-01-06 10:45:00,0.0,0.0,0.0
2025-01-06 10:50:00,0.0,0.0,0.0
2025-01-06 10:55:00,0.9219514,0.027791657,0.050256923
2025-01-06 11:00:00,0.8028471125,0.028530543749999998,0.16862237875
2025-01-06 11:05:00,0.0,0.0,0.0
2025-01-06 11:10:00,0.0,0.0,0.0
2025-01-06 11:15:00,0.33022835,0.0135276,0.6562439950000001
2025-01-06 11:20:00,0.0,0.0,0.0
2025-01-06 11:25:00,0.8461957,0.014761658,0.13904265
2025-01-06 11:30:00,0.0,0.0,0.0
2025-01-06 11:35:00,0.9292362,0.014046323,0.056717526
2025-01-06 11:40:00,0.886235335,0.04315767,0.070607035
2025-01-06 11:45:00,0.0,0.0,0.0
2025-01-06 11:50:00,0.90602605,0.0195503455,0.0744236065
2025-01-06 11:55:00,0.8810199,0.02098336,0.09799672
2025-01-06 12:00:00,0.0,0.0,0.0
2025-01-06 12:05:00,0.7309181,0.03492382,0.23415808
2025-01-06 12:10:00,0.92833585,0.044447076,0.027217047
2025-01-06 12:15:00,0.92629266,0.016878191,0.056829125
2025-01-06 12:20:00,0.698400698,0.0129985033,0.2886008
2025-01-06 12:25:00,0.0,0.0,0.0
2025-01-06 12:30:00,0.9063491850000001,0.0166664825,0.076984331
2025-01-06 12:35:00,0.57168435,0.0529506305,0.37536504
2025-01-06 12:40:00,0.8367096,0.108757295,0.05453307
2025-01-06 12:45:00,0.0,0.0,0.0
2025-01-06 12:50:00,0.022706514,0.96721584,0.010077634
2025-01-06 12:55:00,0.0,0.0,0.0
2025-01-06 13:00:00,0.86131115,0.029204367000000002,0.10948447350000001
2025-01-06 13:05:00,0.099217768,0.40871873,0.4920634375
2025-01-06 13:10:00,0.0,0.0,0.0
2025-01-06 13:15:00,0.8713294,0.07842821,0.05024242
2025-01-06 13:20:00,0.0,0.0,0.0
2025-01-06 13:25:00,0.87257405,0.025380687,0.102045315
2025-01-06 13:30:00,0.48506143100000004,0.019784028500000002,0.4951544925
2025-01-06 13:35:00,0.60450298,0.013974077500000001,0.381522958
2025-01-06 13:40:00,0.0,0.0,0.0
2025-01-06 13:45:00,0.0,0.0,0.0
2025-01-06 13:50:00,0.55008653,0.018604458,0.43130901
2025-01-06 13:55:00,0.8913334,0.029025264,0.07964132
2025-01-06 14:00:00,0.46908114,0.038997727499999996,0.49192115999999997
2025-01-06 14:05:00,0.87634345,0.0160331825,0.10762333
2025-01-06 14:10:00,0.0,0.0,0.0
2025-01-06 14:15:00,0.0,0.0,0.0
2025-01-06 14:20:00,0.0,0.0,0.0
2025-01-06 14:25:00,0.9020806,0.025584731,0.072334684
2025-01-06 14:30:00,0.8747177,0.022965621333333335,0.10231667533333333
2025-01-06 14:35:00,0.0,0.0,0.0
2025-01-06 14:40:00,0.81670827,0.14595316,0.03733857
2025-01-06 14:45:00,0.9244152,0.018549215,0.057035636
2025-01-06 14:50:00,0.8801699466666667,0.07188808666666667,0.047941972
2025-01-06 14:55:00,0.9482997,0.021213638,0.030486677
2025-01-06 15:00:00,0.526446866,0.33386917466666666,0.1396839248
2025-01-06 15:05:00,0.9172719,0.0186469755,0.0640810975
2025-01-06 15:10:00,0.0,0.0,0.0
2025-01-06 15:15:00,0.0,0.0,0.0
2025-01-06 15:20:00,0.0,0.0,0.0
2025-01-06 15:25:00,0.87851375,0.011911731,0.10957458
2025-01-06 15:30:00,0.847269205,0.01632424,0.136406588
2025-01-06 15:35:00,0.0,0.0,0.0
2025-01-06 15:40:00,0.0,0.0,0.0
2025-01-06 15:45:00,0.88888955,0.023188267,0.08792222
2025-01-06 15:50:00,0.0,0.0,0.0
