Segment,VADER_Positive,VADER_Neutral,VADER_Negative
2024-12-04 09:30:00,0.14666666666666667,0.8039999999999999,0.04966666666666667
2024-12-04 09:35:00,0.0,0.0,0.0
2024-12-04 09:40:00,0.0,0.0,0.0
2024-12-04 09:45:00,0.0,0.0,0.0
2024-12-04 09:50:00,0.0,0.0,0.0
2024-12-04 09:55:00,0.0,0.0,0.0
2024-12-04 10:00:00,0.0,0.0,0.0
2024-12-04 10:05:00,0.0,0.0,0.0
2024-12-04 10:10:00,0.0,0.0,0.0
2024-12-04 10:15:00,0.0,0.0,0.0
2024-12-04 10:20:00,0.0,0.0,0.0
2024-12-04 10:25:00,0.0,0.0,0.0
2024-12-04 10:30:00,0.0,0.0,0.0
2024-12-04 10:35:00,0.0,0.0,0.0
2024-12-04 10:40:00,0.0,1.0,0.0
2024-12-04 10:45:00,0.0,0.0,0.0
2024-12-04 10:50:00,0.0,0.0,0.0
2024-12-04 10:55:00,0.0,0.0,0.0
2024-12-04 11:00:00,0.0,0.0,0.0
2024-12-04 11:05:00,0.213,0.749,0.038
2024-12-04 11:10:00,0.0,0.0,0.0
2024-12-04 11:15:00,0.0,0.0,0.0
2024-12-04 11:20:00,0.213,0.753,0.034
2024-12-04 11:25:00,0.0,0.0,0.0
2024-12-04 11:30:00,0.0,0.0,0.0
2024-12-04 11:35:00,0.0,0.0,0.0
2024-12-04 11:40:00,0.0,0.0,0.0
2024-12-04 11:45:00,0.0,0.0,0.0
2024-12-04 11:50:00,0.0,0.0,0.0
2024-12-04 11:55:00,0.0,0.0,0.0
2024-12-04 12:00:00,0.0,0.0,0.0
2024-12-04 12:05:00,0.0,0.0,0.0
2024-12-04 12:10:00,0.0,0.0,0.0
2024-12-04 12:15:00,0.0,0.0,0.0
2024-12-04 12:20:00,0.0,0.0,0.0
2024-12-04 12:25:00,0.0,0.0,0.0
2024-12-04 12:30:00,0.0,0.0,0.0
2024-12-04 12:35:00,0.0,0.0,0.0
2024-12-04 12:40:00,0.0,0.0,0.0
2024-12-04 12:45:00,0.0,0.0,0.0
2024-12-04 12:50:00,0.0,0.0,0.0
2024-12-04 12:55:00,0.0,0.0,0.0
2024-12-04 13:00:00,0.0,0.0,0.0
2024-12-04 13:05:00,0.0,0.0,0.0
2024-12-04 13:10:00,0.0,0.0,0.0
2024-12-04 13:15:00,0.0,0.0,0.0
2024-12-04 13:20:00,0.0,0.0,0.0
2024-12-04 13:25:00,0.0,0.0,0.0
2024-12-04 13:30:00,0.0,0.762,0.238
2024-12-04 13:35:00,0.0,0.0,0.0
2024-12-04 13:40:00,0.0,0.0,0.0
2024-12-04 13:45:00,0.0,0.0,0.0
2024-12-04 13:50:00,0.0,0.0,0.0
2024-12-04 13:55:00,0.0,0.0,0.0
2024-12-04 14:00:00,0.0,0.0,0.0
2024-12-04 14:05:00,0.0,0.0,0.0
2024-12-04 14:10:00,0.0,0.0,0.0
2024-12-04 14:15:00,0.0,0.0,0.0
2024-12-04 14:20:00,0.0,0.0,0.0
2024-12-04 14:25:00,0.0,0.0,0.0
2024-12-04 14:30:00,0.0,0.0,0.0
2024-12-04 14:35:00,0.0,0.0,0.0
2024-12-04 14:40:00,0.0,0.0,0.0
2024-12-04 14:45:00,0.0,0.0,0.0
2024-12-04 14:50:00,0.0,0.0,0.0
2024-12-04 14:55:00,0.0,0.0,0.0
2024-12-04 15:00:00,0.0,0.0,0.0
2024-12-04 15:05:00,0.0,0.0,0.0
2024-12-04 15:10:00,0.0,0.0,0.0
2024-12-04 15:15:00,0.0,0.0,0.0
2024-12-04 15:20:00,0.0,0.0,0.0
2024-12-04 15:25:00,0.0,0.0,0.0
2024-12-04 15:30:00,0.057,0.861,0.082
2024-12-04 15:35:00,0.0,0.0,0.0
2024-12-04 15:40:00,0.0,0.0,0.0
2024-12-04 15:45:00,0.0,0.0,0.0
2024-12-04 15:50:00,0.0,0.0,0.0
2024-12-04 15:55:00,0.0,0.0,0.0
2024-12-05 09:30:00,0.15760000000000002,0.7899999999999999,0.0524
2024-12-05 09:35:00,0.0,0.0,0.0
2024-12-05 09:40:00,0.0,0.0,0.0
2024-12-05 09:45:00,0.0,0.0,0.0
2024-12-05 09:50:00,0.0,0.0,0.0
2024-12-05 09:55:00,0.0,0.0,0.0
2024-12-05 10:00:00,0.0,0.0,0.0
2024-12-05 10:05:00,0.0,0.0,0.0
2024-12-05 10:10:00,0.0,0.0,0.0
2024-12-05 10:15:00,0.0,0.0,0.0
2024-12-05 10:20:00,0.0,0.0,0.0
2024-12-05 10:25:00,0.0,0.0,0.0
2024-12-05 10:30:00,0.0,0.0,0.0
2024-12-05 10:35:00,0.0,0.0,0.0
2024-12-05 10:40:00,0.0,0.0,0.0
2024-12-05 10:45:00,0.0,0.0,0.0
2024-12-05 10:50:00,0.155,0.753,0.091
2024-12-05 10:55:00,0.0,0.0,0.0
2024-12-05 11:00:00,0.146,0.789,0.065
2024-12-05 11:05:00,0.22,0.762,0.018
2024-12-05 11:10:00,0.0,0.0,0.0
2024-12-05 11:15:00,0.187,0.79,0.022
2024-12-05 11:20:00,0.0,0.0,0.0
2024-12-05 11:25:00,0.0,0.0,0.0
2024-12-05 11:30:00,0.0,0.0,0.0
2024-12-05 11:35:00,0.1905,0.784,0.025500000000000002
2024-12-05 11:40:00,0.0,0.0,0.0
2024-12-05 11:45:00,0.0,0.0,0.0
2024-12-05 11:50:00,0.0,0.0,0.0
2024-12-05 11:55:00,0.0,0.0,0.0
2024-12-05 12:00:00,0.0,0.0,0.0
2024-12-05 12:05:00,0.0,0.0,0.0
2024-12-05 12:10:00,0.0,0.0,0.0
2024-12-05 12:15:00,0.0,0.0,0.0
2024-12-05 12:20:00,0.0,0.0,0.0
2024-12-05 12:25:00,0.0,0.0,0.0
2024-12-05 12:30:00,0.0,0.0,0.0
2024-12-05 12:35:00,0.168,0.737,0.095
2024-12-05 12:40:00,0.196,0.756,0.049
2024-12-05 12:45:00,0.152,0.832,0.016
2024-12-05 12:50:00,0.0,0.0,0.0
2024-12-05 12:55:00,0.0,0.0,0.0
2024-12-05 13:00:00,0.0,0.0,0.0
2024-12-05 13:05:00,0.0,0.0,0.0
2024-12-05 13:10:00,0.0,0.0,0.0
2024-12-05 13:15:00,0.0,0.0,0.0
2024-12-05 13:20:00,0.0,0.0,0.0
2024-12-05 13:25:00,0.151,0.807,0.042
2024-12-05 13:30:00,0.0,0.0,0.0
2024-12-05 13:35:00,0.19,0.757,0.052
2024-12-05 13:40:00,0.205,0.747,0.049
2024-12-05 13:45:00,0.0,0.0,0.0
2024-12-05 13:50:00,0.0,0.0,0.0
2024-12-05 13:55:00,0.0,0.0,0.0
2024-12-05 14:00:00,0.0,0.0,0.0
2024-12-05 14:05:00,0.0,0.0,0.0
2024-12-05 14:10:00,0.144,0.816,0.04
2024-12-05 14:15:00,0.0,0.881,0.119
2024-12-05 14:20:00,0.0,0.0,0.0
2024-12-05 14:25:00,0.0,0.0,0.0
2024-12-05 14:30:00,0.199,0.693,0.108
2024-12-05 14:35:00,0.0,0.0,0.0
2024-12-05 14:40:00,0.194,0.755,0.051
2024-12-05 14:45:00,0.0,0.0,0.0
2024-12-05 14:50:00,0.0775,0.855,0.0675
2024-12-05 14:55:00,0.0,0.0,0.0
2024-12-05 15:00:00,0.0,0.0,0.0
2024-12-05 15:05:00,0.0,0.0,0.0
2024-12-05 15:10:00,0.084,0.916,0.0
2024-12-05 15:15:00,0.0,0.0,0.0
2024-12-05 15:20:00,0.0,0.0,0.0
2024-12-05 15:25:00,0.14400000000000002,0.782,0.0745
2024-12-05 15:30:00,0.0,0.0,0.0
2024-12-05 15:35:00,0.0,0.0,0.0
2024-12-05 15:40:00,0.0,0.0,0.0
2024-12-05 15:45:00,0.0,0.0,0.0
2024-12-05 15:50:00,0.0,0.0,0.0
2024-12-05 15:55:00,0.0,0.0,0.0
2024-12-06 09:30:00,0.148525,0.7979,0.0536
2024-12-06 09:35:00,0.0,0.0,0.0
2024-12-06 09:40:00,0.0,0.0,0.0
2024-12-06 09:45:00,0.0,0.0,0.0
2024-12-06 09:50:00,0.214,0.687,0.098
2024-12-06 09:55:00,0.0,0.0,0.0
2024-12-06 10:00:00,0.0,0.0,0.0
2024-12-06 10:05:00,0.204,0.738,0.058
2024-12-06 10:10:00,0.0,0.0,0.0
2024-12-06 10:15:00,0.0,0.0,0.0
2024-12-06 10:20:00,0.0,0.0,0.0
2024-12-06 10:25:00,0.0,0.0,0.0
2024-12-06 10:30:00,0.0,0.0,0.0
2024-12-06 10:35:00,0.0,0.0,0.0
2024-12-06 10:40:00,0.0,0.0,0.0
2024-12-06 10:45:00,0.202,0.703,0.095
2024-12-06 10:50:00,0.0,0.0,0.0
2024-12-06 10:55:00,0.0,0.0,0.0
2024-12-06 11:00:00,0.0,0.0,0.0
2024-12-06 11:05:00,0.224,0.683,0.093
2024-12-06 11:10:00,0.013,0.842,0.145
2024-12-06 11:15:00,0.0,0.0,0.0
2024-12-06 11:20:00,0.08499999999999999,0.7845,0.1305
2024-12-06 11:25:00,0.0,0.0,0.0
2024-12-06 11:30:00,0.0,0.0,0.0
2024-12-06 11:35:00,0.191,0.704,0.105
2024-12-06 11:40:00,0.191,0.769,0.04
2024-12-06 11:45:00,0.0,0.0,0.0
2024-12-06 11:50:00,0.0,0.0,0.0
2024-12-06 11:55:00,0.195,0.801,0.004
2024-12-06 12:00:00,0.0,0.855,0.145
2024-12-06 12:05:00,0.20950000000000002,0.6791666666666667,0.111
2024-12-06 12:10:00,0.0,0.0,0.0
2024-12-06 12:15:00,0.0,0.0,0.0
2024-12-06 12:20:00,0.20850000000000002,0.644,0.14750000000000002
2024-12-06 12:25:00,0.0,0.0,0.0
2024-12-06 12:30:00,0.103,0.76,0.137
2024-12-06 12:35:00,0.0,0.0,0.0
2024-12-06 12:40:00,0.0,0.0,0.0
2024-12-06 12:45:00,0.0,0.0,0.0
2024-12-06 12:50:00,0.0,0.0,0.0
2024-12-06 12:55:00,0.0,0.0,0.0
2024-12-06 13:00:00,0.0,0.0,0.0
2024-12-06 13:05:00,0.005,0.832,0.163
2024-12-06 13:10:00,0.0,0.0,0.0
2024-12-06 13:15:00,0.0,0.0,0.0
2024-12-06 13:20:00,0.0,0.0,0.0
2024-12-06 13:25:00,0.0,0.0,0.0
2024-12-06 13:30:00,0.0,0.0,0.0
2024-12-06 13:35:00,0.187,0.781,0.031
2024-12-06 13:40:00,0.0,0.0,0.0
2024-12-06 13:45:00,0.0,0.0,0.0
2024-12-06 13:50:00,0.0,0.0,0.0
2024-12-06 13:55:00,0.0,0.0,0.0
2024-12-06 14:00:00,0.0,0.804,0.196
2024-12-06 14:05:00,0.0,0.0,0.0
2024-12-06 14:10:00,0.0,0.0,0.0
2024-12-06 14:15:00,0.0,0.0,0.0
2024-12-06 14:20:00,0.0,0.0,0.0
2024-12-06 14:25:00,0.146,0.751,0.103
2024-12-06 14:30:00,0.0,0.0,0.0
2024-12-06 14:35:00,0.0,0.0,0.0
2024-12-06 14:40:00,0.0,0.0,0.0
2024-12-06 14:45:00,0.0,0.0,0.0
2024-12-06 14:50:00,0.0,0.0,0.0
2024-12-06 14:55:00,0.107,0.87,0.023
2024-12-06 15:00:00,0.0,0.0,0.0
2024-12-06 15:05:00,0.0,0.0,0.0
2024-12-06 15:10:00,0.0,0.0,0.0
2024-12-06 15:15:00,0.0,0.0,0.0
2024-12-06 15:20:00,0.0,0.0,0.0
2024-12-06 15:25:00,0.0,0.0,0.0
2024-12-06 15:30:00,0.0,0.0,0.0
2024-12-06 15:35:00,0.0,0.0,0.0
2024-12-06 15:40:00,0.0,0.0,0.0
2024-12-06 15:45:00,0.0,0.0,0.0
2024-12-06 15:50:00,0.0,0.0,0.0
2024-12-06 15:55:00,0.0,0.0,0.0
2024-12-09 09:30:00,0.15354074074074076,0.7961999999999999,0.05028888888888889
2024-12-09 09:35:00,0.0,0.0,0.0
2024-12-09 09:40:00,0.0,0.0,0.0
2024-12-09 09:45:00,0.262,0.734,0.005
2024-12-09 09:50:00,0.0,0.0,0.0
2024-12-09 09:55:00,0.0,0.0,0.0
2024-12-09 10:00:00,0.0,0.0,0.0
2024-12-09 10:05:00,0.0,0.0,0.0
2024-12-09 10:10:00,0.112,0.844,0.044
2024-12-09 10:15:00,0.0,0.0,0.0
2024-12-09 10:20:00,0.0,0.0,0.0
2024-12-09 10:25:00,0.0,0.0,0.0
2024-12-09 10:30:00,0.0,0.0,0.0
2024-12-09 10:35:00,0.236,0.739,0.025
2024-12-09 10:40:00,0.129,0.788,0.083
2024-12-09 10:45:00,0.0,0.0,0.0
2024-12-09 10:50:00,0.0,0.0,0.0
2024-12-09 10:55:00,0.1345,0.7909999999999999,0.07400000000000001
2024-12-09 11:00:00,0.0,0.0,0.0
2024-12-09 11:05:00,0.0,0.0,0.0
2024-12-09 11:10:00,0.0,0.0,0.0
2024-12-09 11:15:00,0.158,0.78,0.063
2024-12-09 11:20:00,0.0,0.0,0.0
2024-12-09 11:25:00,0.0,0.0,0.0
2024-12-09 11:30:00,0.0,0.0,0.0
2024-12-09 11:35:00,0.07,0.848,0.082
2024-12-09 11:40:00,0.0,0.0,0.0
2024-12-09 11:45:00,0.0,0.0,0.0
2024-12-09 11:50:00,0.0,0.0,0.0
2024-12-09 11:55:00,0.0,0.0,0.0
2024-12-09 12:00:00,0.0,0.0,0.0
2024-12-09 12:05:00,0.0,0.0,0.0
2024-12-09 12:10:00,0.233,0.665,0.102
2024-12-09 12:15:00,0.0,0.0,0.0
2024-12-09 12:20:00,0.088,0.783,0.129
2024-12-09 12:25:00,0.0,0.0,0.0
2024-12-09 12:30:00,0.0,0.0,0.0
2024-12-09 12:35:00,0.0,0.0,0.0
2024-12-09 12:40:00,0.0,0.0,0.0
2024-12-09 12:45:00,0.0,0.0,0.0
2024-12-09 12:50:00,0.0,0.0,0.0
2024-12-09 12:55:00,0.0,0.0,0.0
2024-12-09 13:00:00,0.0,0.0,0.0
2024-12-09 13:05:00,0.0,0.0,0.0
2024-12-09 13:10:00,0.081,0.911,0.008
2024-12-09 13:15:00,0.0,0.0,0.0
2024-12-09 13:20:00,0.0,0.0,0.0
2024-12-09 13:25:00,0.0,0.0,0.0
2024-12-09 13:30:00,0.0,0.0,0.0
2024-12-09 13:35:00,0.0,0.0,0.0
2024-12-09 13:40:00,0.008,0.911,0.08
2024-12-09 13:45:00,0.0,0.0,0.0
2024-12-09 13:50:00,0.0885,0.875,0.036500000000000005
2024-12-09 13:55:00,0.0,0.0,0.0
2024-12-09 14:00:00,0.123,0.839,0.038
2024-12-09 14:05:00,0.252,0.672,0.076
2024-12-09 14:10:00,0.0,0.0,0.0
2024-12-09 14:15:00,0.10350000000000001,0.8585,0.0385
2024-12-09 14:20:00,0.0,0.0,0.0
2024-12-09 14:25:00,0.0,0.0,0.0
2024-12-09 14:30:00,0.0,0.0,0.0
2024-12-09 14:35:00,0.0,0.0,0.0
2024-12-09 14:40:00,0.0,0.0,0.0
2024-12-09 14:45:00,0.187,0.738,0.075
2024-12-09 14:50:00,0.0,0.0,0.0
2024-12-09 14:55:00,0.0,0.0,0.0
2024-12-09 15:00:00,0.0,0.0,0.0
2024-12-09 15:05:00,0.163,0.795,0.042
2024-12-09 15:10:00,0.0,0.0,0.0
2024-12-09 15:15:00,0.0,0.0,0.0
2024-12-09 15:20:00,0.054,0.933,0.013
2024-12-09 15:25:00,0.0,0.0,0.0
2024-12-09 15:30:00,0.0,0.0,0.0
2024-12-09 15:35:00,0.222,0.722,0.056
2024-12-09 15:40:00,0.154,0.788,0.058
2024-12-09 15:45:00,0.0,0.0,0.0
2024-12-09 15:50:00,0.0,0.0,0.0
2024-12-09 15:55:00,0.0,0.0,0.0
2024-12-10 09:30:00,0.13808928571428572,0.8096428571428572,0.052196428571428574
2024-12-10 09:35:00,0.16,0.835,0.006
2024-12-10 09:40:00,0.0,0.0,0.0
2024-12-10 09:45:00,0.0,0.0,0.0
2024-12-10 09:50:00,0.0,0.0,0.0
2024-12-10 09:55:00,0.0,0.0,0.0
2024-12-10 10:00:00,0.0,0.0,0.0
2024-12-10 10:05:00,0.0,0.0,0.0
2024-12-10 10:10:00,0.0,0.0,0.0
2024-12-10 10:15:00,0.0,0.0,0.0
2024-12-10 10:20:00,0.0,0.0,0.0
2024-12-10 10:25:00,0.0,1.0,0.0
2024-12-10 10:30:00,0.0,0.0,0.0
2024-12-10 10:35:00,0.0,0.0,0.0
2024-12-10 10:40:00,0.14600000000000002,0.763,0.09125
2024-12-10 10:45:00,0.0,0.0,0.0
2024-12-10 10:50:00,0.201,0.799,0.0
2024-12-10 10:55:00,0.0,0.0,0.0
2024-12-10 11:00:00,0.0,0.0,0.0
2024-12-10 11:05:00,0.13,0.81,0.06
2024-12-10 11:10:00,0.0,0.0,0.0
2024-12-10 11:15:00,0.0,0.0,0.0
2024-12-10 11:20:00,0.0,0.0,0.0
2024-12-10 11:25:00,0.0,0.0,0.0
2024-12-10 11:30:00,0.162,0.717,0.122
2024-12-10 11:35:00,0.0,0.0,0.0
2024-12-10 11:40:00,0.0,0.0,0.0
2024-12-10 11:45:00,0.0,0.0,0.0
2024-12-10 11:50:00,0.174,0.793,0.033
2024-12-10 11:55:00,0.0,0.0,0.0
2024-12-10 12:00:00,0.0,0.0,0.0
2024-12-10 12:05:00,0.0,0.0,0.0
2024-12-10 12:10:00,0.0,0.0,0.0
2024-12-10 12:15:00,0.0,0.0,0.0
2024-12-10 12:20:00,0.038,0.8875,0.07450000000000001
2024-12-10 12:25:00,0.124,0.782,0.094
2024-12-10 12:30:00,0.0,0.795,0.205
2024-12-10 12:35:00,0.0,0.0,0.0
2024-12-10 12:40:00,0.0,0.0,0.0
2024-12-10 12:45:00,0.0,0.0,0.0
2024-12-10 12:50:00,0.0,0.0,0.0
2024-12-10 12:55:00,0.0,0.0,0.0
2024-12-10 13:00:00,0.0,0.0,0.0
2024-12-10 13:05:00,0.0,0.0,0.0
2024-12-10 13:10:00,0.0,0.0,0.0
2024-12-10 13:15:00,0.0,0.0,0.0
2024-12-10 13:20:00,0.0,0.0,0.0
2024-12-10 13:25:00,0.0,0.0,0.0
2024-12-10 13:30:00,0.0,0.0,0.0
2024-12-10 13:35:00,0.224,0.703,0.074
2024-12-10 13:40:00,0.0,0.0,0.0
2024-12-10 13:45:00,0.0,0.0,0.0
2024-12-10 13:50:00,0.0,0.0,0.0
2024-12-10 13:55:00,0.124,0.794,0.082
2024-12-10 14:00:00,0.0,0.0,0.0
2024-12-10 14:05:00,0.0,0.0,0.0
2024-12-10 14:10:00,0.16019999999999998,0.7658,0.0742
2024-12-10 14:15:00,0.0,0.0,0.0
2024-12-10 14:20:00,0.0,0.919,0.081
2024-12-10 14:25:00,0.253,0.734,0.013
2024-12-10 14:30:00,0.0,0.0,0.0
2024-12-10 14:35:00,0.0,0.0,0.0
2024-12-10 14:40:00,0.0,0.0,0.0
2024-12-10 14:45:00,0.0,0.0,0.0
2024-12-10 14:50:00,0.0,0.0,0.0
2024-12-10 14:55:00,0.154,0.833,0.014
2024-12-10 15:00:00,0.0,0.0,0.0
2024-12-10 15:05:00,0.0,0.0,0.0
2024-12-10 15:10:00,0.0,0.0,0.0
2024-12-10 15:15:00,0.0,0.0,0.0
2024-12-10 15:20:00,0.0,0.0,0.0
2024-12-10 15:25:00,0.0,0.0,0.0
2024-12-10 15:30:00,0.0,0.0,0.0
2024-12-10 15:35:00,0.0,0.0,0.0
2024-12-10 15:40:00,0.235,0.757,0.008
2024-12-10 15:45:00,0.0,0.0,0.0
2024-12-10 15:50:00,0.2025,0.7595000000000001,0.0385
2024-12-10 15:55:00,0.0,0.0,0.0
2024-12-11 09:30:00,0.1718095238095238,0.7775238095238095,0.05066666666666667
2024-12-11 09:35:00,0.266,0.7,0.034
2024-12-11 09:40:00,0.0,0.0,0.0
2024-12-11 09:45:00,0.0,0.0,0.0
2024-12-11 09:50:00,0.0,0.0,0.0
2024-12-11 09:55:00,0.0,0.905,0.095
2024-12-11 10:00:00,0.0,0.0,0.0
2024-12-11 10:05:00,0.0,0.0,0.0
2024-12-11 10:10:00,0.0,0.0,0.0
2024-12-11 10:15:00,0.0,0.0,0.0
2024-12-11 10:20:00,0.0,0.0,0.0
2024-12-11 10:25:00,0.0,0.0,0.0
2024-12-11 10:30:00,0.0,0.0,0.0
2024-12-11 10:35:00,0.174,0.82,0.006
2024-12-11 10:40:00,0.0,0.0,0.0
2024-12-11 10:45:00,0.0,0.0,0.0
2024-12-11 10:50:00,0.0,0.0,0.0
2024-12-11 10:55:00,0.0,0.0,0.0
2024-12-11 11:00:00,0.0,0.0,0.0
2024-12-11 11:05:00,0.0,0.0,0.0
2024-12-11 11:10:00,0.0,0.0,0.0
2024-12-11 11:15:00,0.0,0.0,0.0
2024-12-11 11:20:00,0.0,0.0,0.0
2024-12-11 11:25:00,0.0,0.0,0.0
2024-12-11 11:30:00,0.0,0.0,0.0
2024-12-11 11:35:00,0.0,0.0,0.0
2024-12-11 11:40:00,0.0,0.0,0.0
2024-12-11 11:45:00,0.0,0.0,0.0
2024-12-11 11:50:00,0.0,0.0,0.0
2024-12-11 11:55:00,0.0,0.0,0.0
2024-12-11 12:00:00,0.0,1.0,0.0
2024-12-11 12:05:00,0.0,0.0,0.0
2024-12-11 12:10:00,0.0,0.0,0.0
2024-12-11 12:15:00,0.0,0.0,0.0
2024-12-11 12:20:00,0.147,0.825,0.028
2024-12-11 12:25:00,0.0,0.0,0.0
2024-12-11 12:30:00,0.0,0.0,0.0
2024-12-11 12:35:00,0.0,0.0,0.0
2024-12-11 12:40:00,0.0,0.0,0.0
2024-12-11 12:45:00,0.0,0.0,0.0
2024-12-11 12:50:00,0.0,0.0,0.0
2024-12-11 12:55:00,0.0,0.0,0.0
2024-12-11 13:00:00,0.0,0.0,0.0
2024-12-11 13:05:00,0.0,0.0,0.0
2024-12-11 13:10:00,0.0,0.0,0.0
2024-12-11 13:15:00,0.0,0.0,0.0
2024-12-11 13:20:00,0.0,0.0,0.0
2024-12-11 13:25:00,0.0,0.0,0.0
2024-12-11 13:30:00,0.0,0.0,0.0
2024-12-11 13:35:00,0.0,0.0,0.0
2024-12-11 13:40:00,0.0,0.0,0.0
2024-12-11 13:45:00,0.1405,0.8325,0.027
2024-12-11 13:50:00,0.0,0.0,0.0
2024-12-11 13:55:00,0.0,0.0,0.0
2024-12-11 14:00:00,0.0,0.0,0.0
2024-12-11 14:05:00,0.186,0.68,0.134
2024-12-11 14:10:00,0.148,0.7555000000000001,0.0965
2024-12-11 14:15:00,0.083,0.7035,0.2135
2024-12-11 14:20:00,0.172,0.768,0.061
2024-12-11 14:25:00,0.0,0.0,0.0
2024-12-11 14:30:00,0.0,0.0,0.0
2024-12-11 14:35:00,0.193,0.775,0.0325
2024-12-11 14:40:00,0.22999999999999998,0.7076666666666668,0.06233333333333333
2024-12-11 14:45:00,0.0,0.0,0.0
2024-12-11 14:50:00,0.23450000000000001,0.7155,0.0505
2024-12-11 14:55:00,0.0,0.0,0.0
2024-12-11 15:00:00,0.175,0.727,0.098
2024-12-11 15:05:00,0.0,0.0,0.0
2024-12-11 15:10:00,0.0925,0.718,0.19
2024-12-11 15:15:00,0.183,0.755,0.062
2024-12-11 15:20:00,0.0,0.0,0.0
2024-12-11 15:25:00,0.196,0.711,0.093
2024-12-11 15:30:00,0.0,0.0,0.0
2024-12-11 15:35:00,0.179,0.7645,0.0565
2024-12-11 15:40:00,0.0,0.0,0.0
2024-12-11 15:45:00,0.0,0.0,0.0
2024-12-11 15:50:00,0.0,0.0,0.0
2024-12-11 15:55:00,0.0,0.0,0.0
2024-12-12 09:30:00,0.16544444444444445,0.772,0.062464646464646466
2024-12-12 09:35:00,0.0,0.0,0.0
2024-12-12 09:40:00,0.0,0.0,0.0
2024-12-12 09:45:00,0.0,0.0,0.0
2024-12-12 09:50:00,0.0,0.0,0.0
2024-12-12 09:55:00,0.194,0.797,0.009
2024-12-12 10:00:00,0.0,0.0,0.0
2024-12-12 10:05:00,0.271,0.681,0.048
2024-12-12 10:10:00,0.006,0.81,0.184
2024-12-12 10:15:00,0.0,0.0,0.0
2024-12-12 10:20:00,0.0,0.0,0.0
2024-12-12 10:25:00,0.145,0.799,0.056
2024-12-12 10:30:00,0.0,0.0,0.0
2024-12-12 10:35:00,0.24,0.571,0.189
2024-12-12 10:40:00,0.0,0.0,0.0
2024-12-12 10:45:00,0.193,0.751,0.056
2024-12-12 10:50:00,0.0,0.0,0.0
2024-12-12 10:55:00,0.0,0.0,0.0
2024-12-12 11:00:00,0.0,0.881,0.119
2024-12-12 11:05:00,0.054,0.676,0.27
2024-12-12 11:10:00,0.113,0.841,0.046
2024-12-12 11:15:00,0.116,0.804,0.08
2024-12-12 11:20:00,0.0,0.0,0.0
2024-12-12 11:25:00,0.0,0.0,0.0
2024-12-12 11:30:00,0.161,0.736,0.103
2024-12-12 11:35:00,0.0,0.0,0.0
2024-12-12 11:40:00,0.199,0.773,0.028
2024-12-12 11:45:00,0.21350000000000002,0.7555000000000001,0.0315
2024-12-12 11:50:00,0.0,0.0,0.0
2024-12-12 11:55:00,0.015,0.872,0.114
2024-12-12 12:00:00,0.0,0.713,0.287
2024-12-12 12:05:00,0.124,0.7969999999999999,0.079
2024-12-12 12:10:00,0.0,0.0,0.0
2024-12-12 12:15:00,0.0,0.0,0.0
2024-12-12 12:20:00,0.034,0.81,0.156
2024-12-12 12:25:00,0.0,0.0,0.0
2024-12-12 12:30:00,0.0,0.0,0.0
2024-12-12 12:35:00,0.139,0.7709999999999999,0.09
2024-12-12 12:40:00,0.0,0.0,0.0
2024-12-12 12:45:00,0.0,0.0,0.0
2024-12-12 12:50:00,0.0,0.0,0.0
2024-12-12 12:55:00,0.192,0.767,0.041
2024-12-12 13:00:00,0.0,0.681,0.319
2024-12-12 13:05:00,0.19,0.692,0.118
2024-12-12 13:10:00,0.0,0.0,0.0
2024-12-12 13:15:00,0.0,0.0,0.0
2024-12-12 13:20:00,0.0,0.0,0.0
2024-12-12 13:25:00,0.238,0.717,0.045
2024-12-12 13:30:00,0.0,0.0,0.0
2024-12-12 13:35:00,0.182,0.75,0.068
2024-12-12 13:40:00,0.153,0.818,0.029
2024-12-12 13:45:00,0.0,0.0,0.0
2024-12-12 13:50:00,0.0,0.0,0.0
2024-12-12 13:55:00,0.0,0.0,0.0
2024-12-12 14:00:00,0.0,0.0,0.0
2024-12-12 14:05:00,0.0,0.0,0.0
2024-12-12 14:10:00,0.181,0.811,0.008
2024-12-12 14:15:00,0.0,0.0,0.0
2024-12-12 14:20:00,0.0,0.0,0.0
2024-12-12 14:25:00,0.1345,0.81,0.055499999999999994
2024-12-12 14:30:00,0.0,0.0,0.0
2024-12-12 14:35:00,0.0,0.0,0.0
2024-12-12 14:40:00,0.0,0.0,0.0
2024-12-12 14:45:00,0.0,0.0,0.0
2024-12-12 14:50:00,0.0,0.0,0.0
2024-12-12 14:55:00,0.0,0.0,0.0
2024-12-12 15:00:00,0.0,0.0,0.0
2024-12-12 15:05:00,0.0,0.925,0.075
2024-12-12 15:10:00,0.08633333333333333,0.823,0.09066666666666666
2024-12-12 15:15:00,0.18,0.772,0.048
2024-12-12 15:20:00,0.0,0.0,0.0
2024-12-12 15:25:00,0.0,0.0,0.0
2024-12-12 15:30:00,0.0,0.0,0.0
2024-12-12 15:35:00,0.162,0.821,0.017
2024-12-12 15:40:00,0.0,0.0,0.0
2024-12-12 15:45:00,0.1045,0.7665,0.1285
2024-12-12 15:50:00,0.0,0.0,0.0
2024-12-12 15:55:00,0.0,0.0,0.0
2024-12-13 09:30:00,0.14863492063492065,0.7973492063492063,0.054047619047619046
2024-12-13 09:35:00,0.0,0.0,0.0
2024-12-13 09:40:00,0.0,0.0,0.0
2024-12-13 09:45:00,0.0,0.0,0.0
2024-12-13 09:50:00,0.0,0.0,0.0
2024-12-13 09:55:00,0.0,0.0,0.0
2024-12-13 10:00:00,0.0,0.0,0.0
2024-12-13 10:05:00,0.21,0.774,0.015
2024-12-13 10:10:00,0.112,0.788,0.1
2024-12-13 10:15:00,0.03,0.823,0.147
2024-12-13 10:20:00,0.0,0.0,0.0
2024-12-13 10:25:00,0.0,0.0,0.0
2024-12-13 10:30:00,0.0,0.0,0.0
2024-12-13 10:35:00,0.21,0.707,0.084
2024-12-13 10:40:00,0.0,0.0,0.0
2024-12-13 10:45:00,0.0,0.0,0.0
2024-12-13 10:50:00,0.0,0.0,0.0
2024-12-13 10:55:00,0.0,0.0,0.0
2024-12-13 11:00:00,0.0,0.0,0.0
2024-12-13 11:05:00,0.0,0.0,0.0
2024-12-13 11:10:00,0.0,0.0,0.0
2024-12-13 11:15:00,0.0,0.0,0.0
2024-12-13 11:20:00,0.0,0.0,0.0
2024-12-13 11:25:00,0.0,0.0,0.0
2024-12-13 11:30:00,0.0,0.0,0.0
2024-12-13 11:35:00,0.202,0.681,0.116
2024-12-13 11:40:00,0.0,0.0,0.0
2024-12-13 11:45:00,0.0,0.0,0.0
2024-12-13 11:50:00,0.0,0.0,0.0
2024-12-13 11:55:00,0.158,0.709,0.134
2024-12-13 12:00:00,0.0,0.0,0.0
2024-12-13 12:05:00,0.239,0.694,0.067
2024-12-13 12:10:00,0.183,0.805,0.012
2024-12-13 12:15:00,0.181,0.694,0.125
2024-12-13 12:20:00,0.0,0.0,0.0
2024-12-13 12:25:00,0.0,0.0,0.0
2024-12-13 12:30:00,0.0,0.0,0.0
2024-12-13 12:35:00,0.0,0.0,0.0
2024-12-13 12:40:00,0.0,0.0,0.0
2024-12-13 12:45:00,0.0,0.0,0.0
2024-12-13 12:50:00,0.0,0.0,0.0
2024-12-13 12:55:00,0.07,0.851,0.079
2024-12-13 13:00:00,0.203,0.791,0.006
2024-12-13 13:05:00,0.152,0.789,0.059
2024-12-13 13:10:00,0.104,0.846,0.05
2024-12-13 13:15:00,0.0,0.0,0.0
2024-12-13 13:20:00,0.0,0.0,0.0
2024-12-13 13:25:00,0.228,0.76,0.012
2024-12-13 13:30:00,0.0,0.0,0.0
2024-12-13 13:35:00,0.0,0.0,0.0
2024-12-13 13:40:00,0.15250000000000002,0.749,0.098
2024-12-13 13:45:00,0.148,0.814,0.037
2024-12-13 13:50:00,0.0,0.0,0.0
2024-12-13 13:55:00,0.0,0.0,0.0
2024-12-13 14:00:00,0.231,0.76,0.009
2024-12-13 14:05:00,0.0,0.0,0.0
2024-12-13 14:10:00,0.0,0.0,0.0
2024-12-13 14:15:00,0.0,1.0,0.0
2024-12-13 14:20:00,0.128,0.686,0.186
2024-12-13 14:25:00,0.219,0.704,0.077
2024-12-13 14:30:00,0.248,0.731,0.021
2024-12-13 14:35:00,0.0,0.0,0.0
2024-12-13 14:40:00,0.0,0.0,0.0
2024-12-13 14:45:00,0.092,0.755,0.154
2024-12-13 14:50:00,0.0,0.0,0.0
2024-12-13 14:55:00,0.0,0.0,0.0
2024-12-13 15:00:00,0.0,0.0,0.0
2024-12-13 15:05:00,0.0,0.0,0.0
2024-12-13 15:10:00,0.184,0.749,0.067
2024-12-13 15:15:00,0.0,0.0,0.0
2024-12-13 15:20:00,0.1265,0.8365,0.037
2024-12-13 15:25:00,0.0,0.0,0.0
2024-12-13 15:30:00,0.0,0.0,0.0
2024-12-13 15:35:00,0.223,0.673,0.103
2024-12-13 15:40:00,0.0,0.0,0.0
2024-12-13 15:45:00,0.0,0.0,0.0
2024-12-13 15:50:00,0.0,0.0,0.0
2024-12-13 15:55:00,0.178,0.808,0.015
2024-12-16 09:30:00,0.14344217687074828,0.809312925170068,0.04719047619047619
2024-12-16 09:35:00,0.20375,0.7885,0.00825
2024-12-16 09:40:00,0.16833333333333333,0.823,0.009
2024-12-16 09:45:00,0.0,0.0,0.0
2024-12-16 09:50:00,0.0,0.0,0.0
2024-12-16 09:55:00,0.16499999999999998,0.827,0.008
2024-12-16 10:00:00,0.0,0.0,0.0
2024-12-16 10:05:00,0.0,1.0,0.0
2024-12-16 10:10:00,0.201,0.769,0.031
2024-12-16 10:15:00,0.071,0.92,0.009
2024-12-16 10:20:00,0.0,0.0,0.0
2024-12-16 10:25:00,0.0,0.0,0.0
2024-12-16 10:30:00,0.0215,0.9735,0.005
2024-12-16 10:35:00,0.0,0.0,0.0
2024-12-16 10:40:00,0.0,0.0,0.0
2024-12-16 10:45:00,0.0,0.0,0.0
2024-12-16 10:50:00,0.0,0.0,0.0
2024-12-16 10:55:00,0.113,0.83,0.057
2024-12-16 11:00:00,0.0,0.0,0.0
2024-12-16 11:05:00,0.0,0.0,0.0
2024-12-16 11:10:00,0.0,0.0,0.0
2024-12-16 11:15:00,0.1,0.886,0.014
2024-12-16 11:20:00,0.0,0.0,0.0
2024-12-16 11:25:00,0.0,0.0,0.0
2024-12-16 11:30:00,0.219,0.743,0.038
2024-12-16 11:35:00,0.1295,0.8255,0.045
2024-12-16 11:40:00,0.0,0.0,0.0
2024-12-16 11:45:00,0.0,0.0,0.0
2024-12-16 11:50:00,0.0,0.0,0.0
2024-12-16 11:55:00,0.0,0.0,0.0
2024-12-16 12:00:00,0.0,0.0,0.0
2024-12-16 12:05:00,0.0,0.0,0.0
2024-12-16 12:10:00,0.128,0.837,0.035
2024-12-16 12:15:00,0.0,0.926,0.074
2024-12-16 12:20:00,0.0,0.0,0.0
2024-12-16 12:25:00,0.0,0.0,0.0
2024-12-16 12:30:00,0.23,0.668,0.102
2024-12-16 12:35:00,0.0,0.0,0.0
2024-12-16 12:40:00,0.0,0.0,0.0
2024-12-16 12:45:00,0.105,0.86,0.035
2024-12-16 12:50:00,0.1405,0.8325,0.0275
2024-12-16 12:55:00,0.0,0.0,0.0
2024-12-16 13:00:00,0.0,0.0,0.0
2024-12-16 13:05:00,0.0,0.0,0.0
2024-12-16 13:10:00,0.246,0.741,0.014
2024-12-16 13:15:00,0.0,0.0,0.0
2024-12-16 13:20:00,0.0,0.0,0.0
2024-12-16 13:25:00,0.0,0.0,0.0
2024-12-16 13:30:00,0.0,0.0,0.0
2024-12-16 13:35:00,0.0,0.0,0.0
2024-12-16 13:40:00,0.0,0.0,0.0
2024-12-16 13:45:00,0.0,0.0,0.0
2024-12-16 13:50:00,0.0,0.0,0.0
2024-12-16 13:55:00,0.0,0.0,0.0
2024-12-16 14:00:00,0.0,0.0,0.0
2024-12-16 14:05:00,0.0,0.0,0.0
2024-12-16 14:10:00,0.0,0.0,0.0
2024-12-16 14:15:00,0.0,0.0,0.0
2024-12-16 14:20:00,0.067,0.886,0.047
2024-12-16 14:25:00,0.0,0.0,0.0
2024-12-16 14:30:00,0.0,0.0,0.0
2024-12-16 14:35:00,0.1495,0.808,0.042499999999999996
2024-12-16 14:40:00,0.136,0.834,0.029500000000000002
2024-12-16 14:45:00,0.173,0.797,0.03
2024-12-16 14:50:00,0.0,0.0,0.0
2024-12-16 14:55:00,0.0,0.0,0.0
2024-12-16 15:00:00,0.0,0.0,0.0
2024-12-16 15:05:00,0.0,0.0,0.0
2024-12-16 15:10:00,0.203,0.723,0.075
2024-12-16 15:15:00,0.0,0.0,0.0
2024-12-16 15:20:00,0.0,0.0,0.0
2024-12-16 15:25:00,0.137,0.8285,0.0345
2024-12-16 15:30:00,0.0,0.0,0.0
2024-12-16 15:35:00,0.0,0.0,0.0
2024-12-16 15:40:00,0.0,0.0,0.0
2024-12-16 15:45:00,0.269,0.665,0.066
2024-12-16 15:50:00,0.0,0.707,0.293
2024-12-16 15:55:00,0.0,0.0,0.0
2024-12-17 09:30:00,0.1282622950819672,0.8138360655737704,0.057999999999999996
2024-12-17 09:35:00,0.232,0.756,0.012
2024-12-17 09:40:00,0.149,0.834,0.018
2024-12-17 09:45:00,0.0,0.0,0.0
2024-12-17 09:50:00,0.0,0.0,0.0
2024-12-17 09:55:00,0.099,0.872,0.029
2024-12-17 10:00:00,0.0,0.0,0.0
2024-12-17 10:05:00,0.0,0.0,0.0
2024-12-17 10:10:00,0.0,0.0,0.0
2024-12-17 10:15:00,0.0,0.0,0.0
2024-12-17 10:20:00,0.091,0.864,0.045
2024-12-17 10:25:00,0.0,0.0,0.0
2024-12-17 10:30:00,0.0,0.0,0.0
2024-12-17 10:35:00,0.138,0.808,0.053
2024-12-17 10:40:00,0.0,0.0,0.0
2024-12-17 10:45:00,0.0,0.0,0.0
2024-12-17 10:50:00,0.0,0.0,0.0
2024-12-17 10:55:00,0.0,0.0,0.0
2024-12-17 11:00:00,0.0,0.0,0.0
2024-12-17 11:05:00,0.0,0.0,0.0
2024-12-17 11:10:00,0.2015,0.725,0.073
2024-12-17 11:15:00,0.0,0.0,0.0
2024-12-17 11:20:00,0.0,0.0,0.0
2024-12-17 11:25:00,0.161,0.835,0.003
2024-12-17 11:30:00,0.0,0.0,0.0
2024-12-17 11:35:00,0.0,0.0,0.0
2024-12-17 11:40:00,0.0,0.0,0.0
2024-12-17 11:45:00,0.158,0.771,0.071
2024-12-17 11:50:00,0.0,0.0,0.0
2024-12-17 11:55:00,0.0,0.0,0.0
2024-12-17 12:00:00,0.0,0.0,0.0
2024-12-17 12:05:00,0.0,0.0,0.0
2024-12-17 12:10:00,0.0,0.0,0.0
2024-12-17 12:15:00,0.0,0.0,0.0
2024-12-17 12:20:00,0.0,0.0,0.0
2024-12-17 12:25:00,0.018,0.789,0.194
2024-12-17 12:30:00,0.0,0.0,0.0
2024-12-17 12:35:00,0.0,0.0,0.0
2024-12-17 12:40:00,0.121,0.855,0.024
2024-12-17 12:45:00,0.0,0.0,0.0
2024-12-17 12:50:00,0.0,0.0,0.0
2024-12-17 12:55:00,0.0,0.0,0.0
2024-12-17 13:00:00,0.0,0.0,0.0
2024-12-17 13:05:00,0.175,0.748,0.077
2024-12-17 13:10:00,0.144,0.706,0.149
2024-12-17 13:15:00,0.0,0.0,0.0
2024-12-17 13:20:00,0.0,0.0,0.0
2024-12-17 13:25:00,0.0,0.0,0.0
2024-12-17 13:30:00,0.0,0.0,0.0
2024-12-17 13:35:00,0.0,0.0,0.0
2024-12-17 13:40:00,0.0,0.0,0.0
2024-12-17 13:45:00,0.0,0.0,0.0
2024-12-17 13:50:00,0.051,0.888,0.061
2024-12-17 13:55:00,0.0,0.0,0.0
2024-12-17 14:00:00,0.0,0.0,0.0
2024-12-17 14:05:00,0.0,0.0,0.0
2024-12-17 14:10:00,0.0,0.0,0.0
2024-12-17 14:15:00,0.0,0.0,0.0
2024-12-17 14:20:00,0.142,0.846,0.012
2024-12-17 14:25:00,0.0,0.0,0.0
2024-12-17 14:30:00,0.0,0.0,0.0
2024-12-17 14:35:00,0.0,0.0,0.0
2024-12-17 14:40:00,0.0,0.0,0.0
2024-12-17 14:45:00,0.0,0.0,0.0
2024-12-17 14:50:00,0.0,0.0,0.0
2024-12-17 14:55:00,0.0,0.0,0.0
2024-12-17 15:00:00,0.252,0.748,0.0
2024-12-17 15:05:00,0.031,0.835,0.135
2024-12-17 15:10:00,0.157,0.753,0.09
2024-12-17 15:15:00,0.0,0.0,0.0
2024-12-17 15:20:00,0.207,0.759,0.033
2024-12-17 15:25:00,0.0,0.0,0.0
2024-12-17 15:30:00,0.0,0.0,0.0
2024-12-17 15:35:00,0.1015,0.8835,0.015
2024-12-17 15:40:00,0.0,0.0,0.0
2024-12-17 15:45:00,0.0,0.0,0.0
2024-12-17 15:50:00,0.0,0.0,0.0
2024-12-17 15:55:00,0.283,0.709,0.009
2024-12-18 09:30:00,0.16188235294117648,0.7943921568627451,0.04356862745098039
2024-12-18 09:35:00,0.0,0.0,0.0
2024-12-18 09:40:00,0.0,0.0,0.0
2024-12-18 09:45:00,0.0,0.0,0.0
2024-12-18 09:50:00,0.0,0.0,0.0
2024-12-18 09:55:00,0.0,0.0,0.0
2024-12-18 10:00:00,0.0,0.0,0.0
2024-12-18 10:05:00,0.0,0.0,0.0
2024-12-18 10:10:00,0.0,0.0,0.0
2024-12-18 10:15:00,0.0,0.0,0.0
2024-12-18 10:20:00,0.0,0.0,0.0
2024-12-18 10:25:00,0.0,0.0,0.0
2024-12-18 10:30:00,0.0,0.917,0.083
2024-12-18 10:35:00,0.0,0.0,0.0
2024-12-18 10:40:00,0.0,0.866,0.134
2024-12-18 10:45:00,0.0,0.0,0.0
2024-12-18 10:50:00,0.0,0.0,0.0
2024-12-18 10:55:00,0.0,0.0,0.0
2024-12-18 11:00:00,0.0,0.0,0.0
2024-12-18 11:05:00,0.0,0.0,0.0
2024-12-18 11:10:00,0.018,0.819,0.163
2024-12-18 11:15:00,0.0,0.0,0.0
2024-12-18 11:20:00,0.0,0.0,0.0
2024-12-18 11:25:00,0.201,0.785,0.014
2024-12-18 11:30:00,0.0,0.0,0.0
2024-12-18 11:35:00,0.0,0.0,0.0
2024-12-18 11:40:00,0.0,0.0,0.0
2024-12-18 11:45:00,0.0,0.0,0.0
2024-12-18 11:50:00,0.0,0.0,0.0
2024-12-18 11:55:00,0.143,0.777,0.08
2024-12-18 12:00:00,0.0,0.0,0.0
2024-12-18 12:05:00,0.0,0.0,0.0
2024-12-18 12:10:00,0.082,0.622,0.295
2024-12-18 12:15:00,0.126,0.826,0.048
2024-12-18 12:20:00,0.0,0.0,0.0
2024-12-18 12:25:00,0.0,0.0,0.0
2024-12-18 12:30:00,0.0,0.0,0.0
2024-12-18 12:35:00,0.0,0.0,0.0
2024-12-18 12:40:00,0.11,0.842,0.047
2024-12-18 12:45:00,0.229,0.759,0.012
2024-12-18 12:50:00,0.09549999999999999,0.796,0.10850000000000001
2024-12-18 12:55:00,0.0,0.0,0.0
2024-12-18 13:00:00,0.0,0.0,0.0
2024-12-18 13:05:00,0.0,0.0,0.0
2024-12-18 13:10:00,0.0,0.0,0.0
2024-12-18 13:15:00,0.0,0.0,0.0
2024-12-18 13:20:00,0.0,0.0,0.0
2024-12-18 13:25:00,0.157,0.829,0.014
2024-12-18 13:30:00,0.0,0.0,0.0
2024-12-18 13:35:00,0.0,0.0,0.0
2024-12-18 13:40:00,0.0,0.0,0.0
2024-12-18 13:45:00,0.0,0.0,0.0
2024-12-18 13:50:00,0.0,0.0,0.0
2024-12-18 13:55:00,0.0,0.0,0.0
2024-12-18 14:00:00,0.0,0.0,0.0
2024-12-18 14:05:00,0.198,0.777,0.025
2024-12-18 14:10:00,0.0,0.0,0.0
2024-12-18 14:15:00,0.136,0.792,0.072
2024-12-18 14:20:00,0.0,0.0,0.0
2024-12-18 14:25:00,0.159,0.781,0.06
2024-12-18 14:30:00,0.245,0.716,0.039
2024-12-18 14:35:00,0.153,0.737,0.11
2024-12-18 14:40:00,0.136,0.803,0.06
2024-12-18 14:45:00,0.0,0.0,0.0
2024-12-18 14:50:00,0.0,0.0,0.0
2024-12-18 14:55:00,0.0,0.0,0.0
2024-12-18 15:00:00,0.0,0.0,0.0
2024-12-18 15:05:00,0.0,0.0,0.0
2024-12-18 15:10:00,0.0,0.0,0.0
2024-12-18 15:15:00,0.0,0.0,0.0
2024-12-18 15:20:00,0.0,0.0,0.0
2024-12-18 15:25:00,0.0,0.0,0.0
2024-12-18 15:30:00,0.0,0.0,0.0
2024-12-18 15:35:00,0.202,0.727,0.07
2024-12-18 15:40:00,0.0,0.0,0.0
2024-12-18 15:45:00,0.0,0.0,0.0
2024-12-18 15:50:00,0.22,0.699,0.081
2024-12-18 15:55:00,0.0,0.0,0.0
2024-12-19 09:30:00,0.15154716981132074,0.7943962264150943,0.0540188679245283
2024-12-19 09:35:00,0.1615,0.813,0.026000000000000002
2024-12-19 09:40:00,0.0,0.0,0.0
2024-12-19 09:45:00,0.179,0.804,0.017
2024-12-19 09:50:00,0.0,0.0,0.0
2024-12-19 09:55:00,0.0,0.0,0.0
2024-12-19 10:00:00,0.015,0.872,0.113
2024-12-19 10:05:00,0.191,0.7475,0.062
2024-12-19 10:10:00,0.0,0.0,0.0
2024-12-19 10:15:00,0.0,0.0,0.0
2024-12-19 10:20:00,0.0,0.0,0.0
2024-12-19 10:25:00,0.0,0.0,0.0
2024-12-19 10:30:00,0.0,0.0,0.0
2024-12-19 10:35:00,0.0,0.0,0.0
2024-12-19 10:40:00,0.0,0.0,0.0
2024-12-19 10:45:00,0.0,0.0,0.0
2024-12-19 10:50:00,0.0,0.0,0.0
2024-12-19 10:55:00,0.0,0.0,0.0
2024-12-19 11:00:00,0.0,0.0,0.0
2024-12-19 11:05:00,0.0,0.0,0.0
2024-12-19 11:10:00,0.0,0.0,0.0
2024-12-19 11:15:00,0.197,0.771,0.032
2024-12-19 11:20:00,0.0,0.0,0.0
2024-12-19 11:25:00,0.0,0.0,0.0
2024-12-19 11:30:00,0.0,0.0,0.0
2024-12-19 11:35:00,0.274,0.593,0.133
2024-12-19 11:40:00,0.087,0.884,0.029
2024-12-19 11:45:00,0.277,0.685,0.038
2024-12-19 11:50:00,0.0,0.0,0.0
2024-12-19 11:55:00,0.0,0.0,0.0
2024-12-19 12:00:00,0.0,0.0,0.0
2024-12-19 12:05:00,0.0,0.0,0.0
2024-12-19 12:10:00,0.0,0.0,0.0
2024-12-19 12:15:00,0.0,0.0,0.0
2024-12-19 12:20:00,0.0,0.0,0.0
2024-12-19 12:25:00,0.0,0.0,0.0
2024-12-19 12:30:00,0.0,0.0,0.0
2024-12-19 12:35:00,0.1,0.8275,0.07250000000000001
2024-12-19 12:40:00,0.0,0.0,0.0
2024-12-19 12:45:00,0.0,0.0,0.0
2024-12-19 12:50:00,0.0,0.0,0.0
2024-12-19 12:55:00,0.0,0.0,0.0
2024-12-19 13:00:00,0.0,0.0,0.0
2024-12-19 13:05:00,0.0,0.0,0.0
2024-12-19 13:10:00,0.0,0.0,0.0
2024-12-19 13:15:00,0.0,0.0,0.0
2024-12-19 13:20:00,0.0,0.0,0.0
2024-12-19 13:25:00,0.0,0.0,0.0
2024-12-19 13:30:00,0.223,0.756,0.021
2024-12-19 13:35:00,0.1625,0.7905,0.0475
2024-12-19 13:40:00,0.159,0.836,0.005
2024-12-19 13:45:00,0.177,0.811,0.012
2024-12-19 13:50:00,0.0,0.0,0.0
2024-12-19 13:55:00,0.0,0.0,0.0
2024-12-19 14:00:00,0.0,0.0,0.0
2024-12-19 14:05:00,0.138,0.822,0.04
2024-12-19 14:10:00,0.0,0.0,0.0
2024-12-19 14:15:00,0.0,0.0,0.0
2024-12-19 14:20:00,0.0995,0.7865,0.1145
2024-12-19 14:25:00,0.0,0.0,0.0
2024-12-19 14:30:00,0.0,0.911,0.089
2024-12-19 14:35:00,0.0,0.0,0.0
2024-12-19 14:40:00,0.0,0.0,0.0
2024-12-19 14:45:00,0.094,0.886,0.021
2024-12-19 14:50:00,0.0,0.922,0.078
2024-12-19 14:55:00,0.0,0.0,0.0
2024-12-19 15:00:00,0.0,0.0,0.0
2024-12-19 15:05:00,0.0,0.0,0.0
2024-12-19 15:10:00,0.0,0.0,0.0
2024-12-19 15:15:00,0.0,0.0,0.0
2024-12-19 15:20:00,0.0,0.0,0.0
2024-12-19 15:25:00,0.0,0.0,0.0
2024-12-19 15:30:00,0.0,0.0,0.0
2024-12-19 15:35:00,0.0,0.0,0.0
2024-12-19 15:40:00,0.169,0.799,0.032
2024-12-19 15:45:00,0.0,0.0,0.0
2024-12-19 15:50:00,0.0,0.0,0.0
2024-12-19 15:55:00,0.0,0.0,0.0
2024-12-20 09:30:00,0.16739024390243903,0.7826585365853658,0.049951219512195125
2024-12-20 09:35:00,0.144,0.723,0.133
2024-12-20 09:40:00,0.0,0.0,0.0
2024-12-20 09:45:00,0.0,0.0,0.0
2024-12-20 09:50:00,0.112,0.853,0.035
2024-12-20 09:55:00,0.0,0.0,0.0
2024-12-20 10:00:00,0.0,0.0,0.0
2024-12-20 10:05:00,0.0,0.0,0.0
2024-12-20 10:10:00,0.099,0.87,0.031
2024-12-20 10:15:00,0.12,0.793,0.087
2024-12-20 10:20:00,0.0,0.0,0.0
2024-12-20 10:25:00,0.0,0.0,0.0
2024-12-20 10:30:00,0.183,0.768,0.049
2024-12-20 10:35:00,0.0,0.0,0.0
2024-12-20 10:40:00,0.0,0.0,0.0
2024-12-20 10:45:00,0.0,0.0,0.0
2024-12-20 10:50:00,0.0,0.0,0.0
2024-12-20 10:55:00,0.171,0.714,0.115
2024-12-20 11:00:00,0.0,0.0,0.0
2024-12-20 11:05:00,0.0,0.912,0.088
2024-12-20 11:10:00,0.0,0.0,0.0
2024-12-20 11:15:00,0.0,0.0,0.0
2024-12-20 11:20:00,0.0,0.0,0.0
2024-12-20 11:25:00,0.0,0.0,0.0
2024-12-20 11:30:00,0.0,0.0,0.0
2024-12-20 11:35:00,0.0935,0.729,0.1775
2024-12-20 11:40:00,0.0,0.0,0.0
2024-12-20 11:45:00,0.0,0.0,0.0
2024-12-20 11:50:00,0.191,0.785,0.024
2024-12-20 11:55:00,0.0,0.0,0.0
2024-12-20 12:00:00,0.0,0.0,0.0
2024-12-20 12:05:00,0.0,0.0,0.0
2024-12-20 12:10:00,0.0,0.0,0.0
2024-12-20 12:15:00,0.0,0.0,0.0
2024-12-20 12:20:00,0.139,0.754,0.108
2024-12-20 12:25:00,0.0,0.0,0.0
2024-12-20 12:30:00,0.0,0.0,0.0
2024-12-20 12:35:00,0.0,0.0,0.0
2024-12-20 12:40:00,0.0,0.0,0.0
2024-12-20 12:45:00,0.0,0.0,0.0
2024-12-20 12:50:00,0.16766666666666666,0.6656666666666667,0.16666666666666666
2024-12-20 12:55:00,0.0,0.0,0.0
2024-12-20 13:00:00,0.0,0.0,0.0
2024-12-20 13:05:00,0.2115,0.6645,0.124
2024-12-20 13:10:00,0.0,0.0,0.0
2024-12-20 13:15:00,0.0,0.0,0.0
2024-12-20 13:20:00,0.19166666666666665,0.6143333333333333,0.19399999999999998
2024-12-20 13:25:00,0.0,0.0,0.0
2024-12-20 13:30:00,0.14,0.812,0.048
2024-12-20 13:35:00,0.193,0.75,0.057
2024-12-20 13:40:00,0.0,0.0,0.0
2024-12-20 13:45:00,0.0,0.0,0.0
2024-12-20 13:50:00,0.0,0.0,0.0
2024-12-20 13:55:00,0.145,0.751,0.105
2024-12-20 14:00:00,0.0,0.0,0.0
2024-12-20 14:05:00,0.0,0.0,0.0
2024-12-20 14:10:00,0.0,0.0,0.0
2024-12-20 14:15:00,0.0,0.0,0.0
2024-12-20 14:20:00,0.24833333333333332,0.6216666666666667,0.13
2024-12-20 14:25:00,0.2305,0.626,0.14400000000000002
2024-12-20 14:30:00,0.0,0.0,0.0
2024-12-20 14:35:00,0.0,0.0,0.0
2024-12-20 14:40:00,0.0,0.0,0.0
2024-12-20 14:45:00,0.0,0.0,0.0
2024-12-20 14:50:00,0.0,0.0,0.0
2024-12-20 14:55:00,0.0,0.0,0.0
2024-12-20 15:00:00,0.0,0.0,0.0
2024-12-20 15:05:00,0.0,0.856,0.144
2024-12-20 15:10:00,0.216,0.673,0.111
2024-12-20 15:15:00,0.0,0.0,0.0
2024-12-20 15:20:00,0.0,0.0,0.0
2024-12-20 15:25:00,0.0,0.0,0.0
2024-12-20 15:30:00,0.0,0.0,0.0
2024-12-20 15:35:00,0.251,0.6935,0.055499999999999994
2024-12-20 15:40:00,0.0,0.0,0.0
2024-12-20 15:45:00,0.0,0.0,0.0
2024-12-20 15:50:00,0.283,0.668,0.049
2024-12-20 15:55:00,0.202,0.785,0.013
2024-12-23 09:30:00,0.1482720588235294,0.8069117647058823,0.044875
2024-12-23 09:35:00,0.0,1.0,0.0
2024-12-23 09:40:00,0.0,0.0,0.0
2024-12-23 09:45:00,0.081,0.902,0.016
2024-12-23 09:50:00,0.0,0.0,0.0
2024-12-23 09:55:00,0.251,0.732,0.017
2024-12-23 10:00:00,0.0,0.0,0.0
2024-12-23 10:05:00,0.0,0.0,0.0
2024-12-23 10:10:00,0.116,0.779,0.105
2024-12-23 10:15:00,0.048,0.907,0.044
2024-12-23 10:20:00,0.046,0.897,0.057
2024-12-23 10:25:00,0.0,0.0,0.0
2024-12-23 10:30:00,0.0,0.0,0.0
2024-12-23 10:35:00,0.0,0.0,0.0
2024-12-23 10:40:00,0.009,0.877,0.114
2024-12-23 10:45:00,0.0,0.0,0.0
2024-12-23 10:50:00,0.0,0.0,0.0
2024-12-23 10:55:00,0.0,0.0,0.0
2024-12-23 11:00:00,0.0,0.0,0.0
2024-12-23 11:05:00,0.0,0.0,0.0
2024-12-23 11:10:00,0.215,0.767,0.018
2024-12-23 11:15:00,0.21000000000000002,0.712,0.078
2024-12-23 11:20:00,0.0,0.0,0.0
2024-12-23 11:25:00,0.0,0.0,0.0
2024-12-23 11:30:00,0.0,0.0,0.0
2024-12-23 11:35:00,0.0,0.0,0.0
2024-12-23 11:40:00,0.0,0.0,0.0
2024-12-23 11:45:00,0.0,0.0,0.0
2024-12-23 11:50:00,0.0,0.0,0.0
2024-12-23 11:55:00,0.0,0.0,0.0
2024-12-23 12:00:00,0.127,0.844,0.029
2024-12-23 12:05:00,0.0,0.86,0.14
2024-12-23 12:10:00,0.0,0.0,0.0
2024-12-23 12:15:00,0.221,0.705,0.074
2024-12-23 12:20:00,0.252,0.719,0.029
2024-12-23 12:25:00,0.0,0.0,0.0
2024-12-23 12:30:00,0.0,0.0,0.0
2024-12-23 12:35:00,0.0,0.0,0.0
2024-12-23 12:40:00,0.0,0.0,0.0
2024-12-23 12:45:00,0.0885,0.901,0.0105
2024-12-23 12:50:00,0.053500000000000006,0.879,0.0675
2024-12-23 12:55:00,0.062,0.902,0.036
2024-12-23 13:00:00,0.0,0.0,0.0
2024-12-23 13:05:00,0.0,0.849,0.151
2024-12-23 13:10:00,0.118,0.86,0.023
2024-12-23 13:15:00,0.0,0.0,0.0
2024-12-23 13:20:00,0.0,0.0,0.0
2024-12-23 13:25:00,0.0,0.0,0.0
2024-12-23 13:30:00,0.0,0.0,0.0
2024-12-23 13:35:00,0.0,0.0,0.0
2024-12-23 13:40:00,0.0,0.0,0.0
2024-12-23 13:45:00,0.0,0.0,0.0
2024-12-23 13:50:00,0.0,0.0,0.0
2024-12-23 13:55:00,0.255,0.707,0.038
2024-12-23 14:00:00,0.0,0.0,0.0
2024-12-23 14:05:00,0.0,0.0,0.0
2024-12-23 14:10:00,0.0,0.0,0.0
2024-12-23 14:15:00,0.0,0.0,0.0
2024-12-23 14:20:00,0.216,0.78,0.004
2024-12-23 14:25:00,0.0,0.0,0.0
2024-12-23 14:30:00,0.0,0.0,0.0
2024-12-23 14:35:00,0.0,0.0,0.0
2024-12-23 14:40:00,0.0,0.0,0.0
2024-12-23 14:45:00,0.1755,0.791,0.0335
2024-12-23 14:50:00,0.091,0.845,0.064
2024-12-23 14:55:00,0.0,0.0,0.0
2024-12-23 15:00:00,0.229,0.75,0.021
2024-12-23 15:05:00,0.134,0.822,0.044
2024-12-23 15:10:00,0.0,0.0,0.0
2024-12-23 15:15:00,0.0,0.0,0.0
2024-12-23 15:20:00,0.0,0.0,0.0
2024-12-23 15:25:00,0.0,0.0,0.0
2024-12-23 15:30:00,0.107,0.793,0.1
2024-12-23 15:35:00,0.097,0.811,0.092
2024-12-23 15:40:00,0.0,0.0,0.0
2024-12-23 15:45:00,0.0,0.0,0.0
2024-12-23 15:50:00,0.0,0.0,0.0
2024-12-23 15:55:00,0.08,0.896,0.024
2024-12-24 09:30:00,0.1376271186440678,0.827864406779661,0.03449152542372882
2024-12-24 09:35:00,0.0,0.0,0.0
2024-12-24 09:40:00,0.193,0.765,0.043
2024-12-24 09:45:00,0.0,0.0,0.0
2024-12-24 09:50:00,0.0,0.0,0.0
2024-12-24 09:55:00,0.0,0.0,0.0
2024-12-24 10:00:00,0.0,0.0,0.0
2024-12-24 10:05:00,0.0,0.0,0.0
2024-12-24 10:10:00,0.0,0.0,0.0
2024-12-24 10:15:00,0.0,0.0,0.0
2024-12-24 10:20:00,0.0,0.0,0.0
2024-12-24 10:25:00,0.0,1.0,0.0
2024-12-24 10:30:00,0.0,0.0,0.0
2024-12-24 10:35:00,0.0,0.0,0.0
2024-12-24 10:40:00,0.183,0.809,0.008
2024-12-24 10:45:00,0.0,0.0,0.0
2024-12-24 10:50:00,0.0,0.0,0.0
2024-12-24 10:55:00,0.0,0.0,0.0
2024-12-24 11:00:00,0.0,0.0,0.0
2024-12-24 11:05:00,0.248,0.696,0.056
2024-12-24 11:10:00,0.0,0.0,0.0
2024-12-24 11:15:00,0.0,0.0,0.0
2024-12-24 11:20:00,0.0,0.0,0.0
2024-12-24 11:25:00,0.0,0.0,0.0
2024-12-24 11:30:00,0.0,0.0,0.0
2024-12-24 11:35:00,0.0,0.0,0.0
2024-12-24 11:40:00,0.11,0.89,0.0
2024-12-24 11:45:00,0.0,0.0,0.0
2024-12-24 11:50:00,0.141,0.769,0.09
2024-12-24 11:55:00,0.0,0.0,0.0
2024-12-24 12:00:00,0.0,0.0,0.0
2024-12-24 12:05:00,0.0,0.0,0.0
2024-12-24 12:10:00,0.0,0.0,0.0
2024-12-24 12:15:00,0.0,0.0,0.0
2024-12-24 12:20:00,0.0,0.0,0.0
2024-12-24 12:25:00,0.059,0.924,0.018
2024-12-24 12:30:00,0.0,0.0,0.0
2024-12-24 12:35:00,0.0,0.0,0.0
2024-12-24 12:40:00,0.0,0.0,0.0
2024-12-24 12:45:00,0.0,0.0,0.0
2024-12-24 12:50:00,0.0,0.0,0.0
2024-12-24 12:55:00,0.0,0.0,0.0
2024-12-26 09:30:00,0.15979439252336447,0.8044018691588785,0.03580373831775701
2024-12-26 09:35:00,0.16133333333333333,0.8286666666666666,0.010333333333333333
2024-12-26 09:40:00,0.0,0.0,0.0
2024-12-26 09:45:00,0.0,0.0,0.0
2024-12-26 09:50:00,0.0,0.0,0.0
2024-12-26 09:55:00,0.0,0.0,0.0
2024-12-26 10:00:00,0.0,0.0,0.0
2024-12-26 10:05:00,0.0,0.0,0.0
2024-12-26 10:10:00,0.042,0.918,0.04
2024-12-26 10:15:00,0.0,0.0,0.0
2024-12-26 10:20:00,0.0,0.0,0.0
2024-12-26 10:25:00,0.0,0.0,0.0
2024-12-26 10:30:00,0.0,0.0,0.0
2024-12-26 10:35:00,0.0,0.0,0.0
2024-12-26 10:40:00,0.046,0.944,0.01
2024-12-26 10:45:00,0.0,0.0,0.0
2024-12-26 10:50:00,0.0,0.0,0.0
2024-12-26 10:55:00,0.0,0.0,0.0
2024-12-26 11:00:00,0.0,0.0,0.0
2024-12-26 11:05:00,0.0,0.0,0.0
2024-12-26 11:10:00,0.0,0.0,0.0
2024-12-26 11:15:00,0.0,0.0,0.0
2024-12-26 11:20:00,0.0,0.0,0.0
2024-12-26 11:25:00,0.0,0.0,0.0
2024-12-26 11:30:00,0.0,0.0,0.0
2024-12-26 11:35:00,0.0,0.0,0.0
2024-12-26 11:40:00,0.0,0.0,0.0
2024-12-26 11:45:00,0.169,0.795,0.036
2024-12-26 11:50:00,0.0,0.0,0.0
2024-12-26 11:55:00,0.0,0.0,0.0
2024-12-26 12:00:00,0.0,0.0,0.0
2024-12-26 12:05:00,0.203,0.763,0.034
2024-12-26 12:10:00,0.0,0.0,0.0
2024-12-26 12:15:00,0.0,0.0,0.0
2024-12-26 12:20:00,0.0,0.0,0.0
2024-12-26 12:25:00,0.0,0.0,0.0
2024-12-26 12:30:00,0.0,0.0,0.0
2024-12-26 12:35:00,0.0,0.0,0.0
2024-12-26 12:40:00,0.0,0.0,0.0
2024-12-26 12:45:00,0.0,0.0,0.0
2024-12-26 12:50:00,0.0,0.0,0.0
2024-12-26 12:55:00,0.0,0.0,0.0
2024-12-26 13:00:00,0.0,0.0,0.0
2024-12-26 13:05:00,0.0,0.0,0.0
2024-12-26 13:10:00,0.0,0.0,0.0
2024-12-26 13:15:00,0.243,0.711,0.045
2024-12-26 13:20:00,0.0,0.0,0.0
2024-12-26 13:25:00,0.0,0.0,0.0
2024-12-26 13:30:00,0.0,0.0,0.0
2024-12-26 13:35:00,0.0,0.0,0.0
2024-12-26 13:40:00,0.0,0.0,0.0
2024-12-26 13:45:00,0.0,0.0,0.0
2024-12-26 13:50:00,0.0,0.0,0.0
2024-12-26 13:55:00,0.135,0.854,0.011
2024-12-26 14:00:00,0.0,0.0,0.0
2024-12-26 14:05:00,0.0,0.0,0.0
2024-12-26 14:10:00,0.151,0.828,0.02
2024-12-26 14:15:00,0.0,0.0,0.0
2024-12-26 14:20:00,0.0,0.0,0.0
2024-12-26 14:25:00,0.0,0.0,0.0
2024-12-26 14:30:00,0.0,0.0,0.0
2024-12-26 14:35:00,0.0,0.0,0.0
2024-12-26 14:40:00,0.0,0.0,0.0
2024-12-26 14:45:00,0.0,0.0,0.0
2024-12-26 14:50:00,0.26,0.704,0.036
2024-12-26 14:55:00,0.165,0.811,0.023
2024-12-26 15:00:00,0.0,0.963,0.037
2024-12-26 15:05:00,0.0,0.0,0.0
2024-12-26 15:10:00,0.2015,0.764,0.0345
2024-12-26 15:15:00,0.0,0.0,0.0
2024-12-26 15:20:00,0.0,0.0,0.0
2024-12-26 15:25:00,0.0,0.0,0.0
2024-12-26 15:30:00,0.1505,0.806,0.044
2024-12-26 15:35:00,0.176,0.719,0.104
2024-12-26 15:40:00,0.0,0.0,0.0
2024-12-26 15:45:00,0.0,0.0,0.0
2024-12-26 15:50:00,0.0,0.0,0.0
2024-12-26 15:55:00,0.209,0.717,0.074
2024-12-27 09:30:00,0.16304878048780486,0.7944634146341464,0.042487804878048784
2024-12-27 09:35:00,0.0,0.0,0.0
2024-12-27 09:40:00,0.075,0.851,0.0745
2024-12-27 09:45:00,0.0,0.0,0.0
2024-12-27 09:50:00,0.0,0.0,0.0
2024-12-27 09:55:00,0.0,0.0,0.0
2024-12-27 10:00:00,0.192,0.767,0.04
2024-12-27 10:05:00,0.0,0.0,0.0
2024-12-27 10:10:00,0.0,0.0,0.0
2024-12-27 10:15:00,0.0,0.0,0.0
2024-12-27 10:20:00,0.0,0.0,0.0
2024-12-27 10:25:00,0.0,0.0,0.0
2024-12-27 10:30:00,0.0,0.0,0.0
2024-12-27 10:35:00,0.199,0.775,0.026
2024-12-27 10:40:00,0.146,0.833,0.021
2024-12-27 10:45:00,0.0,0.0,0.0
2024-12-27 10:50:00,0.0,0.0,0.0
2024-12-27 10:55:00,0.092,0.634,0.275
2024-12-27 11:00:00,0.0,0.0,0.0
2024-12-27 11:05:00,0.12,0.836,0.043
2024-12-27 11:10:00,0.0,0.0,0.0
2024-12-27 11:15:00,0.0,0.0,0.0
2024-12-27 11:20:00,0.0,0.0,0.0
2024-12-27 11:25:00,0.0,0.0,0.0
2024-12-27 11:30:00,0.0,0.0,0.0
2024-12-27 11:35:00,0.1865,0.7565,0.0565
2024-12-27 11:40:00,0.148,0.819,0.033
2024-12-27 11:45:00,0.0,0.0,0.0
2024-12-27 11:50:00,0.0,0.0,0.0
2024-12-27 11:55:00,0.0,0.0,0.0
2024-12-27 12:00:00,0.0,0.0,0.0
2024-12-27 12:05:00,0.0,0.0,0.0
2024-12-27 12:10:00,0.192,0.706,0.102
2024-12-27 12:15:00,0.0,0.0,0.0
2024-12-27 12:20:00,0.0,0.0,0.0
2024-12-27 12:25:00,0.0,0.0,0.0
2024-12-27 12:30:00,0.0,0.0,0.0
2024-12-27 12:35:00,0.19,0.763,0.047
2024-12-27 12:40:00,0.0,0.0,0.0
2024-12-27 12:45:00,0.048,0.92,0.033
2024-12-27 12:50:00,0.0,0.0,0.0
2024-12-27 12:55:00,0.0,0.0,0.0
2024-12-27 13:00:00,0.0,0.0,0.0
2024-12-27 13:05:00,0.0,0.0,0.0
2024-12-27 13:10:00,0.0,0.0,0.0
2024-12-27 13:15:00,0.0,0.0,0.0
2024-12-27 13:20:00,0.0,0.0,0.0
2024-12-27 13:25:00,0.0,0.0,0.0
2024-12-27 13:30:00,0.0,0.0,0.0
2024-12-27 13:35:00,0.176,0.816,0.008
2024-12-27 13:40:00,0.07233333333333333,0.8783333333333333,0.04900000000000001
2024-12-27 13:45:00,0.0,0.0,0.0
2024-12-27 13:50:00,0.119,0.839,0.042
2024-12-27 13:55:00,0.0,1.0,0.0
2024-12-27 14:00:00,0.089,0.883,0.028
2024-12-27 14:05:00,0.14125,0.8255,0.033
2024-12-27 14:10:00,0.1755,0.68225,0.14225
2024-12-27 14:15:00,0.0,0.0,0.0
2024-12-27 14:20:00,0.214,0.761,0.025
2024-12-27 14:25:00,0.0,0.0,0.0
2024-12-27 14:30:00,0.0,0.0,0.0
2024-12-27 14:35:00,0.0,0.0,0.0
2024-12-27 14:40:00,0.0,0.0,0.0
2024-12-27 14:45:00,0.0,0.0,0.0
2024-12-27 14:50:00,0.136,0.824,0.04
2024-12-27 14:55:00,0.0,0.0,0.0
2024-12-27 15:00:00,0.0,0.0,0.0
2024-12-27 15:05:00,0.112,0.877,0.011
2024-12-27 15:10:00,0.008,0.904,0.088
2024-12-27 15:15:00,0.0,0.0,0.0
2024-12-27 15:20:00,0.0,0.0,0.0
2024-12-27 15:25:00,0.224,0.7,0.076
2024-12-27 15:30:00,0.0,0.959,0.041
2024-12-27 15:35:00,0.0,0.0,0.0
2024-12-27 15:40:00,0.0,0.0,0.0
2024-12-27 15:45:00,0.0,0.0,0.0
2024-12-27 15:50:00,0.0,0.0,0.0
2024-12-27 15:55:00,0.0,0.0,0.0
2024-12-30 09:30:00,0.15051592356687898,0.8078407643312102,0.04172611464968153
2024-12-30 09:35:00,0.0,0.0,0.0
2024-12-30 09:40:00,0.0,0.0,0.0
2024-12-30 09:45:00,0.0,0.0,0.0
2024-12-30 09:50:00,0.0,0.0,0.0
2024-12-30 09:55:00,0.0,0.0,0.0
2024-12-30 10:00:00,0.0,1.0,0.0
2024-12-30 10:05:00,0.0,0.0,0.0
2024-12-30 10:10:00,0.0,0.0,0.0
2024-12-30 10:15:00,0.0,0.0,0.0
2024-12-30 10:20:00,0.0,0.0,0.0
2024-12-30 10:25:00,0.0,0.0,0.0
2024-12-30 10:30:00,0.0,0.0,0.0
2024-12-30 10:35:00,0.0,0.0,0.0
2024-12-30 10:40:00,0.0,0.0,0.0
2024-12-30 10:45:00,0.0,0.0,0.0
2024-12-30 10:50:00,0.016,0.882,0.101
2024-12-30 10:55:00,0.0,0.0,0.0
2024-12-30 11:00:00,0.0,0.0,0.0
2024-12-30 11:05:00,0.186,0.718,0.097
2024-12-30 11:10:00,0.0,0.0,0.0
2024-12-30 11:15:00,0.0,0.0,0.0
2024-12-30 11:20:00,0.0,0.0,0.0
2024-12-30 11:25:00,0.0,0.0,0.0
2024-12-30 11:30:00,0.086,0.914,0.0
2024-12-30 11:35:00,0.021,0.91,0.069
2024-12-30 11:40:00,0.0,0.0,0.0
2024-12-30 11:45:00,0.0,0.0,0.0
2024-12-30 11:50:00,0.0,0.0,0.0
2024-12-30 11:55:00,0.133,0.839,0.028
2024-12-30 12:00:00,0.0,0.0,0.0
2024-12-30 12:05:00,0.0,1.0,0.0
2024-12-30 12:10:00,0.0,0.0,0.0
2024-12-30 12:15:00,0.0,0.0,0.0
2024-12-30 12:20:00,0.0,0.0,0.0
2024-12-30 12:25:00,0.23959999999999998,0.75,0.010199999999999999
2024-12-30 12:30:00,0.0,0.0,0.0
2024-12-30 12:35:00,0.113,0.867,0.019
2024-12-30 12:40:00,0.0,0.0,0.0
2024-12-30 12:45:00,0.066,0.858,0.077
2024-12-30 12:50:00,0.0,0.0,0.0
2024-12-30 12:55:00,0.131,0.827,0.042
2024-12-30 13:00:00,0.0,0.0,0.0
2024-12-30 13:05:00,0.0,0.0,0.0
2024-12-30 13:10:00,0.111,0.86,0.029
2024-12-30 13:15:00,0.227,0.773,0.0
2024-12-30 13:20:00,0.0,0.0,0.0
2024-12-30 13:25:00,0.0,0.0,0.0
2024-12-30 13:30:00,0.0,0.0,0.0
2024-12-30 13:35:00,0.0,0.0,0.0
2024-12-30 13:40:00,0.0,0.0,0.0
2024-12-30 13:45:00,0.0,0.0,0.0
2024-12-30 13:50:00,0.097,0.825,0.078
2024-12-30 13:55:00,0.16,0.772,0.068
2024-12-30 14:00:00,0.084,0.88,0.035
2024-12-30 14:05:00,0.095,0.901,0.005
2024-12-30 14:10:00,0.21675,0.759,0.02425
2024-12-30 14:15:00,0.282,0.673,0.045
2024-12-30 14:20:00,0.0,0.0,0.0
2024-12-30 14:25:00,0.0,0.0,0.0
2024-12-30 14:30:00,0.0,0.0,0.0
2024-12-30 14:35:00,0.0,0.0,0.0
2024-12-30 14:40:00,0.058,0.9275,0.0145
2024-12-30 14:45:00,0.184,0.816,0.0
2024-12-30 14:50:00,0.20400000000000001,0.769,0.027
2024-12-30 14:55:00,0.0,0.0,0.0
2024-12-30 15:00:00,0.0,0.0,0.0
2024-12-30 15:05:00,0.0,0.0,0.0
2024-12-30 15:10:00,0.0,0.0,0.0
2024-12-30 15:15:00,0.166,0.803,0.03
2024-12-30 15:20:00,0.0,0.0,0.0
2024-12-30 15:25:00,0.0,0.0,0.0
2024-12-30 15:30:00,0.094,0.889,0.018
2024-12-30 15:35:00,0.0,0.0,0.0
2024-12-30 15:40:00,0.0,0.0,0.0
2024-12-30 15:45:00,0.0,0.0,0.0
2024-12-30 15:50:00,0.0,0.0,0.0
2024-12-30 15:55:00,0.0,0.0,0.0
2024-12-31 09:30:00,0.16155,0.8040666666666667,0.03445
2024-12-31 09:35:00,0.2385,0.7045,0.057499999999999996
2024-12-31 09:40:00,0.0,0.0,0.0
2024-12-31 09:45:00,0.0,0.0,0.0
2024-12-31 09:50:00,0.0,0.0,0.0
2024-12-31 09:55:00,0.0,1.0,0.0
2024-12-31 10:00:00,0.0,0.9,0.1
2024-12-31 10:05:00,0.0,0.0,0.0
2024-12-31 10:10:00,0.0,0.0,0.0
2024-12-31 10:15:00,0.07,0.93,0.0
2024-12-31 10:20:00,0.0,0.0,0.0
2024-12-31 10:25:00,0.079,0.881,0.04
2024-12-31 10:30:00,0.198,0.6535,0.149
2024-12-31 10:35:00,0.0,0.0,0.0
2024-12-31 10:40:00,0.1725,0.8145,0.013
2024-12-31 10:45:00,0.251,0.7295,0.0195
2024-12-31 10:50:00,0.1355,0.8340000000000001,0.0305
2024-12-31 10:55:00,0.0,0.0,0.0
2024-12-31 11:00:00,0.0,0.904,0.096
2024-12-31 11:05:00,0.029500000000000002,0.9235,0.0475
2024-12-31 11:10:00,0.1625,0.802,0.0355
2024-12-31 11:15:00,0.0,0.0,0.0
2024-12-31 11:20:00,0.0,0.0,0.0
2024-12-31 11:25:00,0.0,0.0,0.0
2024-12-31 11:30:00,0.148,0.7825,0.07
2024-12-31 11:35:00,0.0,0.0,0.0
2024-12-31 11:40:00,0.214,0.721,0.065
2024-12-31 11:45:00,0.0,0.0,0.0
2024-12-31 11:50:00,0.0,0.0,0.0
2024-12-31 11:55:00,0.205,0.697,0.098
2024-12-31 12:00:00,0.154,0.805,0.042
2024-12-31 12:05:00,0.0,0.0,0.0
2024-12-31 12:10:00,0.139,0.821,0.04
2024-12-31 12:15:00,0.0,0.0,0.0
2024-12-31 12:20:00,0.0,0.0,0.0
2024-12-31 12:25:00,0.10533333333333333,0.8946666666666667,0.0
2024-12-31 12:30:00,0.213,0.782,0.005
2024-12-31 12:35:00,0.0,0.0,0.0
2024-12-31 12:40:00,0.216,0.777,0.006
2024-12-31 12:45:00,0.0,0.891,0.109
2024-12-31 12:50:00,0.0,0.0,0.0
2024-12-31 12:55:00,0.0,0.0,0.0
2024-12-31 13:00:00,0.046,0.808,0.14550000000000002
2024-12-31 13:05:00,0.0,0.0,0.0
2024-12-31 13:10:00,0.174,0.761,0.065
2024-12-31 13:15:00,0.0,0.0,0.0
2024-12-31 13:20:00,0.0,0.0,0.0
2024-12-31 13:25:00,0.0435,0.8805000000000001,0.076
2024-12-31 13:30:00,0.0,0.0,0.0
2024-12-31 13:35:00,0.0,0.0,0.0
2024-12-31 13:40:00,0.0,0.0,0.0
2024-12-31 13:45:00,0.168,0.806,0.026
2024-12-31 13:50:00,0.0,0.0,0.0
2024-12-31 13:55:00,0.0,0.0,0.0
2024-12-31 14:00:00,0.0,0.0,0.0
2024-12-31 14:05:00,0.15883333333333335,0.7426666666666666,0.09866666666666667
2024-12-31 14:10:00,0.0,0.0,0.0
2024-12-31 14:15:00,0.0515,0.728,0.221
2024-12-31 14:20:00,0.129,0.871,0.0
2024-12-31 14:25:00,0.0,0.0,0.0
2024-12-31 14:30:00,0.0,0.0,0.0
2024-12-31 14:35:00,0.0,0.0,0.0
2024-12-31 14:40:00,0.0,0.0,0.0
2024-12-31 14:45:00,0.198,0.735,0.068
2024-12-31 14:50:00,0.2215,0.7324999999999999,0.046
2024-12-31 14:55:00,0.0,0.0,0.0
2024-12-31 15:00:00,0.0,0.0,0.0
2024-12-31 15:05:00,0.0755,0.8285,0.096
2024-12-31 15:10:00,0.0,0.0,0.0
2024-12-31 15:15:00,0.157,0.843,0.0
2024-12-31 15:20:00,0.0,0.0,0.0
2024-12-31 15:25:00,0.0,0.0,0.0
2024-12-31 15:30:00,0.0,0.0,0.0
2024-12-31 15:35:00,0.0,0.0,0.0
2024-12-31 15:40:00,0.0,0.0,0.0
2024-12-31 15:45:00,0.0,0.0,0.0
2024-12-31 15:50:00,0.0,0.0,0.0
2024-12-31 15:55:00,0.0,0.0,0.0
2025-01-02 09:30:00,0.1226549295774648,0.8477816901408451,0.029542253521126764
2025-01-02 09:35:00,0.0,0.769,0.231
2025-01-02 09:40:00,0.0,0.0,0.0
2025-01-02 09:45:00,0.0,0.0,0.0
2025-01-02 09:50:00,0.0,1.0,0.0
2025-01-02 09:55:00,0.062,0.938,0.0
2025-01-02 10:00:00,0.0,0.692,0.308
2025-01-02 10:05:00,0.0,1.0,0.0
2025-01-02 10:10:00,0.142,0.8410000000000001,0.017
2025-01-02 10:15:00,0.0,0.0,0.0
2025-01-02 10:20:00,0.0,1.0,0.0
2025-01-02 10:25:00,0.0,0.0,0.0
2025-01-02 10:30:00,0.08033333333333333,0.9056666666666667,0.014333333333333332
2025-01-02 10:35:00,0.085,0.915,0.0
2025-01-02 10:40:00,0.0,0.0,0.0
2025-01-02 10:45:00,0.0,1.0,0.0
2025-01-02 10:50:00,0.0,0.0,0.0
2025-01-02 10:55:00,0.0,0.8360000000000001,0.164
2025-01-02 11:00:00,0.0,1.0,0.0
2025-01-02 11:05:00,0.0,0.0,0.0
2025-01-02 11:10:00,0.1115,0.881,0.007
2025-01-02 11:15:00,0.0,0.0,0.0
2025-01-02 11:20:00,0.0,0.719,0.281
2025-01-02 11:25:00,0.0,0.0,0.0
2025-01-02 11:30:00,0.0,0.0,0.0
2025-01-02 11:35:00,0.0,1.0,0.0
2025-01-02 11:40:00,0.107,0.8634999999999999,0.0295
2025-01-02 11:45:00,0.257,0.698,0.045
2025-01-02 11:50:00,0.074,0.8416666666666667,0.08433333333333333
2025-01-02 11:55:00,0.0,0.0,0.0
2025-01-02 12:00:00,0.03875,0.9495,0.01175
2025-01-02 12:05:00,0.0,1.0,0.0
2025-01-02 12:10:00,0.0,0.0,0.0
2025-01-02 12:15:00,0.023,0.859,0.118
2025-01-02 12:20:00,0.03,0.94,0.03
2025-01-02 12:25:00,0.066,0.8634999999999999,0.0705
2025-01-02 12:30:00,0.28099999999999997,0.6793333333333335,0.03966666666666666
2025-01-02 12:35:00,0.0,0.0,0.0
2025-01-02 12:40:00,0.0225,0.9775,0.0
2025-01-02 12:45:00,0.0,1.0,0.0
2025-01-02 12:50:00,0.0,0.606,0.394
2025-01-02 12:55:00,0.0,0.0,0.0
2025-01-02 13:00:00,0.0,1.0,0.0
2025-01-02 13:05:00,0.0,1.0,0.0
2025-01-02 13:10:00,0.217,0.76,0.023
2025-01-02 13:15:00,0.16999999999999998,0.8099999999999999,0.020200000000000003
2025-01-02 13:20:00,0.071,0.902,0.027
2025-01-02 13:25:00,0.0,0.0,0.0
2025-01-02 13:30:00,0.087,0.758,0.155
2025-01-02 13:35:00,0.0,1.0,0.0
2025-01-02 13:40:00,0.0,0.0,0.0
2025-01-02 13:45:00,0.098,0.902,0.0
2025-01-02 13:50:00,0.041666666666666664,0.8333333333333334,0.12533333333333332
2025-01-02 13:55:00,0.0,0.0,0.0
2025-01-02 14:00:00,0.0055,0.9815,0.013
2025-01-02 14:05:00,0.1295,0.865,0.0055
2025-01-02 14:10:00,0.2345,0.7030000000000001,0.063
2025-01-02 14:15:00,0.0,0.0,0.0
2025-01-02 14:20:00,0.0,0.0,0.0
2025-01-02 14:25:00,0.238,0.742,0.02
2025-01-02 14:30:00,0.1285,0.8545,0.017
2025-01-02 14:35:00,0.256,0.744,0.0
2025-01-02 14:40:00,0.0,1.0,0.0
2025-01-02 14:45:00,0.0,0.0,0.0
2025-01-02 14:50:00,0.2675,0.7325,0.0
2025-01-02 14:55:00,0.072,0.897,0.031
2025-01-02 15:00:00,0.126,0.874,0.0
2025-01-02 15:05:00,0.2275,0.7635000000000001,0.009
2025-01-02 15:10:00,0.1775,0.6005,0.222
2025-01-02 15:15:00,0.0,0.8400000000000001,0.16
2025-01-02 15:20:00,0.0,0.0,0.0
2025-01-02 15:25:00,0.0,0.0,0.0
2025-01-02 15:30:00,0.1015,0.8925000000000001,0.006
2025-01-02 15:35:00,0.0,0.0,0.0
2025-01-02 15:40:00,0.0,1.0,0.0
2025-01-02 15:45:00,0.1426666666666667,0.8223333333333334,0.035333333333333335
2025-01-02 15:50:00,0.0,0.0,0.0
2025-01-02 15:55:00,0.149,0.779,0.072
2025-01-03 09:30:00,0.10497340425531915,0.8130372340425532,0.08197872340425533
2025-01-03 09:35:00,0.14733333333333334,0.8076666666666666,0.046000000000000006
2025-01-03 09:40:00,0.0,0.0,0.0
2025-01-03 09:45:00,0.0,0.0,0.0
2025-01-03 09:50:00,0.0,0.734,0.266
2025-01-03 09:55:00,0.0,1.0,0.0
2025-01-03 10:00:00,0.0,0.0,0.0
2025-01-03 10:05:00,0.412,0.588,0.0
2025-01-03 10:10:00,0.0,0.0,0.0
2025-01-03 10:15:00,0.0,0.674,0.326
2025-01-03 10:20:00,0.0,0.0,0.0
2025-01-03 10:25:00,0.0,0.755,0.245
2025-01-03 10:30:00,0.141,0.859,0.0
2025-01-03 10:35:00,0.0,0.0,0.0
2025-01-03 10:40:00,0.184,0.816,0.0
2025-01-03 10:45:00,0.09766666666666667,0.819,0.08333333333333333
2025-01-03 10:50:00,0.139,0.8460000000000001,0.015
2025-01-03 10:55:00,0.15266666666666664,0.8123333333333335,0.035333333333333335
2025-01-03 11:00:00,0.124,0.855,0.021
2025-01-03 11:05:00,0.216,0.782,0.002
2025-01-03 11:10:00,0.0,0.0,0.0
2025-01-03 11:15:00,0.2225,0.74775,0.02975
2025-01-03 11:20:00,0.005,0.866,0.129
2025-01-03 11:25:00,0.07066666666666667,0.8383333333333334,0.09133333333333334
2025-01-03 11:30:00,0.0,1.0,0.0
2025-01-03 11:35:00,0.21533333333333335,0.7193333333333333,0.06533333333333334
2025-01-03 11:40:00,0.042749999999999996,0.89775,0.0595
2025-01-03 11:45:00,0.12766666666666668,0.8316666666666667,0.04066666666666666
2025-01-03 11:50:00,0.21133333333333335,0.7443333333333334,0.044333333333333336
2025-01-03 11:55:00,0.0,0.0,0.0
2025-01-03 12:00:00,0.177625,0.79575,0.026625
2025-01-03 12:05:00,0.13924999999999998,0.84875,0.01225
2025-01-03 12:10:00,0.0,1.0,0.0
2025-01-03 12:15:00,0.1555,0.8055,0.039
2025-01-03 12:20:00,0.14250000000000002,0.8009999999999999,0.0565
2025-01-03 12:25:00,0.046625,0.883625,0.06987499999999999
2025-01-03 12:30:00,0.074,0.926,0.0
2025-01-03 12:35:00,0.0,0.0,0.0
2025-01-03 12:40:00,0.15366666666666667,0.8113333333333334,0.034999999999999996
2025-01-03 12:45:00,0.0,0.857,0.143
2025-01-03 12:50:00,0.197,0.8029999999999999,0.0
2025-01-03 12:55:00,0.0425,0.9575,0.0
2025-01-03 13:00:00,0.17925,0.773,0.04775
2025-01-03 13:05:00,0.0,0.9686666666666667,0.03133333333333333
2025-01-03 13:10:00,0.10266666666666667,0.8193333333333334,0.078
2025-01-03 13:15:00,0.12816666666666668,0.8678333333333333,0.003833333333333333
2025-01-03 13:20:00,0.16199999999999998,0.7905,0.048
2025-01-03 13:25:00,0.13466666666666668,0.8573333333333334,0.008
2025-01-03 13:30:00,0.10149999999999999,0.869,0.0295
2025-01-03 13:35:00,0.105,0.702,0.193
2025-01-03 13:40:00,0.0,0.0,0.0
2025-01-03 13:45:00,0.0,1.0,0.0
2025-01-03 13:50:00,0.0,0.0,0.0
2025-01-03 13:55:00,0.07350000000000001,0.8945000000000001,0.032
2025-01-03 14:00:00,0.068,0.932,0.0
2025-01-03 14:05:00,0.00125,0.9615,0.0375
2025-01-03 14:10:00,0.0,1.0,0.0
2025-01-03 14:15:00,0.0,0.867,0.133
2025-01-03 14:20:00,0.0,0.0,0.0
2025-01-03 14:25:00,0.0,1.0,0.0
2025-01-03 14:30:00,0.1555,0.7655000000000001,0.0795
2025-01-03 14:35:00,0.1915,0.8085,0.0
2025-01-03 14:40:00,0.0,0.0,0.0
2025-01-03 14:45:00,0.0,0.0,0.0
2025-01-03 14:50:00,0.0,0.9106666666666667,0.08933333333333333
2025-01-03 14:55:00,0.0,0.0,0.0
2025-01-03 15:00:00,0.2875,0.7125,0.0
2025-01-03 15:05:00,0.08183333333333333,0.8503333333333334,0.06783333333333334
2025-01-03 15:10:00,0.0,1.0,0.0
2025-01-03 15:15:00,0.0,0.0,0.0
2025-01-03 15:20:00,0.104,0.7995,0.0965
2025-01-03 15:25:00,0.104,0.771,0.125
2025-01-03 15:30:00,0.146,0.841,0.014
2025-01-03 15:35:00,0.0,1.0,0.0
2025-01-03 15:40:00,0.16,0.742,0.098
2025-01-03 15:45:00,0.0,0.0,0.0
2025-01-03 15:50:00,0.06433333333333333,0.794,0.1416666666666667
2025-01-03 15:55:00,0.1105,0.7385,0.151
2025-01-06 09:30:00,0.13008960573476702,0.8253010752688171,0.04456989247311828
2025-01-06 09:35:00,0.0,0.0,0.0
2025-01-06 09:40:00,0.218,0.698,0.084
2025-01-06 09:45:00,0.0,0.0,0.0
2025-01-06 09:50:00,0.0,0.755,0.245
2025-01-06 09:55:00,0.0,1.0,0.0
2025-01-06 10:00:00,0.0,0.0,0.0
2025-01-06 10:05:00,0.119,0.8283333333333335,0.05266666666666667
2025-01-06 10:10:00,0.128,0.753,0.119
2025-01-06 10:15:00,0.0,0.0,0.0
2025-01-06 10:20:00,0.1165,0.7325,0.151
2025-01-06 10:25:00,0.434,0.566,0.0
2025-01-06 10:30:00,0.0,0.88,0.12
2025-01-06 10:35:00,0.0,0.0,0.0
2025-01-06 10:40:00,0.2105,0.7364999999999999,0.053
2025-01-06 10:45:00,0.0,0.0,0.0
2025-01-06 10:50:00,0.0,0.0,0.0
2025-01-06 10:55:00,0.0,0.0,0.0
2025-01-06 11:00:00,0.02333333333333333,0.926,0.050666666666666665
2025-01-06 11:05:00,0.123,0.8505,0.0265
2025-01-06 11:10:00,0.0,0.0,0.0
2025-01-06 11:15:00,0.135,0.865,0.0
2025-01-06 11:20:00,0.071,0.864,0.065
2025-01-06 11:25:00,0.0,0.0,0.0
2025-01-06 11:30:00,0.161,0.817,0.022
2025-01-06 11:35:00,0.296,0.704,0.0
2025-01-06 11:40:00,0.0,0.0,0.0
2025-01-06 11:45:00,0.1085,0.865,0.0265
2025-01-06 11:50:00,0.0,0.806,0.194
2025-01-06 11:55:00,0.022,0.847,0.131
2025-01-06 12:00:00,0.16,0.84,0.0
2025-01-06 12:05:00,0.0,0.0,0.0
2025-01-06 12:10:00,0.0,0.792,0.208
2025-01-06 12:15:00,0.116,0.844,0.04
2025-01-06 12:20:00,0.259,0.741,0.0
2025-01-06 12:25:00,0.23700000000000002,0.7586,0.004399999999999999
2025-01-06 12:30:00,0.0,0.698,0.302
2025-01-06 12:35:00,0.0,1.0,0.0
2025-01-06 12:40:00,0.113,0.7404999999999999,0.1465
2025-01-06 12:45:00,0.185,0.629,0.186
2025-01-06 12:50:00,0.0,0.0,0.0
2025-01-06 12:55:00,0.06,0.765,0.175
2025-01-06 13:00:00,0.2505,0.7025,0.047
2025-01-06 13:05:00,0.186,0.8140000000000001,0.0
2025-01-06 13:10:00,0.0,0.0,0.0
2025-01-06 13:15:00,0.0,0.0,0.0
2025-01-06 13:20:00,0.101,0.834,0.065
2025-01-06 13:25:00,0.0,0.738,0.262
2025-01-06 13:30:00,0.0,1.0,0.0
2025-01-06 13:35:00,0.182,0.761,0.056
2025-01-06 13:40:00,0.254,0.615,0.131
2025-01-06 13:45:00,0.0,0.0,0.0
2025-01-06 13:50:00,0.0,0.0,0.0
2025-01-06 13:55:00,0.237,0.7629999999999999,0.0
2025-01-06 14:00:00,0.3065,0.6935,0.0
2025-01-06 14:05:00,0.277,0.723,0.0
2025-01-06 14:10:00,0.038,0.9570000000000001,0.005
2025-01-06 14:15:00,0.0,0.0,0.0
2025-01-06 14:20:00,0.0,0.0,0.0
2025-01-06 14:25:00,0.022,0.846,0.132
2025-01-06 14:30:00,0.0,1.0,0.0
2025-01-06 14:35:00,0.113,0.8795,0.007
2025-01-06 14:40:00,0.0,0.0,0.0
2025-01-06 14:45:00,0.105,0.826,0.07
2025-01-06 14:50:00,0.277,0.723,0.0
2025-01-06 14:55:00,0.17133333333333334,0.7996666666666666,0.028999999999999998
2025-01-06 15:00:00,0.13,0.87,0.0
2025-01-06 15:05:00,0.08375,0.91625,0.0
2025-01-06 15:10:00,0.279,0.721,0.0
2025-01-06 15:15:00,0.0,0.0,0.0
2025-01-06 15:20:00,0.0,0.0,0.0
2025-01-06 15:25:00,0.0,0.0,0.0
2025-01-06 15:30:00,0.0,1.0,0.0
2025-01-06 15:35:00,0.071,0.9139999999999999,0.015
2025-01-06 15:40:00,0.0,0.0,0.0
2025-01-06 15:45:00,0.0,0.0,0.0
2025-01-06 15:50:00,0.106,0.873,0.021
2025-01-06 15:55:00,0.0,0.0,0.0
