timestamp_shifted,VADER_Positive,VADER_Neutral,VADER_Negative,Timestamp
2024-12-04 09:25:00,0.1466666666666666,0.8039999999999999,0.0496666666666666,2024-12-04 09:30:00
2024-12-04 09:30:00,0.0,0.0,0.0,2024-12-04 09:35:00
2024-12-04 09:35:00,0.0,0.0,0.0,2024-12-04 09:40:00
2024-12-04 09:40:00,0.0,0.0,0.0,2024-12-04 09:45:00
2024-12-04 09:45:00,0.0,0.0,0.0,2024-12-04 09:50:00
2024-12-04 09:50:00,0.0,0.0,0.0,2024-12-04 09:55:00
2024-12-04 09:55:00,0.0,0.0,0.0,2024-12-04 10:00:00
2024-12-04 10:00:00,0.0,0.0,0.0,2024-12-04 10:05:00
2024-12-04 10:05:00,0.0,0.0,0.0,2024-12-04 10:10:00
2024-12-04 10:10:00,0.0,0.0,0.0,2024-12-04 10:15:00
2024-12-04 10:15:00,0.0,0.0,0.0,2024-12-04 10:20:00
2024-12-04 10:20:00,0.0,0.0,0.0,2024-12-04 10:25:00
2024-12-04 10:25:00,0.0,0.0,0.0,2024-12-04 10:30:00
2024-12-04 10:30:00,0.0,0.0,0.0,2024-12-04 10:35:00
2024-12-04 10:35:00,0.0,1.0,0.0,2024-12-04 10:40:00
2024-12-04 10:40:00,0.0,0.0,0.0,2024-12-04 10:45:00
2024-12-04 10:45:00,0.0,0.0,0.0,2024-12-04 10:50:00
2024-12-04 10:50:00,0.0,0.0,0.0,2024-12-04 10:55:00
2024-12-04 10:55:00,0.0,0.0,0.0,2024-12-04 11:00:00
2024-12-04 11:00:00,0.213,0.749,0.038,2024-12-04 11:05:00
2024-12-04 11:05:00,0.0,0.0,0.0,2024-12-04 11:10:00
2024-12-04 11:10:00,0.0,0.0,0.0,2024-12-04 11:15:00
2024-12-04 11:15:00,0.213,0.753,0.034,2024-12-04 11:20:00
2024-12-04 11:20:00,0.0,0.0,0.0,2024-12-04 11:25:00
2024-12-04 11:25:00,0.0,0.0,0.0,2024-12-04 11:30:00
2024-12-04 11:30:00,0.0,0.0,0.0,2024-12-04 11:35:00
2024-12-04 11:35:00,0.0,0.0,0.0,2024-12-04 11:40:00
2024-12-04 11:40:00,0.0,0.0,0.0,2024-12-04 11:45:00
2024-12-04 11:45:00,0.0,0.0,0.0,2024-12-04 11:50:00
2024-12-04 11:50:00,0.0,0.0,0.0,2024-12-04 11:55:00
2024-12-04 11:55:00,0.0,0.0,0.0,2024-12-04 12:00:00
2024-12-04 12:00:00,0.0,0.0,0.0,2024-12-04 12:05:00
2024-12-04 12:05:00,0.0,0.0,0.0,2024-12-04 12:10:00
2024-12-04 12:10:00,0.0,0.0,0.0,2024-12-04 12:15:00
2024-12-04 12:15:00,0.0,0.0,0.0,2024-12-04 12:20:00
2024-12-04 12:20:00,0.0,0.0,0.0,2024-12-04 12:25:00
2024-12-04 12:25:00,0.0,0.0,0.0,2024-12-04 12:30:00
2024-12-04 12:30:00,0.0,0.0,0.0,2024-12-04 12:35:00
2024-12-04 12:35:00,0.0,0.0,0.0,2024-12-04 12:40:00
2024-12-04 12:40:00,0.0,0.0,0.0,2024-12-04 12:45:00
2024-12-04 12:45:00,0.0,0.0,0.0,2024-12-04 12:50:00
2024-12-04 12:50:00,0.0,0.0,0.0,2024-12-04 12:55:00
2024-12-04 12:55:00,0.0,0.0,0.0,2024-12-04 13:00:00
2024-12-04 13:00:00,0.0,0.0,0.0,2024-12-04 13:05:00
2024-12-04 13:05:00,0.0,0.0,0.0,2024-12-04 13:10:00
2024-12-04 13:10:00,0.0,0.0,0.0,2024-12-04 13:15:00
2024-12-04 13:15:00,0.0,0.0,0.0,2024-12-04 13:20:00
2024-12-04 13:20:00,0.0,0.0,0.0,2024-12-04 13:25:00
2024-12-04 13:25:00,0.0,0.0,0.0,2024-12-04 13:30:00
2024-12-04 13:30:00,0.0,0.762,0.238,2024-12-04 13:35:00
2024-12-04 13:35:00,0.0,0.0,0.0,2024-12-04 13:40:00
2024-12-04 13:40:00,0.0,0.0,0.0,2024-12-04 13:45:00
2024-12-04 13:45:00,0.0,0.0,0.0,2024-12-04 13:50:00
2024-12-04 13:50:00,0.0,0.0,0.0,2024-12-04 13:55:00
2024-12-04 13:55:00,0.0,0.0,0.0,2024-12-04 14:00:00
2024-12-04 14:00:00,0.0,0.0,0.0,2024-12-04 14:05:00
2024-12-04 14:05:00,0.0,0.0,0.0,2024-12-04 14:10:00
2024-12-04 14:10:00,0.0,0.0,0.0,2024-12-04 14:15:00
2024-12-04 14:15:00,0.0,0.0,0.0,2024-12-04 14:20:00
2024-12-04 14:20:00,0.0,0.0,0.0,2024-12-04 14:25:00
2024-12-04 14:25:00,0.0,0.0,0.0,2024-12-04 14:30:00
2024-12-04 14:30:00,0.0,0.0,0.0,2024-12-04 14:35:00
2024-12-04 14:35:00,0.0,0.0,0.0,2024-12-04 14:40:00
2024-12-04 14:40:00,0.0,0.0,0.0,2024-12-04 14:45:00
2024-12-04 14:45:00,0.0,0.0,0.0,2024-12-04 14:50:00
2024-12-04 14:50:00,0.0,0.0,0.0,2024-12-04 14:55:00
2024-12-04 14:55:00,0.0,0.0,0.0,2024-12-04 15:00:00
2024-12-04 15:00:00,0.0,0.0,0.0,2024-12-04 15:05:00
2024-12-04 15:05:00,0.0,0.0,0.0,2024-12-04 15:10:00
2024-12-04 15:10:00,0.0,0.0,0.0,2024-12-04 15:15:00
2024-12-04 15:15:00,0.0,0.0,0.0,2024-12-04 15:20:00
2024-12-04 15:20:00,0.0,0.0,0.0,2024-12-04 15:25:00
2024-12-04 15:25:00,0.057,0.861,0.082,2024-12-04 15:30:00
2024-12-04 15:30:00,0.0,0.0,0.0,2024-12-04 15:35:00
2024-12-04 15:35:00,0.0,0.0,0.0,2024-12-04 15:40:00
2024-12-04 15:40:00,0.0,0.0,0.0,2024-12-04 15:45:00
2024-12-04 15:45:00,0.0,0.0,0.0,2024-12-04 15:50:00
2024-12-04 15:50:00,0.0,0.0,0.0,2024-12-04 15:55:00
2024-12-05 09:25:00,0.1576,0.7899999999999999,0.0524,2024-12-05 09:30:00
2024-12-05 09:30:00,0.0,0.0,0.0,2024-12-05 09:35:00
2024-12-05 09:35:00,0.0,0.0,0.0,2024-12-05 09:40:00
2024-12-05 09:40:00,0.0,0.0,0.0,2024-12-05 09:45:00
2024-12-05 09:45:00,0.0,0.0,0.0,2024-12-05 09:50:00
2024-12-05 09:50:00,0.0,0.0,0.0,2024-12-05 09:55:00
2024-12-05 09:55:00,0.0,0.0,0.0,2024-12-05 10:00:00
2024-12-05 10:00:00,0.0,0.0,0.0,2024-12-05 10:05:00
2024-12-05 10:05:00,0.0,0.0,0.0,2024-12-05 10:10:00
2024-12-05 10:10:00,0.0,0.0,0.0,2024-12-05 10:15:00
2024-12-05 10:15:00,0.0,0.0,0.0,2024-12-05 10:20:00
2024-12-05 10:20:00,0.0,0.0,0.0,2024-12-05 10:25:00
2024-12-05 10:25:00,0.0,0.0,0.0,2024-12-05 10:30:00
2024-12-05 10:30:00,0.0,0.0,0.0,2024-12-05 10:35:00
2024-12-05 10:35:00,0.0,0.0,0.0,2024-12-05 10:40:00
2024-12-05 10:40:00,0.0,0.0,0.0,2024-12-05 10:45:00
2024-12-05 10:45:00,0.155,0.753,0.091,2024-12-05 10:50:00
2024-12-05 10:50:00,0.0,0.0,0.0,2024-12-05 10:55:00
2024-12-05 10:55:00,0.146,0.789,0.065,2024-12-05 11:00:00
2024-12-05 11:00:00,0.22,0.762,0.018,2024-12-05 11:05:00
2024-12-05 11:05:00,0.0,0.0,0.0,2024-12-05 11:10:00
2024-12-05 11:10:00,0.187,0.79,0.022,2024-12-05 11:15:00
2024-12-05 11:15:00,0.0,0.0,0.0,2024-12-05 11:20:00
2024-12-05 11:20:00,0.0,0.0,0.0,2024-12-05 11:25:00
2024-12-05 11:25:00,0.0,0.0,0.0,2024-12-05 11:30:00
2024-12-05 11:30:00,0.1905,0.784,0.0255,2024-12-05 11:35:00
2024-12-05 11:35:00,0.0,0.0,0.0,2024-12-05 11:40:00
2024-12-05 11:40:00,0.0,0.0,0.0,2024-12-05 11:45:00
2024-12-05 11:45:00,0.0,0.0,0.0,2024-12-05 11:50:00
2024-12-05 11:50:00,0.0,0.0,0.0,2024-12-05 11:55:00
2024-12-05 11:55:00,0.0,0.0,0.0,2024-12-05 12:00:00
2024-12-05 12:00:00,0.0,0.0,0.0,2024-12-05 12:05:00
2024-12-05 12:05:00,0.0,0.0,0.0,2024-12-05 12:10:00
2024-12-05 12:10:00,0.0,0.0,0.0,2024-12-05 12:15:00
2024-12-05 12:15:00,0.0,0.0,0.0,2024-12-05 12:20:00
2024-12-05 12:20:00,0.0,0.0,0.0,2024-12-05 12:25:00
2024-12-05 12:25:00,0.0,0.0,0.0,2024-12-05 12:30:00
2024-12-05 12:30:00,0.168,0.737,0.095,2024-12-05 12:35:00
2024-12-05 12:35:00,0.196,0.756,0.049,2024-12-05 12:40:00
2024-12-05 12:40:00,0.152,0.832,0.016,2024-12-05 12:45:00
2024-12-05 12:45:00,0.0,0.0,0.0,2024-12-05 12:50:00
2024-12-05 12:50:00,0.0,0.0,0.0,2024-12-05 12:55:00
2024-12-05 12:55:00,0.0,0.0,0.0,2024-12-05 13:00:00
2024-12-05 13:00:00,0.0,0.0,0.0,2024-12-05 13:05:00
2024-12-05 13:05:00,0.0,0.0,0.0,2024-12-05 13:10:00
2024-12-05 13:10:00,0.0,0.0,0.0,2024-12-05 13:15:00
2024-12-05 13:15:00,0.0,0.0,0.0,2024-12-05 13:20:00
2024-12-05 13:20:00,0.151,0.807,0.042,2024-12-05 13:25:00
2024-12-05 13:25:00,0.0,0.0,0.0,2024-12-05 13:30:00
2024-12-05 13:30:00,0.19,0.757,0.052,2024-12-05 13:35:00
2024-12-05 13:35:00,0.205,0.747,0.049,2024-12-05 13:40:00
2024-12-05 13:40:00,0.0,0.0,0.0,2024-12-05 13:45:00
2024-12-05 13:45:00,0.0,0.0,0.0,2024-12-05 13:50:00
2024-12-05 13:50:00,0.0,0.0,0.0,2024-12-05 13:55:00
2024-12-05 13:55:00,0.0,0.0,0.0,2024-12-05 14:00:00
2024-12-05 14:00:00,0.0,0.0,0.0,2024-12-05 14:05:00
2024-12-05 14:05:00,0.144,0.816,0.04,2024-12-05 14:10:00
2024-12-05 14:10:00,0.0,0.881,0.119,2024-12-05 14:15:00
2024-12-05 14:15:00,0.0,0.0,0.0,2024-12-05 14:20:00
2024-12-05 14:20:00,0.0,0.0,0.0,2024-12-05 14:25:00
2024-12-05 14:25:00,0.199,0.693,0.108,2024-12-05 14:30:00
2024-12-05 14:30:00,0.0,0.0,0.0,2024-12-05 14:35:00
2024-12-05 14:35:00,0.194,0.755,0.051,2024-12-05 14:40:00
2024-12-05 14:40:00,0.0,0.0,0.0,2024-12-05 14:45:00
2024-12-05 14:45:00,0.0775,0.855,0.0675,2024-12-05 14:50:00
2024-12-05 14:50:00,0.0,0.0,0.0,2024-12-05 14:55:00
2024-12-05 14:55:00,0.0,0.0,0.0,2024-12-05 15:00:00
2024-12-05 15:00:00,0.0,0.0,0.0,2024-12-05 15:05:00
2024-12-05 15:05:00,0.084,0.916,0.0,2024-12-05 15:10:00
2024-12-05 15:10:00,0.0,0.0,0.0,2024-12-05 15:15:00
2024-12-05 15:15:00,0.0,0.0,0.0,2024-12-05 15:20:00
2024-12-05 15:20:00,0.144,0.782,0.0745,2024-12-05 15:25:00
2024-12-05 15:25:00,0.0,0.0,0.0,2024-12-05 15:30:00
2024-12-05 15:30:00,0.0,0.0,0.0,2024-12-05 15:35:00
2024-12-05 15:35:00,0.0,0.0,0.0,2024-12-05 15:40:00
2024-12-05 15:40:00,0.0,0.0,0.0,2024-12-05 15:45:00
2024-12-05 15:45:00,0.0,0.0,0.0,2024-12-05 15:50:00
2024-12-05 15:50:00,0.0,0.0,0.0,2024-12-05 15:55:00
2024-12-06 09:25:00,0.1523333333333333,0.797076923076923,0.0506153846153846,2024-12-06 09:30:00
2024-12-06 09:30:00,0.0,0.83,0.17,2024-12-06 09:35:00
2024-12-06 09:35:00,0.0,0.0,0.0,2024-12-06 09:40:00
2024-12-06 09:40:00,0.0,0.0,0.0,2024-12-06 09:45:00
2024-12-06 09:45:00,0.214,0.687,0.098,2024-12-06 09:50:00
2024-12-06 09:50:00,0.0,0.0,0.0,2024-12-06 09:55:00
2024-12-06 09:55:00,0.0,0.0,0.0,2024-12-06 10:00:00
2024-12-06 10:00:00,0.204,0.738,0.058,2024-12-06 10:05:00
2024-12-06 10:05:00,0.0,0.0,0.0,2024-12-06 10:10:00
2024-12-06 10:10:00,0.0,0.0,0.0,2024-12-06 10:15:00
2024-12-06 10:15:00,0.0,0.0,0.0,2024-12-06 10:20:00
2024-12-06 10:20:00,0.0,0.0,0.0,2024-12-06 10:25:00
2024-12-06 10:25:00,0.0,0.0,0.0,2024-12-06 10:30:00
2024-12-06 10:30:00,0.0,0.0,0.0,2024-12-06 10:35:00
2024-12-06 10:35:00,0.0,0.0,0.0,2024-12-06 10:40:00
2024-12-06 10:40:00,0.202,0.703,0.095,2024-12-06 10:45:00
2024-12-06 10:45:00,0.0,0.0,0.0,2024-12-06 10:50:00
2024-12-06 10:50:00,0.0,0.0,0.0,2024-12-06 10:55:00
2024-12-06 10:55:00,0.0,0.0,0.0,2024-12-06 11:00:00
2024-12-06 11:00:00,0.224,0.683,0.093,2024-12-06 11:05:00
2024-12-06 11:05:00,0.013,0.842,0.145,2024-12-06 11:10:00
2024-12-06 11:10:00,0.0,0.0,0.0,2024-12-06 11:15:00
2024-12-06 11:15:00,0.0849999999999999,0.7845,0.1305,2024-12-06 11:20:00
2024-12-06 11:20:00,0.0,0.0,0.0,2024-12-06 11:25:00
2024-12-06 11:25:00,0.0,0.0,0.0,2024-12-06 11:30:00
2024-12-06 11:30:00,0.191,0.704,0.105,2024-12-06 11:35:00
2024-12-06 11:35:00,0.191,0.769,0.04,2024-12-06 11:40:00
2024-12-06 11:40:00,0.0,0.0,0.0,2024-12-06 11:45:00
2024-12-06 11:45:00,0.0,0.0,0.0,2024-12-06 11:50:00
2024-12-06 11:50:00,0.195,0.801,0.004,2024-12-06 11:55:00
2024-12-06 11:55:00,0.0,0.0,0.0,2024-12-06 12:00:00
2024-12-06 12:00:00,0.1795714285714285,0.7042857142857143,0.1158571428571428,2024-12-06 12:05:00
2024-12-06 12:05:00,0.0,0.0,0.0,2024-12-06 12:10:00
2024-12-06 12:10:00,0.0,0.0,0.0,2024-12-06 12:15:00
2024-12-06 12:15:00,0.2085,0.644,0.1475,2024-12-06 12:20:00
2024-12-06 12:20:00,0.0,0.0,0.0,2024-12-06 12:25:00
2024-12-06 12:25:00,0.103,0.76,0.137,2024-12-06 12:30:00
2024-12-06 12:30:00,0.0,0.0,0.0,2024-12-06 12:35:00
2024-12-06 12:35:00,0.0,0.0,0.0,2024-12-06 12:40:00
2024-12-06 12:40:00,0.0,0.0,0.0,2024-12-06 12:45:00
2024-12-06 12:45:00,0.0,0.0,0.0,2024-12-06 12:50:00
2024-12-06 12:50:00,0.0,0.0,0.0,2024-12-06 12:55:00
2024-12-06 12:55:00,0.0,0.0,0.0,2024-12-06 13:00:00
2024-12-06 13:00:00,0.005,0.832,0.163,2024-12-06 13:05:00
2024-12-06 13:05:00,0.0,0.0,0.0,2024-12-06 13:10:00
2024-12-06 13:10:00,0.0,0.0,0.0,2024-12-06 13:15:00
2024-12-06 13:15:00,0.0,0.0,0.0,2024-12-06 13:20:00
2024-12-06 13:20:00,0.0,0.0,0.0,2024-12-06 13:25:00
2024-12-06 13:25:00,0.0,0.0,0.0,2024-12-06 13:30:00
2024-12-06 13:30:00,0.187,0.781,0.031,2024-12-06 13:35:00
2024-12-06 13:35:00,0.0,0.0,0.0,2024-12-06 13:40:00
2024-12-06 13:40:00,0.0,0.0,0.0,2024-12-06 13:45:00
2024-12-06 13:45:00,0.0,0.0,0.0,2024-12-06 13:50:00
2024-12-06 13:50:00,0.0,0.0,0.0,2024-12-06 13:55:00
2024-12-06 13:55:00,0.0,0.0,0.0,2024-12-06 14:00:00
2024-12-06 14:00:00,0.0,0.804,0.196,2024-12-06 14:05:00
2024-12-06 14:05:00,0.0,0.0,0.0,2024-12-06 14:10:00
2024-12-06 14:10:00,0.0,0.0,0.0,2024-12-06 14:15:00
2024-12-06 14:15:00,0.0,0.0,0.0,2024-12-06 14:20:00
2024-12-06 14:20:00,0.146,0.751,0.103,2024-12-06 14:25:00
2024-12-06 14:25:00,0.0,0.0,0.0,2024-12-06 14:30:00
2024-12-06 14:30:00,0.0,0.0,0.0,2024-12-06 14:35:00
2024-12-06 14:35:00,0.0,0.0,0.0,2024-12-06 14:40:00
2024-12-06 14:40:00,0.0,0.0,0.0,2024-12-06 14:45:00
2024-12-06 14:45:00,0.0,0.0,0.0,2024-12-06 14:50:00
2024-12-06 14:50:00,0.107,0.87,0.023,2024-12-06 14:55:00
2024-12-06 14:55:00,0.0,0.0,0.0,2024-12-06 15:00:00
2024-12-06 15:00:00,0.0,0.0,0.0,2024-12-06 15:05:00
2024-12-06 15:05:00,0.0,0.0,0.0,2024-12-06 15:10:00
2024-12-06 15:10:00,0.0,0.0,0.0,2024-12-06 15:15:00
2024-12-06 15:15:00,0.0,0.0,0.0,2024-12-06 15:20:00
2024-12-06 15:20:00,0.0,0.0,0.0,2024-12-06 15:25:00
2024-12-06 15:25:00,0.0,0.0,0.0,2024-12-06 15:30:00
2024-12-06 15:30:00,0.0,0.0,0.0,2024-12-06 15:35:00
2024-12-06 15:35:00,0.0,0.0,0.0,2024-12-06 15:40:00
2024-12-06 15:40:00,0.0,0.0,0.0,2024-12-06 15:45:00
2024-12-06 15:45:00,0.0,0.0,0.0,2024-12-06 15:50:00
2024-12-06 15:50:00,0.0,0.0,0.0,2024-12-06 15:55:00
2024-12-09 09:25:00,0.1535407407407407,0.7961999999999999,0.0502888888888888,2024-12-09 09:30:00
2024-12-09 09:30:00,0.0,0.0,0.0,2024-12-09 09:35:00
2024-12-09 09:35:00,0.0,0.0,0.0,2024-12-09 09:40:00
2024-12-09 09:40:00,0.262,0.734,0.005,2024-12-09 09:45:00
2024-12-09 09:45:00,0.0,0.0,0.0,2024-12-09 09:50:00
2024-12-09 09:50:00,0.0,0.0,0.0,2024-12-09 09:55:00
2024-12-09 09:55:00,0.0,0.0,0.0,2024-12-09 10:00:00
2024-12-09 10:00:00,0.0,0.0,0.0,2024-12-09 10:05:00
2024-12-09 10:05:00,0.112,0.844,0.044,2024-12-09 10:10:00
2024-12-09 10:10:00,0.0,0.0,0.0,2024-12-09 10:15:00
2024-12-09 10:15:00,0.0,0.0,0.0,2024-12-09 10:20:00
2024-12-09 10:20:00,0.0,0.0,0.0,2024-12-09 10:25:00
2024-12-09 10:25:00,0.0,0.0,0.0,2024-12-09 10:30:00
2024-12-09 10:30:00,0.236,0.739,0.025,2024-12-09 10:35:00
2024-12-09 10:35:00,0.129,0.788,0.083,2024-12-09 10:40:00
2024-12-09 10:40:00,0.0,0.0,0.0,2024-12-09 10:45:00
2024-12-09 10:45:00,0.0,0.0,0.0,2024-12-09 10:50:00
2024-12-09 10:50:00,0.1345,0.7909999999999999,0.074,2024-12-09 10:55:00
2024-12-09 10:55:00,0.0,0.0,0.0,2024-12-09 11:00:00
2024-12-09 11:00:00,0.0,0.0,0.0,2024-12-09 11:05:00
2024-12-09 11:05:00,0.0,0.0,0.0,2024-12-09 11:10:00
2024-12-09 11:10:00,0.158,0.78,0.063,2024-12-09 11:15:00
2024-12-09 11:15:00,0.0,0.0,0.0,2024-12-09 11:20:00
2024-12-09 11:20:00,0.0,0.0,0.0,2024-12-09 11:25:00
2024-12-09 11:25:00,0.0,0.0,0.0,2024-12-09 11:30:00
2024-12-09 11:30:00,0.07,0.848,0.082,2024-12-09 11:35:00
2024-12-09 11:35:00,0.0,0.0,0.0,2024-12-09 11:40:00
2024-12-09 11:40:00,0.0,0.0,0.0,2024-12-09 11:45:00
2024-12-09 11:45:00,0.0,0.0,0.0,2024-12-09 11:50:00
2024-12-09 11:50:00,0.0,0.0,0.0,2024-12-09 11:55:00
2024-12-09 11:55:00,0.0,0.0,0.0,2024-12-09 12:00:00
2024-12-09 12:00:00,0.0,0.0,0.0,2024-12-09 12:05:00
2024-12-09 12:05:00,0.233,0.665,0.102,2024-12-09 12:10:00
2024-12-09 12:10:00,0.0,0.0,0.0,2024-12-09 12:15:00
2024-12-09 12:15:00,0.088,0.783,0.129,2024-12-09 12:20:00
2024-12-09 12:20:00,0.0,0.0,0.0,2024-12-09 12:25:00
2024-12-09 12:25:00,0.0,0.0,0.0,2024-12-09 12:30:00
2024-12-09 12:30:00,0.0,0.0,0.0,2024-12-09 12:35:00
2024-12-09 12:35:00,0.0,0.0,0.0,2024-12-09 12:40:00
2024-12-09 12:40:00,0.0,0.0,0.0,2024-12-09 12:45:00
2024-12-09 12:45:00,0.0,0.0,0.0,2024-12-09 12:50:00
2024-12-09 12:50:00,0.0,0.0,0.0,2024-12-09 12:55:00
2024-12-09 12:55:00,0.0,0.0,0.0,2024-12-09 13:00:00
2024-12-09 13:00:00,0.0,0.0,0.0,2024-12-09 13:05:00
2024-12-09 13:05:00,0.081,0.911,0.008,2024-12-09 13:10:00
2024-12-09 13:10:00,0.0,0.0,0.0,2024-12-09 13:15:00
2024-12-09 13:15:00,0.0,0.0,0.0,2024-12-09 13:20:00
2024-12-09 13:20:00,0.0,0.0,0.0,2024-12-09 13:25:00
2024-12-09 13:25:00,0.0,0.0,0.0,2024-12-09 13:30:00
2024-12-09 13:30:00,0.0,0.0,0.0,2024-12-09 13:35:00
2024-12-09 13:35:00,0.008,0.911,0.08,2024-12-09 13:40:00
2024-12-09 13:40:00,0.0,0.0,0.0,2024-12-09 13:45:00
2024-12-09 13:45:00,0.0885,0.875,0.0365,2024-12-09 13:50:00
2024-12-09 13:50:00,0.0,0.0,0.0,2024-12-09 13:55:00
2024-12-09 13:55:00,0.123,0.839,0.038,2024-12-09 14:00:00
2024-12-09 14:00:00,0.252,0.672,0.076,2024-12-09 14:05:00
2024-12-09 14:05:00,0.0,0.0,0.0,2024-12-09 14:10:00
2024-12-09 14:10:00,0.1035,0.8585,0.0385,2024-12-09 14:15:00
2024-12-09 14:15:00,0.0,0.0,0.0,2024-12-09 14:20:00
2024-12-09 14:20:00,0.0,0.0,0.0,2024-12-09 14:25:00
2024-12-09 14:25:00,0.0,0.0,0.0,2024-12-09 14:30:00
2024-12-09 14:30:00,0.0,0.0,0.0,2024-12-09 14:35:00
2024-12-09 14:35:00,0.0,0.0,0.0,2024-12-09 14:40:00
2024-12-09 14:40:00,0.187,0.738,0.075,2024-12-09 14:45:00
2024-12-09 14:45:00,0.0,0.0,0.0,2024-12-09 14:50:00
2024-12-09 14:50:00,0.0,0.0,0.0,2024-12-09 14:55:00
2024-12-09 14:55:00,0.0,0.0,0.0,2024-12-09 15:00:00
2024-12-09 15:00:00,0.163,0.795,0.042,2024-12-09 15:05:00
2024-12-09 15:05:00,0.0,0.0,0.0,2024-12-09 15:10:00
2024-12-09 15:10:00,0.0,0.0,0.0,2024-12-09 15:15:00
2024-12-09 15:15:00,0.054,0.933,0.013,2024-12-09 15:20:00
2024-12-09 15:20:00,0.0,0.0,0.0,2024-12-09 15:25:00
2024-12-09 15:25:00,0.0,0.0,0.0,2024-12-09 15:30:00
2024-12-09 15:30:00,0.222,0.722,0.056,2024-12-09 15:35:00
2024-12-09 15:35:00,0.154,0.788,0.058,2024-12-09 15:40:00
2024-12-09 15:40:00,0.0,0.0,0.0,2024-12-09 15:45:00
2024-12-09 15:45:00,0.0,0.0,0.0,2024-12-09 15:50:00
2024-12-09 15:50:00,0.0,0.0,0.0,2024-12-09 15:55:00
2024-12-10 09:25:00,0.1380892857142857,0.8096428571428572,0.0521964285714285,2024-12-10 09:30:00
2024-12-10 09:30:00,0.16,0.835,0.006,2024-12-10 09:35:00
2024-12-10 09:35:00,0.0,0.0,0.0,2024-12-10 09:40:00
2024-12-10 09:40:00,0.0,0.0,0.0,2024-12-10 09:45:00
2024-12-10 09:45:00,0.0,0.0,0.0,2024-12-10 09:50:00
2024-12-10 09:50:00,0.0,0.0,0.0,2024-12-10 09:55:00
2024-12-10 09:55:00,0.0,0.0,0.0,2024-12-10 10:00:00
2024-12-10 10:00:00,0.0,0.0,0.0,2024-12-10 10:05:00
2024-12-10 10:05:00,0.0,0.0,0.0,2024-12-10 10:10:00
2024-12-10 10:10:00,0.0,0.0,0.0,2024-12-10 10:15:00
2024-12-10 10:15:00,0.0,0.0,0.0,2024-12-10 10:20:00
2024-12-10 10:20:00,0.0,1.0,0.0,2024-12-10 10:25:00
2024-12-10 10:25:00,0.0,0.0,0.0,2024-12-10 10:30:00
2024-12-10 10:30:00,0.0,0.0,0.0,2024-12-10 10:35:00
2024-12-10 10:35:00,0.146,0.763,0.09125,2024-12-10 10:40:00
2024-12-10 10:40:00,0.0,0.0,0.0,2024-12-10 10:45:00
2024-12-10 10:45:00,0.201,0.799,0.0,2024-12-10 10:50:00
2024-12-10 10:50:00,0.0,0.0,0.0,2024-12-10 10:55:00
2024-12-10 10:55:00,0.0,0.0,0.0,2024-12-10 11:00:00
2024-12-10 11:00:00,0.13,0.81,0.06,2024-12-10 11:05:00
2024-12-10 11:05:00,0.0,0.0,0.0,2024-12-10 11:10:00
2024-12-10 11:10:00,0.0,0.0,0.0,2024-12-10 11:15:00
2024-12-10 11:15:00,0.0,0.0,0.0,2024-12-10 11:20:00
2024-12-10 11:20:00,0.0,0.0,0.0,2024-12-10 11:25:00
2024-12-10 11:25:00,0.162,0.717,0.122,2024-12-10 11:30:00
2024-12-10 11:30:00,0.0,0.0,0.0,2024-12-10 11:35:00
2024-12-10 11:35:00,0.0,0.0,0.0,2024-12-10 11:40:00
2024-12-10 11:40:00,0.0,0.0,0.0,2024-12-10 11:45:00
2024-12-10 11:45:00,0.174,0.793,0.033,2024-12-10 11:50:00
2024-12-10 11:50:00,0.0,0.0,0.0,2024-12-10 11:55:00
2024-12-10 11:55:00,0.0,0.0,0.0,2024-12-10 12:00:00
2024-12-10 12:00:00,0.0,0.0,0.0,2024-12-10 12:05:00
2024-12-10 12:05:00,0.0,0.0,0.0,2024-12-10 12:10:00
2024-12-10 12:10:00,0.0,0.0,0.0,2024-12-10 12:15:00
2024-12-10 12:15:00,0.038,0.8875,0.0745,2024-12-10 12:20:00
2024-12-10 12:20:00,0.124,0.782,0.094,2024-12-10 12:25:00
2024-12-10 12:25:00,0.0,0.795,0.205,2024-12-10 12:30:00
2024-12-10 12:30:00,0.0,0.0,0.0,2024-12-10 12:35:00
2024-12-10 12:35:00,0.0,0.0,0.0,2024-12-10 12:40:00
2024-12-10 12:40:00,0.0,0.0,0.0,2024-12-10 12:45:00
2024-12-10 12:45:00,0.0,0.0,0.0,2024-12-10 12:50:00
2024-12-10 12:50:00,0.0,0.0,0.0,2024-12-10 12:55:00
2024-12-10 12:55:00,0.0,0.0,0.0,2024-12-10 13:00:00
2024-12-10 13:00:00,0.0,0.0,0.0,2024-12-10 13:05:00
2024-12-10 13:05:00,0.0,0.0,0.0,2024-12-10 13:10:00
2024-12-10 13:10:00,0.0,0.0,0.0,2024-12-10 13:15:00
2024-12-10 13:15:00,0.0,0.0,0.0,2024-12-10 13:20:00
2024-12-10 13:20:00,0.0,0.0,0.0,2024-12-10 13:25:00
2024-12-10 13:25:00,0.0,0.0,0.0,2024-12-10 13:30:00
2024-12-10 13:30:00,0.224,0.703,0.074,2024-12-10 13:35:00
2024-12-10 13:35:00,0.0,0.0,0.0,2024-12-10 13:40:00
2024-12-10 13:40:00,0.0,0.0,0.0,2024-12-10 13:45:00
2024-12-10 13:45:00,0.0,0.0,0.0,2024-12-10 13:50:00
2024-12-10 13:50:00,0.124,0.794,0.082,2024-12-10 13:55:00
2024-12-10 13:55:00,0.0,0.0,0.0,2024-12-10 14:00:00
2024-12-10 14:00:00,0.0,0.0,0.0,2024-12-10 14:05:00
2024-12-10 14:05:00,0.1601999999999999,0.7658,0.0742,2024-12-10 14:10:00
2024-12-10 14:10:00,0.0,0.0,0.0,2024-12-10 14:15:00
2024-12-10 14:15:00,0.0,0.919,0.081,2024-12-10 14:20:00
2024-12-10 14:20:00,0.253,0.734,0.013,2024-12-10 14:25:00
2024-12-10 14:25:00,0.0,0.0,0.0,2024-12-10 14:30:00
2024-12-10 14:30:00,0.0,0.0,0.0,2024-12-10 14:35:00
2024-12-10 14:35:00,0.0,0.0,0.0,2024-12-10 14:40:00
2024-12-10 14:40:00,0.0,0.0,0.0,2024-12-10 14:45:00
2024-12-10 14:45:00,0.0,0.0,0.0,2024-12-10 14:50:00
2024-12-10 14:50:00,0.154,0.833,0.014,2024-12-10 14:55:00
2024-12-10 14:55:00,0.0,0.0,0.0,2024-12-10 15:00:00
2024-12-10 15:00:00,0.0,0.0,0.0,2024-12-10 15:05:00
2024-12-10 15:05:00,0.0,0.0,0.0,2024-12-10 15:10:00
2024-12-10 15:10:00,0.0,0.0,0.0,2024-12-10 15:15:00
2024-12-10 15:15:00,0.0,0.0,0.0,2024-12-10 15:20:00
2024-12-10 15:20:00,0.0,0.0,0.0,2024-12-10 15:25:00
2024-12-10 15:25:00,0.0,0.0,0.0,2024-12-10 15:30:00
2024-12-10 15:30:00,0.0,0.0,0.0,2024-12-10 15:35:00
2024-12-10 15:35:00,0.235,0.757,0.008,2024-12-10 15:40:00
2024-12-10 15:40:00,0.0,0.0,0.0,2024-12-10 15:45:00
2024-12-10 15:45:00,0.2025,0.7595000000000001,0.0385,2024-12-10 15:50:00
2024-12-10 15:50:00,0.0,0.0,0.0,2024-12-10 15:55:00
2024-12-11 09:25:00,0.1718095238095238,0.7775238095238095,0.0506666666666666,2024-12-11 09:30:00
2024-12-11 09:30:00,0.266,0.7,0.034,2024-12-11 09:35:00
2024-12-11 09:35:00,0.0,0.0,0.0,2024-12-11 09:40:00
2024-12-11 09:40:00,0.0,0.0,0.0,2024-12-11 09:45:00
2024-12-11 09:45:00,0.0,0.0,0.0,2024-12-11 09:50:00
2024-12-11 09:50:00,0.0,0.905,0.095,2024-12-11 09:55:00
2024-12-11 09:55:00,0.0,0.0,0.0,2024-12-11 10:00:00
2024-12-11 10:00:00,0.0,0.0,0.0,2024-12-11 10:05:00
2024-12-11 10:05:00,0.0,0.0,0.0,2024-12-11 10:10:00
2024-12-11 10:10:00,0.0,0.0,0.0,2024-12-11 10:15:00
2024-12-11 10:15:00,0.0,0.0,0.0,2024-12-11 10:20:00
2024-12-11 10:20:00,0.0,0.0,0.0,2024-12-11 10:25:00
2024-12-11 10:25:00,0.0,0.0,0.0,2024-12-11 10:30:00
2024-12-11 10:30:00,0.174,0.82,0.006,2024-12-11 10:35:00
2024-12-11 10:35:00,0.0,0.0,0.0,2024-12-11 10:40:00
2024-12-11 10:40:00,0.0,0.0,0.0,2024-12-11 10:45:00
2024-12-11 10:45:00,0.0,0.0,0.0,2024-12-11 10:50:00
2024-12-11 10:50:00,0.0,0.0,0.0,2024-12-11 10:55:00
2024-12-11 10:55:00,0.0,0.0,0.0,2024-12-11 11:00:00
2024-12-11 11:00:00,0.0,0.0,0.0,2024-12-11 11:05:00
2024-12-11 11:05:00,0.0,0.0,0.0,2024-12-11 11:10:00
2024-12-11 11:10:00,0.0,0.0,0.0,2024-12-11 11:15:00
2024-12-11 11:15:00,0.0,0.0,0.0,2024-12-11 11:20:00
2024-12-11 11:20:00,0.0,0.0,0.0,2024-12-11 11:25:00
2024-12-11 11:25:00,0.0,0.0,0.0,2024-12-11 11:30:00
2024-12-11 11:30:00,0.0,0.0,0.0,2024-12-11 11:35:00
2024-12-11 11:35:00,0.0,0.0,0.0,2024-12-11 11:40:00
2024-12-11 11:40:00,0.0,0.0,0.0,2024-12-11 11:45:00
2024-12-11 11:45:00,0.0,0.0,0.0,2024-12-11 11:50:00
2024-12-11 11:50:00,0.0,0.0,0.0,2024-12-11 11:55:00
2024-12-11 11:55:00,0.0,0.0,0.0,2024-12-11 12:00:00
2024-12-11 12:00:00,0.0,1.0,0.0,2024-12-11 12:05:00
2024-12-11 12:05:00,0.0,0.0,0.0,2024-12-11 12:10:00
2024-12-11 12:10:00,0.0,0.0,0.0,2024-12-11 12:15:00
2024-12-11 12:15:00,0.147,0.825,0.028,2024-12-11 12:20:00
2024-12-11 12:20:00,0.0,0.0,0.0,2024-12-11 12:25:00
2024-12-11 12:25:00,0.0,0.0,0.0,2024-12-11 12:30:00
2024-12-11 12:30:00,0.0,0.0,0.0,2024-12-11 12:35:00
2024-12-11 12:35:00,0.0,0.0,0.0,2024-12-11 12:40:00
2024-12-11 12:40:00,0.0,0.0,0.0,2024-12-11 12:45:00
2024-12-11 12:45:00,0.0,0.0,0.0,2024-12-11 12:50:00
2024-12-11 12:50:00,0.0,0.0,0.0,2024-12-11 12:55:00
2024-12-11 12:55:00,0.0,0.0,0.0,2024-12-11 13:00:00
2024-12-11 13:00:00,0.0,0.0,0.0,2024-12-11 13:05:00
2024-12-11 13:05:00,0.0,0.0,0.0,2024-12-11 13:10:00
2024-12-11 13:10:00,0.0,0.0,0.0,2024-12-11 13:15:00
2024-12-11 13:15:00,0.0,0.0,0.0,2024-12-11 13:20:00
2024-12-11 13:20:00,0.0,0.0,0.0,2024-12-11 13:25:00
2024-12-11 13:25:00,0.0,0.0,0.0,2024-12-11 13:30:00
2024-12-11 13:30:00,0.0,0.0,0.0,2024-12-11 13:35:00
2024-12-11 13:35:00,0.0,0.0,0.0,2024-12-11 13:40:00
2024-12-11 13:40:00,0.1405,0.8325,0.027,2024-12-11 13:45:00
2024-12-11 13:45:00,0.0,0.0,0.0,2024-12-11 13:50:00
2024-12-11 13:50:00,0.0,0.0,0.0,2024-12-11 13:55:00
2024-12-11 13:55:00,0.0,0.0,0.0,2024-12-11 14:00:00
2024-12-11 14:00:00,0.186,0.68,0.134,2024-12-11 14:05:00
2024-12-11 14:05:00,0.148,0.7555000000000001,0.0965,2024-12-11 14:10:00
2024-12-11 14:10:00,0.083,0.7035,0.2135,2024-12-11 14:15:00
2024-12-11 14:15:00,0.172,0.768,0.061,2024-12-11 14:20:00
2024-12-11 14:20:00,0.0,0.0,0.0,2024-12-11 14:25:00
2024-12-11 14:25:00,0.0,0.0,0.0,2024-12-11 14:30:00
2024-12-11 14:30:00,0.193,0.775,0.0325,2024-12-11 14:35:00
2024-12-11 14:35:00,0.2299999999999999,0.7076666666666668,0.0623333333333333,2024-12-11 14:40:00
2024-12-11 14:40:00,0.0,0.0,0.0,2024-12-11 14:45:00
2024-12-11 14:45:00,0.2345,0.7155,0.0505,2024-12-11 14:50:00
2024-12-11 14:50:00,0.0,0.0,0.0,2024-12-11 14:55:00
2024-12-11 14:55:00,0.0,0.0,0.0,2024-12-11 15:00:00
2024-12-11 15:00:00,0.175,0.727,0.098,2024-12-11 15:05:00
2024-12-11 15:05:00,0.0925,0.718,0.19,2024-12-11 15:10:00
2024-12-11 15:10:00,0.183,0.755,0.062,2024-12-11 15:15:00
2024-12-11 15:15:00,0.0,0.0,0.0,2024-12-11 15:20:00
2024-12-11 15:20:00,0.196,0.711,0.093,2024-12-11 15:25:00
2024-12-11 15:25:00,0.0,0.0,0.0,2024-12-11 15:30:00
2024-12-11 15:30:00,0.179,0.7645,0.0565,2024-12-11 15:35:00
2024-12-11 15:35:00,0.0,0.0,0.0,2024-12-11 15:40:00
2024-12-11 15:40:00,0.0,0.0,0.0,2024-12-11 15:45:00
2024-12-11 15:45:00,0.0,0.0,0.0,2024-12-11 15:50:00
2024-12-11 15:50:00,0.0,0.0,0.0,2024-12-11 15:55:00
2024-12-12 09:25:00,0.1654444444444444,0.772,0.0624646464646464,2024-12-12 09:30:00
2024-12-12 09:30:00,0.0,0.0,0.0,2024-12-12 09:35:00
2024-12-12 09:35:00,0.0,0.0,0.0,2024-12-12 09:40:00
2024-12-12 09:40:00,0.0,0.0,0.0,2024-12-12 09:45:00
2024-12-12 09:45:00,0.0,0.0,0.0,2024-12-12 09:50:00
2024-12-12 09:50:00,0.194,0.797,0.009,2024-12-12 09:55:00
2024-12-12 09:55:00,0.0,0.0,0.0,2024-12-12 10:00:00
2024-12-12 10:00:00,0.271,0.681,0.048,2024-12-12 10:05:00
2024-12-12 10:05:00,0.006,0.81,0.184,2024-12-12 10:10:00
2024-12-12 10:10:00,0.0,0.0,0.0,2024-12-12 10:15:00
2024-12-12 10:15:00,0.0,0.0,0.0,2024-12-12 10:20:00
2024-12-12 10:20:00,0.145,0.799,0.056,2024-12-12 10:25:00
2024-12-12 10:25:00,0.0,0.0,0.0,2024-12-12 10:30:00
2024-12-12 10:30:00,0.24,0.571,0.189,2024-12-12 10:35:00
2024-12-12 10:35:00,0.0,0.0,0.0,2024-12-12 10:40:00
2024-12-12 10:40:00,0.193,0.751,0.056,2024-12-12 10:45:00
2024-12-12 10:45:00,0.0,0.0,0.0,2024-12-12 10:50:00
2024-12-12 10:50:00,0.0,0.0,0.0,2024-12-12 10:55:00
2024-12-12 10:55:00,0.0,0.881,0.119,2024-12-12 11:00:00
2024-12-12 11:00:00,0.054,0.676,0.27,2024-12-12 11:05:00
2024-12-12 11:05:00,0.113,0.841,0.046,2024-12-12 11:10:00
2024-12-12 11:10:00,0.116,0.804,0.08,2024-12-12 11:15:00
2024-12-12 11:15:00,0.0,0.0,0.0,2024-12-12 11:20:00
2024-12-12 11:20:00,0.0,0.0,0.0,2024-12-12 11:25:00
2024-12-12 11:25:00,0.161,0.736,0.103,2024-12-12 11:30:00
2024-12-12 11:30:00,0.0,0.0,0.0,2024-12-12 11:35:00
2024-12-12 11:35:00,0.199,0.773,0.028,2024-12-12 11:40:00
2024-12-12 11:40:00,0.2135,0.7555000000000001,0.0315,2024-12-12 11:45:00
2024-12-12 11:45:00,0.0,0.0,0.0,2024-12-12 11:50:00
2024-12-12 11:50:00,0.015,0.872,0.114,2024-12-12 11:55:00
2024-12-12 11:55:00,0.0,0.0,0.0,2024-12-12 12:00:00
2024-12-12 12:00:00,0.0826666666666666,0.769,0.1483333333333333,2024-12-12 12:05:00
2024-12-12 12:05:00,0.0,0.0,0.0,2024-12-12 12:10:00
2024-12-12 12:10:00,0.0,0.0,0.0,2024-12-12 12:15:00
2024-12-12 12:15:00,0.034,0.81,0.156,2024-12-12 12:20:00
2024-12-12 12:20:00,0.0,0.0,0.0,2024-12-12 12:25:00
2024-12-12 12:25:00,0.0,0.0,0.0,2024-12-12 12:30:00
2024-12-12 12:30:00,0.139,0.7709999999999999,0.09,2024-12-12 12:35:00
2024-12-12 12:35:00,0.0,0.0,0.0,2024-12-12 12:40:00
2024-12-12 12:40:00,0.0,0.0,0.0,2024-12-12 12:45:00
2024-12-12 12:45:00,0.0,0.0,0.0,2024-12-12 12:50:00
2024-12-12 12:50:00,0.192,0.767,0.041,2024-12-12 12:55:00
2024-12-12 12:55:00,0.0,0.0,0.0,2024-12-12 13:00:00
2024-12-12 13:00:00,0.095,0.6865,0.2185,2024-12-12 13:05:00
2024-12-12 13:05:00,0.0,0.0,0.0,2024-12-12 13:10:00
2024-12-12 13:10:00,0.0,0.0,0.0,2024-12-12 13:15:00
2024-12-12 13:15:00,0.0,0.0,0.0,2024-12-12 13:20:00
2024-12-12 13:20:00,0.238,0.717,0.045,2024-12-12 13:25:00
2024-12-12 13:25:00,0.0,0.0,0.0,2024-12-12 13:30:00
2024-12-12 13:30:00,0.182,0.75,0.068,2024-12-12 13:35:00
2024-12-12 13:35:00,0.153,0.818,0.029,2024-12-12 13:40:00
2024-12-12 13:40:00,0.0,0.0,0.0,2024-12-12 13:45:00
2024-12-12 13:45:00,0.0,0.0,0.0,2024-12-12 13:50:00
2024-12-12 13:50:00,0.0,0.0,0.0,2024-12-12 13:55:00
2024-12-12 13:55:00,0.0,0.0,0.0,2024-12-12 14:00:00
2024-12-12 14:00:00,0.0,0.0,0.0,2024-12-12 14:05:00
2024-12-12 14:05:00,0.181,0.811,0.008,2024-12-12 14:10:00
2024-12-12 14:10:00,0.0,0.0,0.0,2024-12-12 14:15:00
2024-12-12 14:15:00,0.0,0.0,0.0,2024-12-12 14:20:00
2024-12-12 14:20:00,0.1345,0.81,0.0554999999999999,2024-12-12 14:25:00
2024-12-12 14:25:00,0.0,0.0,0.0,2024-12-12 14:30:00
2024-12-12 14:30:00,0.0,0.0,0.0,2024-12-12 14:35:00
2024-12-12 14:35:00,0.0,0.0,0.0,2024-12-12 14:40:00
2024-12-12 14:40:00,0.0,0.0,0.0,2024-12-12 14:45:00
2024-12-12 14:45:00,0.0,0.0,0.0,2024-12-12 14:50:00
2024-12-12 14:50:00,0.0,0.0,0.0,2024-12-12 14:55:00
2024-12-12 14:55:00,0.0,0.0,0.0,2024-12-12 15:00:00
2024-12-12 15:00:00,0.0,0.925,0.075,2024-12-12 15:05:00
2024-12-12 15:05:00,0.0863333333333333,0.823,0.0906666666666666,2024-12-12 15:10:00
2024-12-12 15:10:00,0.18,0.772,0.048,2024-12-12 15:15:00
2024-12-12 15:15:00,0.0,0.0,0.0,2024-12-12 15:20:00
2024-12-12 15:20:00,0.0,0.0,0.0,2024-12-12 15:25:00
2024-12-12 15:25:00,0.0,0.0,0.0,2024-12-12 15:30:00
2024-12-12 15:30:00,0.162,0.821,0.017,2024-12-12 15:35:00
2024-12-12 15:35:00,0.0,0.0,0.0,2024-12-12 15:40:00
2024-12-12 15:40:00,0.1045,0.7665,0.1285,2024-12-12 15:45:00
2024-12-12 15:45:00,0.0,0.0,0.0,2024-12-12 15:50:00
2024-12-12 15:50:00,0.0,0.0,0.0,2024-12-12 15:55:00
2024-12-13 09:25:00,0.1486349206349206,0.7973492063492063,0.054047619047619,2024-12-13 09:30:00
2024-12-13 09:30:00,0.0,0.0,0.0,2024-12-13 09:35:00
2024-12-13 09:35:00,0.0,0.0,0.0,2024-12-13 09:40:00
2024-12-13 09:40:00,0.0,0.0,0.0,2024-12-13 09:45:00
2024-12-13 09:45:00,0.0,0.0,0.0,2024-12-13 09:50:00
2024-12-13 09:50:00,0.0,0.0,0.0,2024-12-13 09:55:00
2024-12-13 09:55:00,0.0,0.0,0.0,2024-12-13 10:00:00
2024-12-13 10:00:00,0.21,0.774,0.015,2024-12-13 10:05:00
2024-12-13 10:05:00,0.112,0.788,0.1,2024-12-13 10:10:00
2024-12-13 10:10:00,0.03,0.823,0.147,2024-12-13 10:15:00
2024-12-13 10:15:00,0.0,0.0,0.0,2024-12-13 10:20:00
2024-12-13 10:20:00,0.0,0.0,0.0,2024-12-13 10:25:00
2024-12-13 10:25:00,0.0,0.0,0.0,2024-12-13 10:30:00
2024-12-13 10:30:00,0.21,0.707,0.084,2024-12-13 10:35:00
2024-12-13 10:35:00,0.0,0.0,0.0,2024-12-13 10:40:00
2024-12-13 10:40:00,0.0,0.0,0.0,2024-12-13 10:45:00
2024-12-13 10:45:00,0.0,0.0,0.0,2024-12-13 10:50:00
2024-12-13 10:50:00,0.0,0.0,0.0,2024-12-13 10:55:00
2024-12-13 10:55:00,0.0,0.0,0.0,2024-12-13 11:00:00
2024-12-13 11:00:00,0.0,0.0,0.0,2024-12-13 11:05:00
2024-12-13 11:05:00,0.0,0.0,0.0,2024-12-13 11:10:00
2024-12-13 11:10:00,0.0,0.0,0.0,2024-12-13 11:15:00
2024-12-13 11:15:00,0.0,0.0,0.0,2024-12-13 11:20:00
2024-12-13 11:20:00,0.0,0.0,0.0,2024-12-13 11:25:00
2024-12-13 11:25:00,0.0,0.0,0.0,2024-12-13 11:30:00
2024-12-13 11:30:00,0.202,0.681,0.116,2024-12-13 11:35:00
2024-12-13 11:35:00,0.0,0.0,0.0,2024-12-13 11:40:00
2024-12-13 11:40:00,0.0,0.0,0.0,2024-12-13 11:45:00
2024-12-13 11:45:00,0.0,0.0,0.0,2024-12-13 11:50:00
2024-12-13 11:50:00,0.158,0.709,0.134,2024-12-13 11:55:00
2024-12-13 11:55:00,0.0,0.0,0.0,2024-12-13 12:00:00
2024-12-13 12:00:00,0.239,0.694,0.067,2024-12-13 12:05:00
2024-12-13 12:05:00,0.183,0.805,0.012,2024-12-13 12:10:00
2024-12-13 12:10:00,0.181,0.694,0.125,2024-12-13 12:15:00
2024-12-13 12:15:00,0.0,0.0,0.0,2024-12-13 12:20:00
2024-12-13 12:20:00,0.0,0.0,0.0,2024-12-13 12:25:00
2024-12-13 12:25:00,0.0,0.0,0.0,2024-12-13 12:30:00
2024-12-13 12:30:00,0.0,0.0,0.0,2024-12-13 12:35:00
2024-12-13 12:35:00,0.0,0.0,0.0,2024-12-13 12:40:00
2024-12-13 12:40:00,0.0,0.0,0.0,2024-12-13 12:45:00
2024-12-13 12:45:00,0.0,0.0,0.0,2024-12-13 12:50:00
2024-12-13 12:50:00,0.07,0.851,0.079,2024-12-13 12:55:00
2024-12-13 12:55:00,0.203,0.791,0.006,2024-12-13 13:00:00
2024-12-13 13:00:00,0.152,0.789,0.059,2024-12-13 13:05:00
2024-12-13 13:05:00,0.104,0.846,0.05,2024-12-13 13:10:00
2024-12-13 13:10:00,0.0,0.0,0.0,2024-12-13 13:15:00
2024-12-13 13:15:00,0.0,0.0,0.0,2024-12-13 13:20:00
2024-12-13 13:20:00,0.228,0.76,0.012,2024-12-13 13:25:00
2024-12-13 13:25:00,0.0,0.0,0.0,2024-12-13 13:30:00
2024-12-13 13:30:00,0.0,0.0,0.0,2024-12-13 13:35:00
2024-12-13 13:35:00,0.1525,0.749,0.098,2024-12-13 13:40:00
2024-12-13 13:40:00,0.148,0.814,0.037,2024-12-13 13:45:00
2024-12-13 13:45:00,0.0,0.0,0.0,2024-12-13 13:50:00
2024-12-13 13:50:00,0.0,0.0,0.0,2024-12-13 13:55:00
2024-12-13 13:55:00,0.231,0.76,0.009,2024-12-13 14:00:00
2024-12-13 14:00:00,0.0,0.0,0.0,2024-12-13 14:05:00
2024-12-13 14:05:00,0.0,0.0,0.0,2024-12-13 14:10:00
2024-12-13 14:10:00,0.0,1.0,0.0,2024-12-13 14:15:00
2024-12-13 14:15:00,0.128,0.686,0.186,2024-12-13 14:20:00
2024-12-13 14:20:00,0.219,0.704,0.077,2024-12-13 14:25:00
2024-12-13 14:25:00,0.248,0.731,0.021,2024-12-13 14:30:00
2024-12-13 14:30:00,0.0,0.0,0.0,2024-12-13 14:35:00
2024-12-13 14:35:00,0.0,0.0,0.0,2024-12-13 14:40:00
2024-12-13 14:40:00,0.092,0.755,0.154,2024-12-13 14:45:00
2024-12-13 14:45:00,0.0,0.0,0.0,2024-12-13 14:50:00
2024-12-13 14:50:00,0.0,0.0,0.0,2024-12-13 14:55:00
2024-12-13 14:55:00,0.0,0.0,0.0,2024-12-13 15:00:00
2024-12-13 15:00:00,0.0,0.0,0.0,2024-12-13 15:05:00
2024-12-13 15:05:00,0.184,0.749,0.067,2024-12-13 15:10:00
2024-12-13 15:10:00,0.0,0.0,0.0,2024-12-13 15:15:00
2024-12-13 15:15:00,0.1265,0.8365,0.037,2024-12-13 15:20:00
2024-12-13 15:20:00,0.0,0.0,0.0,2024-12-13 15:25:00
2024-12-13 15:25:00,0.0,0.0,0.0,2024-12-13 15:30:00
2024-12-13 15:30:00,0.223,0.673,0.103,2024-12-13 15:35:00
2024-12-13 15:35:00,0.0,0.0,0.0,2024-12-13 15:40:00
2024-12-13 15:40:00,0.0,0.0,0.0,2024-12-13 15:45:00
2024-12-13 15:45:00,0.0,0.0,0.0,2024-12-13 15:50:00
2024-12-13 15:50:00,0.178,0.808,0.015,2024-12-13 15:55:00
2024-12-16 09:25:00,0.1434421768707482,0.809312925170068,0.0471904761904761,2024-12-16 09:30:00
2024-12-16 09:30:00,0.20375,0.7885,0.00825,2024-12-16 09:35:00
2024-12-16 09:35:00,0.1683333333333333,0.823,0.009,2024-12-16 09:40:00
2024-12-16 09:40:00,0.0,0.0,0.0,2024-12-16 09:45:00
2024-12-16 09:45:00,0.0,0.0,0.0,2024-12-16 09:50:00
2024-12-16 09:50:00,0.1649999999999999,0.827,0.008,2024-12-16 09:55:00
2024-12-16 09:55:00,0.0,0.0,0.0,2024-12-16 10:00:00
2024-12-16 10:00:00,0.0,0.0,0.0,2024-12-16 10:05:00
2024-12-16 10:05:00,0.1005,0.8845000000000001,0.0155,2024-12-16 10:10:00
2024-12-16 10:10:00,0.071,0.92,0.009,2024-12-16 10:15:00
2024-12-16 10:15:00,0.0,0.0,0.0,2024-12-16 10:20:00
2024-12-16 10:20:00,0.0,0.0,0.0,2024-12-16 10:25:00
2024-12-16 10:25:00,0.0215,0.9735,0.005,2024-12-16 10:30:00
2024-12-16 10:30:00,0.0,0.0,0.0,2024-12-16 10:35:00
2024-12-16 10:35:00,0.0,0.0,0.0,2024-12-16 10:40:00
2024-12-16 10:40:00,0.0,0.0,0.0,2024-12-16 10:45:00
2024-12-16 10:45:00,0.0,0.0,0.0,2024-12-16 10:50:00
2024-12-16 10:50:00,0.113,0.83,0.057,2024-12-16 10:55:00
2024-12-16 10:55:00,0.0,0.0,0.0,2024-12-16 11:00:00
2024-12-16 11:00:00,0.0,0.0,0.0,2024-12-16 11:05:00
2024-12-16 11:05:00,0.0,0.0,0.0,2024-12-16 11:10:00
2024-12-16 11:10:00,0.1,0.886,0.014,2024-12-16 11:15:00
2024-12-16 11:15:00,0.0,0.0,0.0,2024-12-16 11:20:00
2024-12-16 11:20:00,0.0,0.0,0.0,2024-12-16 11:25:00
2024-12-16 11:25:00,0.219,0.743,0.038,2024-12-16 11:30:00
2024-12-16 11:30:00,0.1295,0.8255,0.045,2024-12-16 11:35:00
2024-12-16 11:35:00,0.0,0.0,0.0,2024-12-16 11:40:00
2024-12-16 11:40:00,0.0,0.0,0.0,2024-12-16 11:45:00
2024-12-16 11:45:00,0.0,0.0,0.0,2024-12-16 11:50:00
2024-12-16 11:50:00,0.0,0.0,0.0,2024-12-16 11:55:00
2024-12-16 11:55:00,0.0,0.0,0.0,2024-12-16 12:00:00
2024-12-16 12:00:00,0.0,0.0,0.0,2024-12-16 12:05:00
2024-12-16 12:05:00,0.128,0.837,0.035,2024-12-16 12:10:00
2024-12-16 12:10:00,0.0,0.926,0.074,2024-12-16 12:15:00
2024-12-16 12:15:00,0.0,0.0,0.0,2024-12-16 12:20:00
2024-12-16 12:20:00,0.0,0.0,0.0,2024-12-16 12:25:00
2024-12-16 12:25:00,0.23,0.668,0.102,2024-12-16 12:30:00
2024-12-16 12:30:00,0.0,0.0,0.0,2024-12-16 12:35:00
2024-12-16 12:35:00,0.0,0.0,0.0,2024-12-16 12:40:00
2024-12-16 12:40:00,0.105,0.86,0.035,2024-12-16 12:45:00
2024-12-16 12:45:00,0.1405,0.8325,0.0275,2024-12-16 12:50:00
2024-12-16 12:50:00,0.0,0.0,0.0,2024-12-16 12:55:00
2024-12-16 12:55:00,0.0,0.0,0.0,2024-12-16 13:00:00
2024-12-16 13:00:00,0.0,0.0,0.0,2024-12-16 13:05:00
2024-12-16 13:05:00,0.246,0.741,0.014,2024-12-16 13:10:00
2024-12-16 13:10:00,0.0,0.0,0.0,2024-12-16 13:15:00
2024-12-16 13:15:00,0.0,0.0,0.0,2024-12-16 13:20:00
2024-12-16 13:20:00,0.0,0.0,0.0,2024-12-16 13:25:00
2024-12-16 13:25:00,0.0,0.0,0.0,2024-12-16 13:30:00
2024-12-16 13:30:00,0.0,0.0,0.0,2024-12-16 13:35:00
2024-12-16 13:35:00,0.0,0.0,0.0,2024-12-16 13:40:00
2024-12-16 13:40:00,0.0,0.0,0.0,2024-12-16 13:45:00
2024-12-16 13:45:00,0.0,0.0,0.0,2024-12-16 13:50:00
2024-12-16 13:50:00,0.0,0.0,0.0,2024-12-16 13:55:00
2024-12-16 13:55:00,0.0,0.0,0.0,2024-12-16 14:00:00
2024-12-16 14:00:00,0.0,0.0,0.0,2024-12-16 14:05:00
2024-12-16 14:05:00,0.0,0.0,0.0,2024-12-16 14:10:00
2024-12-16 14:10:00,0.0,0.0,0.0,2024-12-16 14:15:00
2024-12-16 14:15:00,0.067,0.886,0.047,2024-12-16 14:20:00
2024-12-16 14:20:00,0.0,0.0,0.0,2024-12-16 14:25:00
2024-12-16 14:25:00,0.0,0.0,0.0,2024-12-16 14:30:00
2024-12-16 14:30:00,0.1495,0.808,0.0424999999999999,2024-12-16 14:35:00
2024-12-16 14:35:00,0.136,0.834,0.0295,2024-12-16 14:40:00
2024-12-16 14:40:00,0.173,0.797,0.03,2024-12-16 14:45:00
2024-12-16 14:45:00,0.0,0.0,0.0,2024-12-16 14:50:00
2024-12-16 14:50:00,0.0,0.0,0.0,2024-12-16 14:55:00
2024-12-16 14:55:00,0.0,0.0,0.0,2024-12-16 15:00:00
2024-12-16 15:00:00,0.0,0.0,0.0,2024-12-16 15:05:00
2024-12-16 15:05:00,0.203,0.723,0.075,2024-12-16 15:10:00
2024-12-16 15:10:00,0.0,0.0,0.0,2024-12-16 15:15:00
2024-12-16 15:15:00,0.0,0.0,0.0,2024-12-16 15:20:00
2024-12-16 15:20:00,0.137,0.8285,0.0345,2024-12-16 15:25:00
2024-12-16 15:25:00,0.0,0.0,0.0,2024-12-16 15:30:00
2024-12-16 15:30:00,0.0,0.0,0.0,2024-12-16 15:35:00
2024-12-16 15:35:00,0.0,0.0,0.0,2024-12-16 15:40:00
2024-12-16 15:40:00,0.269,0.665,0.066,2024-12-16 15:45:00
2024-12-16 15:45:00,0.0,0.707,0.293,2024-12-16 15:50:00
2024-12-16 15:50:00,0.0,0.0,0.0,2024-12-16 15:55:00
2024-12-17 09:25:00,0.1282622950819672,0.8138360655737704,0.0579999999999999,2024-12-17 09:30:00
2024-12-17 09:30:00,0.232,0.756,0.012,2024-12-17 09:35:00
2024-12-17 09:35:00,0.149,0.834,0.018,2024-12-17 09:40:00
2024-12-17 09:40:00,0.0,0.0,0.0,2024-12-17 09:45:00
2024-12-17 09:45:00,0.0,0.0,0.0,2024-12-17 09:50:00
2024-12-17 09:50:00,0.099,0.872,0.029,2024-12-17 09:55:00
2024-12-17 09:55:00,0.0,0.0,0.0,2024-12-17 10:00:00
2024-12-17 10:00:00,0.0,0.0,0.0,2024-12-17 10:05:00
2024-12-17 10:05:00,0.0,0.0,0.0,2024-12-17 10:10:00
2024-12-17 10:10:00,0.0,0.0,0.0,2024-12-17 10:15:00
2024-12-17 10:15:00,0.091,0.864,0.045,2024-12-17 10:20:00
2024-12-17 10:20:00,0.0,0.0,0.0,2024-12-17 10:25:00
2024-12-17 10:25:00,0.0,0.0,0.0,2024-12-17 10:30:00
2024-12-17 10:30:00,0.138,0.808,0.053,2024-12-17 10:35:00
2024-12-17 10:35:00,0.0,0.0,0.0,2024-12-17 10:40:00
2024-12-17 10:40:00,0.0,0.0,0.0,2024-12-17 10:45:00
2024-12-17 10:45:00,0.0,0.0,0.0,2024-12-17 10:50:00
2024-12-17 10:50:00,0.0,0.0,0.0,2024-12-17 10:55:00
2024-12-17 10:55:00,0.0,0.0,0.0,2024-12-17 11:00:00
2024-12-17 11:00:00,0.0,0.0,0.0,2024-12-17 11:05:00
2024-12-17 11:05:00,0.2015,0.725,0.073,2024-12-17 11:10:00
2024-12-17 11:10:00,0.0,0.0,0.0,2024-12-17 11:15:00
2024-12-17 11:15:00,0.0,0.0,0.0,2024-12-17 11:20:00
2024-12-17 11:20:00,0.161,0.835,0.003,2024-12-17 11:25:00
2024-12-17 11:25:00,0.0,0.0,0.0,2024-12-17 11:30:00
2024-12-17 11:30:00,0.0,0.0,0.0,2024-12-17 11:35:00
2024-12-17 11:35:00,0.0,0.0,0.0,2024-12-17 11:40:00
2024-12-17 11:40:00,0.158,0.771,0.071,2024-12-17 11:45:00
2024-12-17 11:45:00,0.0,0.0,0.0,2024-12-17 11:50:00
2024-12-17 11:50:00,0.0,0.0,0.0,2024-12-17 11:55:00
2024-12-17 11:55:00,0.0,0.0,0.0,2024-12-17 12:00:00
2024-12-17 12:00:00,0.0,0.0,0.0,2024-12-17 12:05:00
2024-12-17 12:05:00,0.0,0.0,0.0,2024-12-17 12:10:00
2024-12-17 12:10:00,0.0,0.0,0.0,2024-12-17 12:15:00
2024-12-17 12:15:00,0.0,0.0,0.0,2024-12-17 12:20:00
2024-12-17 12:20:00,0.018,0.789,0.194,2024-12-17 12:25:00
2024-12-17 12:25:00,0.0,0.0,0.0,2024-12-17 12:30:00
2024-12-17 12:30:00,0.0,0.0,0.0,2024-12-17 12:35:00
2024-12-17 12:35:00,0.121,0.855,0.024,2024-12-17 12:40:00
2024-12-17 12:40:00,0.0,0.0,0.0,2024-12-17 12:45:00
2024-12-17 12:45:00,0.0,0.0,0.0,2024-12-17 12:50:00
2024-12-17 12:50:00,0.0,0.0,0.0,2024-12-17 12:55:00
2024-12-17 12:55:00,0.0,0.0,0.0,2024-12-17 13:00:00
2024-12-17 13:00:00,0.175,0.748,0.077,2024-12-17 13:05:00
2024-12-17 13:05:00,0.144,0.706,0.149,2024-12-17 13:10:00
2024-12-17 13:10:00,0.0,0.0,0.0,2024-12-17 13:15:00
2024-12-17 13:15:00,0.0,0.0,0.0,2024-12-17 13:20:00
2024-12-17 13:20:00,0.0,0.0,0.0,2024-12-17 13:25:00
2024-12-17 13:25:00,0.0,0.0,0.0,2024-12-17 13:30:00
2024-12-17 13:30:00,0.0,0.0,0.0,2024-12-17 13:35:00
2024-12-17 13:35:00,0.0,0.0,0.0,2024-12-17 13:40:00
2024-12-17 13:40:00,0.0,0.0,0.0,2024-12-17 13:45:00
2024-12-17 13:45:00,0.051,0.888,0.061,2024-12-17 13:50:00
2024-12-17 13:50:00,0.0,0.0,0.0,2024-12-17 13:55:00
2024-12-17 13:55:00,0.0,0.0,0.0,2024-12-17 14:00:00
2024-12-17 14:00:00,0.0,0.0,0.0,2024-12-17 14:05:00
2024-12-17 14:05:00,0.0,0.0,0.0,2024-12-17 14:10:00
2024-12-17 14:10:00,0.0,0.0,0.0,2024-12-17 14:15:00
2024-12-17 14:15:00,0.142,0.846,0.012,2024-12-17 14:20:00
2024-12-17 14:20:00,0.0,0.0,0.0,2024-12-17 14:25:00
2024-12-17 14:25:00,0.0,0.0,0.0,2024-12-17 14:30:00
2024-12-17 14:30:00,0.0,0.0,0.0,2024-12-17 14:35:00
2024-12-17 14:35:00,0.0,0.0,0.0,2024-12-17 14:40:00
2024-12-17 14:40:00,0.0,0.0,0.0,2024-12-17 14:45:00
2024-12-17 14:45:00,0.0,0.0,0.0,2024-12-17 14:50:00
2024-12-17 14:50:00,0.0,0.0,0.0,2024-12-17 14:55:00
2024-12-17 14:55:00,0.0,0.0,0.0,2024-12-17 15:00:00
2024-12-17 15:00:00,0.1415,0.7915,0.0675,2024-12-17 15:05:00
2024-12-17 15:05:00,0.157,0.753,0.09,2024-12-17 15:10:00
2024-12-17 15:10:00,0.0,0.0,0.0,2024-12-17 15:15:00
2024-12-17 15:15:00,0.207,0.759,0.033,2024-12-17 15:20:00
2024-12-17 15:20:00,0.0,0.0,0.0,2024-12-17 15:25:00
2024-12-17 15:25:00,0.0,0.0,0.0,2024-12-17 15:30:00
2024-12-17 15:30:00,0.1015,0.8835,0.015,2024-12-17 15:35:00
2024-12-17 15:35:00,0.0,0.0,0.0,2024-12-17 15:40:00
2024-12-17 15:40:00,0.0,0.0,0.0,2024-12-17 15:45:00
2024-12-17 15:45:00,0.0,0.0,0.0,2024-12-17 15:50:00
2024-12-17 15:50:00,0.283,0.709,0.009,2024-12-17 15:55:00
2024-12-18 09:25:00,0.1618823529411764,0.7943921568627451,0.0435686274509803,2024-12-18 09:30:00
2024-12-18 09:30:00,0.0,0.0,0.0,2024-12-18 09:35:00
2024-12-18 09:35:00,0.0,0.0,0.0,2024-12-18 09:40:00
2024-12-18 09:40:00,0.0,0.0,0.0,2024-12-18 09:45:00
2024-12-18 09:45:00,0.0,0.0,0.0,2024-12-18 09:50:00
2024-12-18 09:50:00,0.0,0.0,0.0,2024-12-18 09:55:00
2024-12-18 09:55:00,0.0,0.0,0.0,2024-12-18 10:00:00
2024-12-18 10:00:00,0.0,0.0,0.0,2024-12-18 10:05:00
2024-12-18 10:05:00,0.0,0.0,0.0,2024-12-18 10:10:00
2024-12-18 10:10:00,0.0,0.0,0.0,2024-12-18 10:15:00
2024-12-18 10:15:00,0.0,0.0,0.0,2024-12-18 10:20:00
2024-12-18 10:20:00,0.0,0.0,0.0,2024-12-18 10:25:00
2024-12-18 10:25:00,0.0,0.917,0.083,2024-12-18 10:30:00
2024-12-18 10:30:00,0.0,0.0,0.0,2024-12-18 10:35:00
2024-12-18 10:35:00,0.0,0.866,0.134,2024-12-18 10:40:00
2024-12-18 10:40:00,0.0,0.0,0.0,2024-12-18 10:45:00
2024-12-18 10:45:00,0.0,0.0,0.0,2024-12-18 10:50:00
2024-12-18 10:50:00,0.0,0.0,0.0,2024-12-18 10:55:00
2024-12-18 10:55:00,0.0,0.0,0.0,2024-12-18 11:00:00
2024-12-18 11:00:00,0.0,0.0,0.0,2024-12-18 11:05:00
2024-12-18 11:05:00,0.018,0.819,0.163,2024-12-18 11:10:00
2024-12-18 11:10:00,0.0,0.0,0.0,2024-12-18 11:15:00
2024-12-18 11:15:00,0.0,0.0,0.0,2024-12-18 11:20:00
2024-12-18 11:20:00,0.201,0.785,0.014,2024-12-18 11:25:00
2024-12-18 11:25:00,0.0,0.0,0.0,2024-12-18 11:30:00
2024-12-18 11:30:00,0.0,0.0,0.0,2024-12-18 11:35:00
2024-12-18 11:35:00,0.0,0.0,0.0,2024-12-18 11:40:00
2024-12-18 11:40:00,0.0,0.0,0.0,2024-12-18 11:45:00
2024-12-18 11:45:00,0.0,0.0,0.0,2024-12-18 11:50:00
2024-12-18 11:50:00,0.143,0.777,0.08,2024-12-18 11:55:00
2024-12-18 11:55:00,0.0,0.0,0.0,2024-12-18 12:00:00
2024-12-18 12:00:00,0.0,0.0,0.0,2024-12-18 12:05:00
2024-12-18 12:05:00,0.082,0.622,0.295,2024-12-18 12:10:00
2024-12-18 12:10:00,0.126,0.826,0.048,2024-12-18 12:15:00
2024-12-18 12:15:00,0.0,0.0,0.0,2024-12-18 12:20:00
2024-12-18 12:20:00,0.0,0.0,0.0,2024-12-18 12:25:00
2024-12-18 12:25:00,0.0,0.0,0.0,2024-12-18 12:30:00
2024-12-18 12:30:00,0.0,0.0,0.0,2024-12-18 12:35:00
2024-12-18 12:35:00,0.11,0.842,0.047,2024-12-18 12:40:00
2024-12-18 12:40:00,0.229,0.759,0.012,2024-12-18 12:45:00
2024-12-18 12:45:00,0.0954999999999999,0.796,0.1085,2024-12-18 12:50:00
2024-12-18 12:50:00,0.0,0.0,0.0,2024-12-18 12:55:00
2024-12-18 12:55:00,0.0,0.0,0.0,2024-12-18 13:00:00
2024-12-18 13:00:00,0.0,0.0,0.0,2024-12-18 13:05:00
2024-12-18 13:05:00,0.0,0.0,0.0,2024-12-18 13:10:00
2024-12-18 13:10:00,0.0,0.0,0.0,2024-12-18 13:15:00
2024-12-18 13:15:00,0.0,0.0,0.0,2024-12-18 13:20:00
2024-12-18 13:20:00,0.157,0.829,0.014,2024-12-18 13:25:00
2024-12-18 13:25:00,0.0,0.0,0.0,2024-12-18 13:30:00
2024-12-18 13:30:00,0.0,0.0,0.0,2024-12-18 13:35:00
2024-12-18 13:35:00,0.0,0.0,0.0,2024-12-18 13:40:00
2024-12-18 13:40:00,0.0,0.0,0.0,2024-12-18 13:45:00
2024-12-18 13:45:00,0.0,0.0,0.0,2024-12-18 13:50:00
2024-12-18 13:50:00,0.0,0.0,0.0,2024-12-18 13:55:00
2024-12-18 13:55:00,0.0,0.0,0.0,2024-12-18 14:00:00
2024-12-18 14:00:00,0.198,0.777,0.025,2024-12-18 14:05:00
2024-12-18 14:05:00,0.0,0.0,0.0,2024-12-18 14:10:00
2024-12-18 14:10:00,0.136,0.792,0.072,2024-12-18 14:15:00
2024-12-18 14:15:00,0.0,0.0,0.0,2024-12-18 14:20:00
2024-12-18 14:20:00,0.159,0.781,0.06,2024-12-18 14:25:00
2024-12-18 14:25:00,0.245,0.716,0.039,2024-12-18 14:30:00
2024-12-18 14:30:00,0.153,0.737,0.11,2024-12-18 14:35:00
2024-12-18 14:35:00,0.136,0.803,0.06,2024-12-18 14:40:00
2024-12-18 14:40:00,0.0,0.0,0.0,2024-12-18 14:45:00
2024-12-18 14:45:00,0.0,0.0,0.0,2024-12-18 14:50:00
2024-12-18 14:50:00,0.0,0.0,0.0,2024-12-18 14:55:00
2024-12-18 14:55:00,0.0,0.0,0.0,2024-12-18 15:00:00
2024-12-18 15:00:00,0.0,0.0,0.0,2024-12-18 15:05:00
2024-12-18 15:05:00,0.0,0.0,0.0,2024-12-18 15:10:00
2024-12-18 15:10:00,0.0,0.0,0.0,2024-12-18 15:15:00
2024-12-18 15:15:00,0.0,0.0,0.0,2024-12-18 15:20:00
2024-12-18 15:20:00,0.0,0.0,0.0,2024-12-18 15:25:00
2024-12-18 15:25:00,0.0,0.0,0.0,2024-12-18 15:30:00
2024-12-18 15:30:00,0.202,0.727,0.07,2024-12-18 15:35:00
2024-12-18 15:35:00,0.0,0.0,0.0,2024-12-18 15:40:00
2024-12-18 15:40:00,0.0,0.0,0.0,2024-12-18 15:45:00
2024-12-18 15:45:00,0.22,0.699,0.081,2024-12-18 15:50:00
2024-12-18 15:50:00,0.0,0.0,0.0,2024-12-18 15:55:00
2024-12-19 09:25:00,0.1515471698113207,0.7943962264150943,0.0540188679245283,2024-12-19 09:30:00
2024-12-19 09:30:00,0.1615,0.813,0.026,2024-12-19 09:35:00
2024-12-19 09:35:00,0.0,0.0,0.0,2024-12-19 09:40:00
2024-12-19 09:40:00,0.179,0.804,0.017,2024-12-19 09:45:00
2024-12-19 09:45:00,0.0,0.0,0.0,2024-12-19 09:50:00
2024-12-19 09:50:00,0.0,0.0,0.0,2024-12-19 09:55:00
2024-12-19 09:55:00,0.015,0.872,0.113,2024-12-19 10:00:00
2024-12-19 10:00:00,0.191,0.7475,0.062,2024-12-19 10:05:00
2024-12-19 10:05:00,0.0,0.0,0.0,2024-12-19 10:10:00
2024-12-19 10:10:00,0.0,0.0,0.0,2024-12-19 10:15:00
2024-12-19 10:15:00,0.0,0.0,0.0,2024-12-19 10:20:00
2024-12-19 10:20:00,0.0,0.0,0.0,2024-12-19 10:25:00
2024-12-19 10:25:00,0.0,0.0,0.0,2024-12-19 10:30:00
2024-12-19 10:30:00,0.0,0.0,0.0,2024-12-19 10:35:00
2024-12-19 10:35:00,0.0,0.0,0.0,2024-12-19 10:40:00
2024-12-19 10:40:00,0.0,0.0,0.0,2024-12-19 10:45:00
2024-12-19 10:45:00,0.0,0.0,0.0,2024-12-19 10:50:00
2024-12-19 10:50:00,0.0,0.0,0.0,2024-12-19 10:55:00
2024-12-19 10:55:00,0.0,0.0,0.0,2024-12-19 11:00:00
2024-12-19 11:00:00,0.0,0.0,0.0,2024-12-19 11:05:00
2024-12-19 11:05:00,0.0,0.0,0.0,2024-12-19 11:10:00
2024-12-19 11:10:00,0.197,0.771,0.032,2024-12-19 11:15:00
2024-12-19 11:15:00,0.0,0.0,0.0,2024-12-19 11:20:00
2024-12-19 11:20:00,0.0,0.0,0.0,2024-12-19 11:25:00
2024-12-19 11:25:00,0.0,0.0,0.0,2024-12-19 11:30:00
2024-12-19 11:30:00,0.274,0.593,0.133,2024-12-19 11:35:00
2024-12-19 11:35:00,0.087,0.884,0.029,2024-12-19 11:40:00
2024-12-19 11:40:00,0.277,0.685,0.038,2024-12-19 11:45:00
2024-12-19 11:45:00,0.0,0.0,0.0,2024-12-19 11:50:00
2024-12-19 11:50:00,0.0,0.0,0.0,2024-12-19 11:55:00
2024-12-19 11:55:00,0.0,0.0,0.0,2024-12-19 12:00:00
2024-12-19 12:00:00,0.0,0.0,0.0,2024-12-19 12:05:00
2024-12-19 12:05:00,0.0,0.0,0.0,2024-12-19 12:10:00
2024-12-19 12:10:00,0.0,0.0,0.0,2024-12-19 12:15:00
2024-12-19 12:15:00,0.0,0.0,0.0,2024-12-19 12:20:00
2024-12-19 12:20:00,0.0,0.0,0.0,2024-12-19 12:25:00
2024-12-19 12:25:00,0.0,0.0,0.0,2024-12-19 12:30:00
2024-12-19 12:30:00,0.1,0.8275,0.0725,2024-12-19 12:35:00
2024-12-19 12:35:00,0.0,0.0,0.0,2024-12-19 12:40:00
2024-12-19 12:40:00,0.0,0.0,0.0,2024-12-19 12:45:00
2024-12-19 12:45:00,0.0,0.0,0.0,2024-12-19 12:50:00
2024-12-19 12:50:00,0.0,0.0,0.0,2024-12-19 12:55:00
2024-12-19 12:55:00,0.0,0.0,0.0,2024-12-19 13:00:00
2024-12-19 13:00:00,0.0,0.0,0.0,2024-12-19 13:05:00
2024-12-19 13:05:00,0.0,0.0,0.0,2024-12-19 13:10:00
2024-12-19 13:10:00,0.0,0.0,0.0,2024-12-19 13:15:00
2024-12-19 13:15:00,0.0,0.0,0.0,2024-12-19 13:20:00
2024-12-19 13:20:00,0.0,0.0,0.0,2024-12-19 13:25:00
2024-12-19 13:25:00,0.223,0.756,0.021,2024-12-19 13:30:00
2024-12-19 13:30:00,0.1625,0.7905,0.0475,2024-12-19 13:35:00
2024-12-19 13:35:00,0.159,0.836,0.005,2024-12-19 13:40:00
2024-12-19 13:40:00,0.177,0.811,0.012,2024-12-19 13:45:00
2024-12-19 13:45:00,0.0,0.0,0.0,2024-12-19 13:50:00
2024-12-19 13:50:00,0.0,0.0,0.0,2024-12-19 13:55:00
2024-12-19 13:55:00,0.0,0.0,0.0,2024-12-19 14:00:00
2024-12-19 14:00:00,0.138,0.822,0.04,2024-12-19 14:05:00
2024-12-19 14:05:00,0.0,0.0,0.0,2024-12-19 14:10:00
2024-12-19 14:10:00,0.0,0.0,0.0,2024-12-19 14:15:00
2024-12-19 14:15:00,0.0995,0.7865,0.1145,2024-12-19 14:20:00
2024-12-19 14:20:00,0.0,0.0,0.0,2024-12-19 14:25:00
2024-12-19 14:25:00,0.0,0.911,0.089,2024-12-19 14:30:00
2024-12-19 14:30:00,0.0,0.0,0.0,2024-12-19 14:35:00
2024-12-19 14:35:00,0.0,0.0,0.0,2024-12-19 14:40:00
2024-12-19 14:40:00,0.094,0.886,0.021,2024-12-19 14:45:00
2024-12-19 14:45:00,0.0,0.922,0.078,2024-12-19 14:50:00
2024-12-19 14:50:00,0.0,0.0,0.0,2024-12-19 14:55:00
2024-12-19 14:55:00,0.0,0.0,0.0,2024-12-19 15:00:00
2024-12-19 15:00:00,0.0,0.0,0.0,2024-12-19 15:05:00
2024-12-19 15:05:00,0.0,0.0,0.0,2024-12-19 15:10:00
2024-12-19 15:10:00,0.0,0.0,0.0,2024-12-19 15:15:00
2024-12-19 15:15:00,0.0,0.0,0.0,2024-12-19 15:20:00
2024-12-19 15:20:00,0.0,0.0,0.0,2024-12-19 15:25:00
2024-12-19 15:25:00,0.0,0.0,0.0,2024-12-19 15:30:00
2024-12-19 15:30:00,0.0,0.0,0.0,2024-12-19 15:35:00
2024-12-19 15:35:00,0.169,0.799,0.032,2024-12-19 15:40:00
2024-12-19 15:40:00,0.0,0.0,0.0,2024-12-19 15:45:00
2024-12-19 15:45:00,0.0,0.0,0.0,2024-12-19 15:50:00
2024-12-19 15:50:00,0.0,0.0,0.0,2024-12-19 15:55:00
2024-12-20 09:25:00,0.167390243902439,0.7826585365853658,0.0499512195121951,2024-12-20 09:30:00
2024-12-20 09:30:00,0.144,0.723,0.133,2024-12-20 09:35:00
2024-12-20 09:35:00,0.0,0.0,0.0,2024-12-20 09:40:00
2024-12-20 09:40:00,0.0,0.0,0.0,2024-12-20 09:45:00
2024-12-20 09:45:00,0.112,0.853,0.035,2024-12-20 09:50:00
2024-12-20 09:50:00,0.0,0.0,0.0,2024-12-20 09:55:00
2024-12-20 09:55:00,0.0,0.0,0.0,2024-12-20 10:00:00
2024-12-20 10:00:00,0.0,0.0,0.0,2024-12-20 10:05:00
2024-12-20 10:05:00,0.099,0.87,0.031,2024-12-20 10:10:00
2024-12-20 10:10:00,0.12,0.793,0.087,2024-12-20 10:15:00
2024-12-20 10:15:00,0.0,0.0,0.0,2024-12-20 10:20:00
2024-12-20 10:20:00,0.0,0.0,0.0,2024-12-20 10:25:00
2024-12-20 10:25:00,0.183,0.768,0.049,2024-12-20 10:30:00
2024-12-20 10:30:00,0.0,0.0,0.0,2024-12-20 10:35:00
2024-12-20 10:35:00,0.0,0.0,0.0,2024-12-20 10:40:00
2024-12-20 10:40:00,0.0,0.0,0.0,2024-12-20 10:45:00
2024-12-20 10:45:00,0.0,0.0,0.0,2024-12-20 10:50:00
2024-12-20 10:50:00,0.171,0.714,0.115,2024-12-20 10:55:00
2024-12-20 10:55:00,0.0,0.0,0.0,2024-12-20 11:00:00
2024-12-20 11:00:00,0.0,0.912,0.088,2024-12-20 11:05:00
2024-12-20 11:05:00,0.0,0.0,0.0,2024-12-20 11:10:00
2024-12-20 11:10:00,0.0,0.0,0.0,2024-12-20 11:15:00
2024-12-20 11:15:00,0.0,0.0,0.0,2024-12-20 11:20:00
2024-12-20 11:20:00,0.0,0.0,0.0,2024-12-20 11:25:00
2024-12-20 11:25:00,0.0,0.0,0.0,2024-12-20 11:30:00
2024-12-20 11:30:00,0.187,0.689,0.124,2024-12-20 11:35:00
2024-12-20 11:35:00,0.0,0.769,0.231,2024-12-20 11:40:00
2024-12-20 11:40:00,0.0,0.0,0.0,2024-12-20 11:45:00
2024-12-20 11:45:00,0.191,0.785,0.024,2024-12-20 11:50:00
2024-12-20 11:50:00,0.0,0.0,0.0,2024-12-20 11:55:00
2024-12-20 11:55:00,0.0,0.0,0.0,2024-12-20 12:00:00
2024-12-20 12:00:00,0.0,0.0,0.0,2024-12-20 12:05:00
2024-12-20 12:05:00,0.0,0.0,0.0,2024-12-20 12:10:00
2024-12-20 12:10:00,0.0,0.0,0.0,2024-12-20 12:15:00
2024-12-20 12:15:00,0.139,0.754,0.108,2024-12-20 12:20:00
2024-12-20 12:20:00,0.0,0.0,0.0,2024-12-20 12:25:00
2024-12-20 12:25:00,0.0,0.0,0.0,2024-12-20 12:30:00
2024-12-20 12:30:00,0.0,0.0,0.0,2024-12-20 12:35:00
2024-12-20 12:35:00,0.0,0.0,0.0,2024-12-20 12:40:00
2024-12-20 12:40:00,0.0,0.0,0.0,2024-12-20 12:45:00
2024-12-20 12:45:00,0.1676666666666666,0.6656666666666667,0.1666666666666666,2024-12-20 12:50:00
2024-12-20 12:50:00,0.0,0.0,0.0,2024-12-20 12:55:00
2024-12-20 12:55:00,0.0,0.0,0.0,2024-12-20 13:00:00
2024-12-20 13:00:00,0.2115,0.6645,0.124,2024-12-20 13:05:00
2024-12-20 13:05:00,0.0,0.0,0.0,2024-12-20 13:10:00
2024-12-20 13:10:00,0.0,0.0,0.0,2024-12-20 13:15:00
2024-12-20 13:15:00,0.1916666666666666,0.6143333333333333,0.1939999999999999,2024-12-20 13:20:00
2024-12-20 13:20:00,0.0,0.0,0.0,2024-12-20 13:25:00
2024-12-20 13:25:00,0.14,0.812,0.048,2024-12-20 13:30:00
2024-12-20 13:30:00,0.193,0.75,0.057,2024-12-20 13:35:00
2024-12-20 13:35:00,0.0,0.0,0.0,2024-12-20 13:40:00
2024-12-20 13:40:00,0.0,0.0,0.0,2024-12-20 13:45:00
2024-12-20 13:45:00,0.0,0.0,0.0,2024-12-20 13:50:00
2024-12-20 13:50:00,0.145,0.751,0.105,2024-12-20 13:55:00
2024-12-20 13:55:00,0.0,0.0,0.0,2024-12-20 14:00:00
2024-12-20 14:00:00,0.0,0.0,0.0,2024-12-20 14:05:00
2024-12-20 14:05:00,0.0,0.0,0.0,2024-12-20 14:10:00
2024-12-20 14:10:00,0.0,0.0,0.0,2024-12-20 14:15:00
2024-12-20 14:15:00,0.2483333333333333,0.6216666666666667,0.13,2024-12-20 14:20:00
2024-12-20 14:20:00,0.2305,0.626,0.144,2024-12-20 14:25:00
2024-12-20 14:25:00,0.0,0.0,0.0,2024-12-20 14:30:00
2024-12-20 14:30:00,0.0,0.0,0.0,2024-12-20 14:35:00
2024-12-20 14:35:00,0.0,0.0,0.0,2024-12-20 14:40:00
2024-12-20 14:40:00,0.0,0.0,0.0,2024-12-20 14:45:00
2024-12-20 14:45:00,0.0,0.0,0.0,2024-12-20 14:50:00
2024-12-20 14:50:00,0.0,0.0,0.0,2024-12-20 14:55:00
2024-12-20 14:55:00,0.0,0.0,0.0,2024-12-20 15:00:00
2024-12-20 15:00:00,0.0,0.856,0.144,2024-12-20 15:05:00
2024-12-20 15:05:00,0.216,0.673,0.111,2024-12-20 15:10:00
2024-12-20 15:10:00,0.0,0.0,0.0,2024-12-20 15:15:00
2024-12-20 15:15:00,0.0,0.0,0.0,2024-12-20 15:20:00
2024-12-20 15:20:00,0.0,0.0,0.0,2024-12-20 15:25:00
2024-12-20 15:25:00,0.0,0.0,0.0,2024-12-20 15:30:00
2024-12-20 15:30:00,0.251,0.6935,0.0554999999999999,2024-12-20 15:35:00
2024-12-20 15:35:00,0.0,0.0,0.0,2024-12-20 15:40:00
2024-12-20 15:40:00,0.0,0.0,0.0,2024-12-20 15:45:00
2024-12-20 15:45:00,0.283,0.668,0.049,2024-12-20 15:50:00
2024-12-20 15:50:00,0.202,0.785,0.013,2024-12-20 15:55:00
2024-12-23 09:25:00,0.1482720588235294,0.8069117647058823,0.044875,2024-12-23 09:30:00
2024-12-23 09:30:00,0.0,1.0,0.0,2024-12-23 09:35:00
2024-12-23 09:35:00,0.0,0.0,0.0,2024-12-23 09:40:00
2024-12-23 09:40:00,0.081,0.902,0.016,2024-12-23 09:45:00
2024-12-23 09:45:00,0.0,0.0,0.0,2024-12-23 09:50:00
2024-12-23 09:50:00,0.251,0.732,0.017,2024-12-23 09:55:00
2024-12-23 09:55:00,0.0,0.0,0.0,2024-12-23 10:00:00
2024-12-23 10:00:00,0.0,0.0,0.0,2024-12-23 10:05:00
2024-12-23 10:05:00,0.116,0.779,0.105,2024-12-23 10:10:00
2024-12-23 10:10:00,0.0,0.0,0.0,2024-12-23 10:15:00
2024-12-23 10:15:00,0.047,0.902,0.0505,2024-12-23 10:20:00
2024-12-23 10:20:00,0.0,0.0,0.0,2024-12-23 10:25:00
2024-12-23 10:25:00,0.0,0.0,0.0,2024-12-23 10:30:00
2024-12-23 10:30:00,0.0,0.0,0.0,2024-12-23 10:35:00
2024-12-23 10:35:00,0.009,0.877,0.114,2024-12-23 10:40:00
2024-12-23 10:40:00,0.0,0.0,0.0,2024-12-23 10:45:00
2024-12-23 10:45:00,0.0,0.0,0.0,2024-12-23 10:50:00
2024-12-23 10:50:00,0.0,0.0,0.0,2024-12-23 10:55:00
2024-12-23 10:55:00,0.0,0.0,0.0,2024-12-23 11:00:00
2024-12-23 11:00:00,0.0,0.0,0.0,2024-12-23 11:05:00
2024-12-23 11:05:00,0.215,0.767,0.018,2024-12-23 11:10:00
2024-12-23 11:10:00,0.21,0.712,0.078,2024-12-23 11:15:00
2024-12-23 11:15:00,0.0,0.0,0.0,2024-12-23 11:20:00
2024-12-23 11:20:00,0.0,0.0,0.0,2024-12-23 11:25:00
2024-12-23 11:25:00,0.0,0.0,0.0,2024-12-23 11:30:00
2024-12-23 11:30:00,0.0,0.0,0.0,2024-12-23 11:35:00
2024-12-23 11:35:00,0.0,0.0,0.0,2024-12-23 11:40:00
2024-12-23 11:40:00,0.0,0.0,0.0,2024-12-23 11:45:00
2024-12-23 11:45:00,0.0,0.0,0.0,2024-12-23 11:50:00
2024-12-23 11:50:00,0.0,0.0,0.0,2024-12-23 11:55:00
2024-12-23 11:55:00,0.127,0.844,0.029,2024-12-23 12:00:00
2024-12-23 12:00:00,0.0,0.86,0.14,2024-12-23 12:05:00
2024-12-23 12:05:00,0.0,0.0,0.0,2024-12-23 12:10:00
2024-12-23 12:10:00,0.221,0.705,0.074,2024-12-23 12:15:00
2024-12-23 12:15:00,0.252,0.719,0.029,2024-12-23 12:20:00
2024-12-23 12:20:00,0.0,0.0,0.0,2024-12-23 12:25:00
2024-12-23 12:25:00,0.0,0.0,0.0,2024-12-23 12:30:00
2024-12-23 12:30:00,0.0,0.0,0.0,2024-12-23 12:35:00
2024-12-23 12:35:00,0.0,0.0,0.0,2024-12-23 12:40:00
2024-12-23 12:40:00,0.0885,0.901,0.0105,2024-12-23 12:45:00
2024-12-23 12:45:00,0.065,0.855,0.079,2024-12-23 12:50:00
2024-12-23 12:50:00,0.052,0.9025,0.046,2024-12-23 12:55:00
2024-12-23 12:55:00,0.0,0.0,0.0,2024-12-23 13:00:00
2024-12-23 13:00:00,0.0,0.849,0.151,2024-12-23 13:05:00
2024-12-23 13:05:00,0.118,0.86,0.023,2024-12-23 13:10:00
2024-12-23 13:10:00,0.0,0.0,0.0,2024-12-23 13:15:00
2024-12-23 13:15:00,0.0,0.0,0.0,2024-12-23 13:20:00
2024-12-23 13:20:00,0.0,0.0,0.0,2024-12-23 13:25:00
2024-12-23 13:25:00,0.0,0.0,0.0,2024-12-23 13:30:00
2024-12-23 13:30:00,0.0,0.0,0.0,2024-12-23 13:35:00
2024-12-23 13:35:00,0.0,0.0,0.0,2024-12-23 13:40:00
2024-12-23 13:40:00,0.0,0.0,0.0,2024-12-23 13:45:00
2024-12-23 13:45:00,0.0,0.0,0.0,2024-12-23 13:50:00
2024-12-23 13:50:00,0.255,0.707,0.038,2024-12-23 13:55:00
2024-12-23 13:55:00,0.0,0.0,0.0,2024-12-23 14:00:00
2024-12-23 14:00:00,0.0,0.0,0.0,2024-12-23 14:05:00
2024-12-23 14:05:00,0.0,0.0,0.0,2024-12-23 14:10:00
2024-12-23 14:10:00,0.0,0.0,0.0,2024-12-23 14:15:00
2024-12-23 14:15:00,0.216,0.78,0.004,2024-12-23 14:20:00
2024-12-23 14:20:00,0.0,0.0,0.0,2024-12-23 14:25:00
2024-12-23 14:25:00,0.0,0.0,0.0,2024-12-23 14:30:00
2024-12-23 14:30:00,0.0,0.0,0.0,2024-12-23 14:35:00
2024-12-23 14:35:00,0.0,0.0,0.0,2024-12-23 14:40:00
2024-12-23 14:40:00,0.1755,0.791,0.0335,2024-12-23 14:45:00
2024-12-23 14:45:00,0.091,0.845,0.064,2024-12-23 14:50:00
2024-12-23 14:50:00,0.0,0.0,0.0,2024-12-23 14:55:00
2024-12-23 14:55:00,0.229,0.75,0.021,2024-12-23 15:00:00
2024-12-23 15:00:00,0.134,0.822,0.044,2024-12-23 15:05:00
2024-12-23 15:05:00,0.0,0.0,0.0,2024-12-23 15:10:00
2024-12-23 15:10:00,0.0,0.0,0.0,2024-12-23 15:15:00
2024-12-23 15:15:00,0.0,0.0,0.0,2024-12-23 15:20:00
2024-12-23 15:20:00,0.0,0.0,0.0,2024-12-23 15:25:00
2024-12-23 15:25:00,0.107,0.793,0.1,2024-12-23 15:30:00
2024-12-23 15:30:00,0.097,0.811,0.092,2024-12-23 15:35:00
2024-12-23 15:35:00,0.0,0.0,0.0,2024-12-23 15:40:00
2024-12-23 15:40:00,0.0,0.0,0.0,2024-12-23 15:45:00
2024-12-23 15:45:00,0.0,0.0,0.0,2024-12-23 15:50:00
2024-12-23 15:50:00,0.08,0.896,0.024,2024-12-23 15:55:00
2024-12-24 09:25:00,0.1376271186440678,0.827864406779661,0.0344915254237288,2024-12-24 09:30:00
2024-12-24 09:30:00,0.0,0.0,0.0,2024-12-24 09:35:00
2024-12-24 09:35:00,0.193,0.765,0.043,2024-12-24 09:40:00
2024-12-24 09:40:00,0.0,0.0,0.0,2024-12-24 09:45:00
2024-12-24 09:45:00,0.0,0.0,0.0,2024-12-24 09:50:00
2024-12-24 09:50:00,0.0,0.0,0.0,2024-12-24 09:55:00
2024-12-24 09:55:00,0.0,0.0,0.0,2024-12-24 10:00:00
2024-12-24 10:00:00,0.0,0.0,0.0,2024-12-24 10:05:00
2024-12-24 10:05:00,0.0,0.0,0.0,2024-12-24 10:10:00
2024-12-24 10:10:00,0.0,0.0,0.0,2024-12-24 10:15:00
2024-12-24 10:15:00,0.0,0.0,0.0,2024-12-24 10:20:00
2024-12-24 10:20:00,0.0,1.0,0.0,2024-12-24 10:25:00
2024-12-24 10:25:00,0.0,0.0,0.0,2024-12-24 10:30:00
2024-12-24 10:30:00,0.0,0.0,0.0,2024-12-24 10:35:00
2024-12-24 10:35:00,0.183,0.809,0.008,2024-12-24 10:40:00
2024-12-24 10:40:00,0.0,0.0,0.0,2024-12-24 10:45:00
2024-12-24 10:45:00,0.0,0.0,0.0,2024-12-24 10:50:00
2024-12-24 10:50:00,0.0,0.0,0.0,2024-12-24 10:55:00
2024-12-24 10:55:00,0.0,0.0,0.0,2024-12-24 11:00:00
2024-12-24 11:00:00,0.248,0.696,0.056,2024-12-24 11:05:00
2024-12-24 11:05:00,0.0,0.0,0.0,2024-12-24 11:10:00
2024-12-24 11:10:00,0.0,0.0,0.0,2024-12-24 11:15:00
2024-12-24 11:15:00,0.0,0.0,0.0,2024-12-24 11:20:00
2024-12-24 11:20:00,0.0,0.0,0.0,2024-12-24 11:25:00
2024-12-24 11:25:00,0.0,0.0,0.0,2024-12-24 11:30:00
2024-12-24 11:30:00,0.0,0.0,0.0,2024-12-24 11:35:00
2024-12-24 11:35:00,0.11,0.89,0.0,2024-12-24 11:40:00
2024-12-24 11:40:00,0.0,0.0,0.0,2024-12-24 11:45:00
2024-12-24 11:45:00,0.141,0.769,0.09,2024-12-24 11:50:00
2024-12-24 11:50:00,0.0,0.0,0.0,2024-12-24 11:55:00
2024-12-24 11:55:00,0.0,0.0,0.0,2024-12-24 12:00:00
2024-12-24 12:00:00,0.0,0.0,0.0,2024-12-24 12:05:00
2024-12-24 12:05:00,0.0,0.0,0.0,2024-12-24 12:10:00
2024-12-24 12:10:00,0.0,0.0,0.0,2024-12-24 12:15:00
2024-12-24 12:15:00,0.0,0.0,0.0,2024-12-24 12:20:00
2024-12-24 12:20:00,0.059,0.924,0.018,2024-12-24 12:25:00
2024-12-24 12:25:00,0.0,0.0,0.0,2024-12-24 12:30:00
2024-12-24 12:30:00,0.0,0.0,0.0,2024-12-24 12:35:00
2024-12-24 12:35:00,0.0,0.0,0.0,2024-12-24 12:40:00
2024-12-24 12:40:00,0.0,0.0,0.0,2024-12-24 12:45:00
2024-12-24 12:45:00,0.0,0.0,0.0,2024-12-24 12:50:00
2024-12-24 12:50:00,0.0,0.0,0.0,2024-12-24 12:55:00
2024-12-26 09:25:00,0.1597943925233644,0.8044018691588785,0.035803738317757,2024-12-26 09:30:00
2024-12-26 09:30:00,0.1613333333333333,0.8286666666666666,0.0103333333333333,2024-12-26 09:35:00
2024-12-26 09:35:00,0.0,0.0,0.0,2024-12-26 09:40:00
2024-12-26 09:40:00,0.0,0.0,0.0,2024-12-26 09:45:00
2024-12-26 09:45:00,0.0,0.0,0.0,2024-12-26 09:50:00
2024-12-26 09:50:00,0.0,0.0,0.0,2024-12-26 09:55:00
2024-12-26 09:55:00,0.0,0.0,0.0,2024-12-26 10:00:00
2024-12-26 10:00:00,0.0,0.0,0.0,2024-12-26 10:05:00
2024-12-26 10:05:00,0.042,0.918,0.04,2024-12-26 10:10:00
2024-12-26 10:10:00,0.0,0.0,0.0,2024-12-26 10:15:00
2024-12-26 10:15:00,0.0,0.0,0.0,2024-12-26 10:20:00
2024-12-26 10:20:00,0.0,0.0,0.0,2024-12-26 10:25:00
2024-12-26 10:25:00,0.0,0.0,0.0,2024-12-26 10:30:00
2024-12-26 10:30:00,0.0,0.0,0.0,2024-12-26 10:35:00
2024-12-26 10:35:00,0.046,0.944,0.01,2024-12-26 10:40:00
2024-12-26 10:40:00,0.0,0.0,0.0,2024-12-26 10:45:00
2024-12-26 10:45:00,0.0,0.0,0.0,2024-12-26 10:50:00
2024-12-26 10:50:00,0.0,0.0,0.0,2024-12-26 10:55:00
2024-12-26 10:55:00,0.0,0.0,0.0,2024-12-26 11:00:00
2024-12-26 11:00:00,0.0,0.0,0.0,2024-12-26 11:05:00
2024-12-26 11:05:00,0.0,0.0,0.0,2024-12-26 11:10:00
2024-12-26 11:10:00,0.0,0.0,0.0,2024-12-26 11:15:00
2024-12-26 11:15:00,0.0,0.0,0.0,2024-12-26 11:20:00
2024-12-26 11:20:00,0.0,0.0,0.0,2024-12-26 11:25:00
2024-12-26 11:25:00,0.0,0.0,0.0,2024-12-26 11:30:00
2024-12-26 11:30:00,0.0,0.0,0.0,2024-12-26 11:35:00
2024-12-26 11:35:00,0.0,0.0,0.0,2024-12-26 11:40:00
2024-12-26 11:40:00,0.169,0.795,0.036,2024-12-26 11:45:00
2024-12-26 11:45:00,0.0,0.0,0.0,2024-12-26 11:50:00
2024-12-26 11:50:00,0.0,0.0,0.0,2024-12-26 11:55:00
2024-12-26 11:55:00,0.0,0.0,0.0,2024-12-26 12:00:00
2024-12-26 12:00:00,0.203,0.763,0.034,2024-12-26 12:05:00
2024-12-26 12:05:00,0.0,0.0,0.0,2024-12-26 12:10:00
2024-12-26 12:10:00,0.0,0.0,0.0,2024-12-26 12:15:00
2024-12-26 12:15:00,0.0,0.0,0.0,2024-12-26 12:20:00
2024-12-26 12:20:00,0.0,0.0,0.0,2024-12-26 12:25:00
2024-12-26 12:25:00,0.0,0.0,0.0,2024-12-26 12:30:00
2024-12-26 12:30:00,0.0,0.0,0.0,2024-12-26 12:35:00
2024-12-26 12:35:00,0.0,0.0,0.0,2024-12-26 12:40:00
2024-12-26 12:40:00,0.0,0.0,0.0,2024-12-26 12:45:00
2024-12-26 12:45:00,0.0,0.0,0.0,2024-12-26 12:50:00
2024-12-26 12:50:00,0.0,0.0,0.0,2024-12-26 12:55:00
2024-12-26 12:55:00,0.0,0.0,0.0,2024-12-26 13:00:00
2024-12-26 13:00:00,0.0,0.0,0.0,2024-12-26 13:05:00
2024-12-26 13:05:00,0.0,0.0,0.0,2024-12-26 13:10:00
2024-12-26 13:10:00,0.243,0.711,0.045,2024-12-26 13:15:00
2024-12-26 13:15:00,0.0,0.0,0.0,2024-12-26 13:20:00
2024-12-26 13:20:00,0.0,0.0,0.0,2024-12-26 13:25:00
2024-12-26 13:25:00,0.0,0.0,0.0,2024-12-26 13:30:00
2024-12-26 13:30:00,0.0,0.0,0.0,2024-12-26 13:35:00
2024-12-26 13:35:00,0.0,0.0,0.0,2024-12-26 13:40:00
2024-12-26 13:40:00,0.0,0.0,0.0,2024-12-26 13:45:00
2024-12-26 13:45:00,0.0,0.0,0.0,2024-12-26 13:50:00
2024-12-26 13:50:00,0.135,0.854,0.011,2024-12-26 13:55:00
2024-12-26 13:55:00,0.0,0.0,0.0,2024-12-26 14:00:00
2024-12-26 14:00:00,0.0,0.0,0.0,2024-12-26 14:05:00
2024-12-26 14:05:00,0.151,0.828,0.02,2024-12-26 14:10:00
2024-12-26 14:10:00,0.0,0.0,0.0,2024-12-26 14:15:00
2024-12-26 14:15:00,0.0,0.0,0.0,2024-12-26 14:20:00
2024-12-26 14:20:00,0.0,0.0,0.0,2024-12-26 14:25:00
2024-12-26 14:25:00,0.0,0.0,0.0,2024-12-26 14:30:00
2024-12-26 14:30:00,0.0,0.0,0.0,2024-12-26 14:35:00
2024-12-26 14:35:00,0.0,0.0,0.0,2024-12-26 14:40:00
2024-12-26 14:40:00,0.0,0.0,0.0,2024-12-26 14:45:00
2024-12-26 14:45:00,0.26,0.704,0.036,2024-12-26 14:50:00
2024-12-26 14:50:00,0.165,0.811,0.023,2024-12-26 14:55:00
2024-12-26 14:55:00,0.0,0.0,0.0,2024-12-26 15:00:00
2024-12-26 15:00:00,0.0,0.963,0.037,2024-12-26 15:05:00
2024-12-26 15:05:00,0.2015,0.764,0.0345,2024-12-26 15:10:00
2024-12-26 15:10:00,0.0,0.0,0.0,2024-12-26 15:15:00
2024-12-26 15:15:00,0.0,0.0,0.0,2024-12-26 15:20:00
2024-12-26 15:20:00,0.0,0.0,0.0,2024-12-26 15:25:00
2024-12-26 15:25:00,0.1505,0.806,0.044,2024-12-26 15:30:00
2024-12-26 15:30:00,0.176,0.719,0.104,2024-12-26 15:35:00
2024-12-26 15:35:00,0.0,0.0,0.0,2024-12-26 15:40:00
2024-12-26 15:40:00,0.0,0.0,0.0,2024-12-26 15:45:00
2024-12-26 15:45:00,0.0,0.0,0.0,2024-12-26 15:50:00
2024-12-26 15:50:00,0.209,0.717,0.074,2024-12-26 15:55:00
2024-12-27 09:25:00,0.1630487804878048,0.7944634146341464,0.0424878048780487,2024-12-27 09:30:00
2024-12-27 09:30:00,0.0,0.0,0.0,2024-12-27 09:35:00
2024-12-27 09:35:00,0.075,0.851,0.0745,2024-12-27 09:40:00
2024-12-27 09:40:00,0.0,0.0,0.0,2024-12-27 09:45:00
2024-12-27 09:45:00,0.0,0.0,0.0,2024-12-27 09:50:00
2024-12-27 09:50:00,0.0,0.0,0.0,2024-12-27 09:55:00
2024-12-27 09:55:00,0.192,0.767,0.04,2024-12-27 10:00:00
2024-12-27 10:00:00,0.0,0.0,0.0,2024-12-27 10:05:00
2024-12-27 10:05:00,0.0,0.0,0.0,2024-12-27 10:10:00
2024-12-27 10:10:00,0.0,0.0,0.0,2024-12-27 10:15:00
2024-12-27 10:15:00,0.0,0.0,0.0,2024-12-27 10:20:00
2024-12-27 10:20:00,0.0,0.0,0.0,2024-12-27 10:25:00
2024-12-27 10:25:00,0.0,0.0,0.0,2024-12-27 10:30:00
2024-12-27 10:30:00,0.199,0.775,0.026,2024-12-27 10:35:00
2024-12-27 10:35:00,0.146,0.833,0.021,2024-12-27 10:40:00
2024-12-27 10:40:00,0.0,0.0,0.0,2024-12-27 10:45:00
2024-12-27 10:45:00,0.0,0.0,0.0,2024-12-27 10:50:00
2024-12-27 10:50:00,0.092,0.634,0.275,2024-12-27 10:55:00
2024-12-27 10:55:00,0.0,0.0,0.0,2024-12-27 11:00:00
2024-12-27 11:00:00,0.12,0.836,0.043,2024-12-27 11:05:00
2024-12-27 11:05:00,0.0,0.0,0.0,2024-12-27 11:10:00
2024-12-27 11:10:00,0.0,0.0,0.0,2024-12-27 11:15:00
2024-12-27 11:15:00,0.0,0.0,0.0,2024-12-27 11:20:00
2024-12-27 11:20:00,0.0,0.0,0.0,2024-12-27 11:25:00
2024-12-27 11:25:00,0.0,0.0,0.0,2024-12-27 11:30:00
2024-12-27 11:30:00,0.1865,0.7565,0.0565,2024-12-27 11:35:00
2024-12-27 11:35:00,0.148,0.819,0.033,2024-12-27 11:40:00
2024-12-27 11:40:00,0.0,0.0,0.0,2024-12-27 11:45:00
2024-12-27 11:45:00,0.0,0.0,0.0,2024-12-27 11:50:00
2024-12-27 11:50:00,0.0,0.0,0.0,2024-12-27 11:55:00
2024-12-27 11:55:00,0.0,0.0,0.0,2024-12-27 12:00:00
2024-12-27 12:00:00,0.0,0.0,0.0,2024-12-27 12:05:00
2024-12-27 12:05:00,0.192,0.706,0.102,2024-12-27 12:10:00
2024-12-27 12:10:00,0.0,0.0,0.0,2024-12-27 12:15:00
2024-12-27 12:15:00,0.0,0.0,0.0,2024-12-27 12:20:00
2024-12-27 12:20:00,0.0,0.0,0.0,2024-12-27 12:25:00
2024-12-27 12:25:00,0.0,0.0,0.0,2024-12-27 12:30:00
2024-12-27 12:30:00,0.19,0.763,0.047,2024-12-27 12:35:00
2024-12-27 12:35:00,0.0,0.0,0.0,2024-12-27 12:40:00
2024-12-27 12:40:00,0.048,0.92,0.033,2024-12-27 12:45:00
2024-12-27 12:45:00,0.0,0.0,0.0,2024-12-27 12:50:00
2024-12-27 12:50:00,0.0,0.0,0.0,2024-12-27 12:55:00
2024-12-27 12:55:00,0.0,0.0,0.0,2024-12-27 13:00:00
2024-12-27 13:00:00,0.0,0.0,0.0,2024-12-27 13:05:00
2024-12-27 13:05:00,0.0,0.0,0.0,2024-12-27 13:10:00
2024-12-27 13:10:00,0.0,0.0,0.0,2024-12-27 13:15:00
2024-12-27 13:15:00,0.0,0.0,0.0,2024-12-27 13:20:00
2024-12-27 13:20:00,0.0,0.0,0.0,2024-12-27 13:25:00
2024-12-27 13:25:00,0.0,0.0,0.0,2024-12-27 13:30:00
2024-12-27 13:30:00,0.176,0.816,0.008,2024-12-27 13:35:00
2024-12-27 13:35:00,0.0723333333333333,0.8783333333333333,0.049,2024-12-27 13:40:00
2024-12-27 13:40:00,0.0,0.0,0.0,2024-12-27 13:45:00
2024-12-27 13:45:00,0.119,0.839,0.042,2024-12-27 13:50:00
2024-12-27 13:50:00,0.0,1.0,0.0,2024-12-27 13:55:00
2024-12-27 13:55:00,0.089,0.883,0.028,2024-12-27 14:00:00
2024-12-27 14:00:00,0.14125,0.8255,0.033,2024-12-27 14:05:00
2024-12-27 14:05:00,0.1755,0.68225,0.14225,2024-12-27 14:10:00
2024-12-27 14:10:00,0.0,0.0,0.0,2024-12-27 14:15:00
2024-12-27 14:15:00,0.214,0.761,0.025,2024-12-27 14:20:00
2024-12-27 14:20:00,0.0,0.0,0.0,2024-12-27 14:25:00
2024-12-27 14:25:00,0.0,0.0,0.0,2024-12-27 14:30:00
2024-12-27 14:30:00,0.0,0.0,0.0,2024-12-27 14:35:00
2024-12-27 14:35:00,0.0,0.0,0.0,2024-12-27 14:40:00
2024-12-27 14:40:00,0.0,0.0,0.0,2024-12-27 14:45:00
2024-12-27 14:45:00,0.136,0.824,0.04,2024-12-27 14:50:00
2024-12-27 14:50:00,0.0,0.0,0.0,2024-12-27 14:55:00
2024-12-27 14:55:00,0.0,0.0,0.0,2024-12-27 15:00:00
2024-12-27 15:00:00,0.112,0.877,0.011,2024-12-27 15:05:00
2024-12-27 15:05:00,0.008,0.904,0.088,2024-12-27 15:10:00
2024-12-27 15:10:00,0.0,0.0,0.0,2024-12-27 15:15:00
2024-12-27 15:15:00,0.0,0.0,0.0,2024-12-27 15:20:00
2024-12-27 15:20:00,0.224,0.7,0.076,2024-12-27 15:25:00
2024-12-27 15:25:00,0.0,0.959,0.041,2024-12-27 15:30:00
2024-12-27 15:30:00,0.0,0.0,0.0,2024-12-27 15:35:00
2024-12-27 15:35:00,0.0,0.0,0.0,2024-12-27 15:40:00
2024-12-27 15:40:00,0.0,0.0,0.0,2024-12-27 15:45:00
2024-12-27 15:45:00,0.0,0.0,0.0,2024-12-27 15:50:00
2024-12-27 15:50:00,0.0,0.0,0.0,2024-12-27 15:55:00
2024-12-30 09:25:00,0.1505159235668789,0.8078407643312102,0.0417261146496815,2024-12-30 09:30:00
2024-12-30 09:30:00,0.0,0.0,0.0,2024-12-30 09:35:00
2024-12-30 09:35:00,0.0,0.0,0.0,2024-12-30 09:40:00
2024-12-30 09:40:00,0.0,0.0,0.0,2024-12-30 09:45:00
2024-12-30 09:45:00,0.0,0.0,0.0,2024-12-30 09:50:00
2024-12-30 09:50:00,0.0,0.0,0.0,2024-12-30 09:55:00
2024-12-30 09:55:00,0.0,0.0,0.0,2024-12-30 10:00:00
2024-12-30 10:00:00,0.0,1.0,0.0,2024-12-30 10:05:00
2024-12-30 10:05:00,0.0,0.0,0.0,2024-12-30 10:10:00
2024-12-30 10:10:00,0.0,0.0,0.0,2024-12-30 10:15:00
2024-12-30 10:15:00,0.0,0.0,0.0,2024-12-30 10:20:00
2024-12-30 10:20:00,0.0,0.0,0.0,2024-12-30 10:25:00
2024-12-30 10:25:00,0.0,0.0,0.0,2024-12-30 10:30:00
2024-12-30 10:30:00,0.0,0.0,0.0,2024-12-30 10:35:00
2024-12-30 10:35:00,0.0,0.0,0.0,2024-12-30 10:40:00
2024-12-30 10:40:00,0.0,0.0,0.0,2024-12-30 10:45:00
2024-12-30 10:45:00,0.016,0.882,0.101,2024-12-30 10:50:00
2024-12-30 10:50:00,0.0,0.0,0.0,2024-12-30 10:55:00
2024-12-30 10:55:00,0.0,0.0,0.0,2024-12-30 11:00:00
2024-12-30 11:00:00,0.186,0.718,0.097,2024-12-30 11:05:00
2024-12-30 11:05:00,0.0,0.0,0.0,2024-12-30 11:10:00
2024-12-30 11:10:00,0.0,0.0,0.0,2024-12-30 11:15:00
2024-12-30 11:15:00,0.0,0.0,0.0,2024-12-30 11:20:00
2024-12-30 11:20:00,0.0,0.0,0.0,2024-12-30 11:25:00
2024-12-30 11:25:00,0.0,0.0,0.0,2024-12-30 11:30:00
2024-12-30 11:30:00,0.0535,0.912,0.0345,2024-12-30 11:35:00
2024-12-30 11:35:00,0.0,0.0,0.0,2024-12-30 11:40:00
2024-12-30 11:40:00,0.0,0.0,0.0,2024-12-30 11:45:00
2024-12-30 11:45:00,0.0,0.0,0.0,2024-12-30 11:50:00
2024-12-30 11:50:00,0.133,0.839,0.028,2024-12-30 11:55:00
2024-12-30 11:55:00,0.0,0.0,0.0,2024-12-30 12:00:00
2024-12-30 12:00:00,0.0,1.0,0.0,2024-12-30 12:05:00
2024-12-30 12:05:00,0.0,0.0,0.0,2024-12-30 12:10:00
2024-12-30 12:10:00,0.0,0.0,0.0,2024-12-30 12:15:00
2024-12-30 12:15:00,0.0,0.0,0.0,2024-12-30 12:20:00
2024-12-30 12:20:00,0.2395999999999999,0.75,0.0101999999999999,2024-12-30 12:25:00
2024-12-30 12:25:00,0.0,0.0,0.0,2024-12-30 12:30:00
2024-12-30 12:30:00,0.113,0.867,0.019,2024-12-30 12:35:00
2024-12-30 12:35:00,0.0,0.0,0.0,2024-12-30 12:40:00
2024-12-30 12:40:00,0.066,0.858,0.077,2024-12-30 12:45:00
2024-12-30 12:45:00,0.0,0.0,0.0,2024-12-30 12:50:00
2024-12-30 12:50:00,0.131,0.827,0.042,2024-12-30 12:55:00
2024-12-30 12:55:00,0.0,0.0,0.0,2024-12-30 13:00:00
2024-12-30 13:00:00,0.0,0.0,0.0,2024-12-30 13:05:00
2024-12-30 13:05:00,0.111,0.86,0.029,2024-12-30 13:10:00
2024-12-30 13:10:00,0.0,0.0,0.0,2024-12-30 13:15:00
2024-12-30 13:15:00,0.227,0.773,0.0,2024-12-30 13:20:00
2024-12-30 13:20:00,0.0,0.0,0.0,2024-12-30 13:25:00
2024-12-30 13:25:00,0.0,0.0,0.0,2024-12-30 13:30:00
2024-12-30 13:30:00,0.0,0.0,0.0,2024-12-30 13:35:00
2024-12-30 13:35:00,0.0,0.0,0.0,2024-12-30 13:40:00
2024-12-30 13:40:00,0.0,0.0,0.0,2024-12-30 13:45:00
2024-12-30 13:45:00,0.097,0.825,0.078,2024-12-30 13:50:00
2024-12-30 13:50:00,0.16,0.772,0.068,2024-12-30 13:55:00
2024-12-30 13:55:00,0.084,0.88,0.035,2024-12-30 14:00:00
2024-12-30 14:00:00,0.095,0.901,0.005,2024-12-30 14:05:00
2024-12-30 14:05:00,0.21675,0.759,0.02425,2024-12-30 14:10:00
2024-12-30 14:10:00,0.282,0.673,0.045,2024-12-30 14:15:00
2024-12-30 14:15:00,0.0,0.0,0.0,2024-12-30 14:20:00
2024-12-30 14:20:00,0.0,0.0,0.0,2024-12-30 14:25:00
2024-12-30 14:25:00,0.0,0.0,0.0,2024-12-30 14:30:00
2024-12-30 14:30:00,0.0,0.0,0.0,2024-12-30 14:35:00
2024-12-30 14:35:00,0.058,0.9275,0.0145,2024-12-30 14:40:00
2024-12-30 14:40:00,0.184,0.816,0.0,2024-12-30 14:45:00
2024-12-30 14:45:00,0.204,0.769,0.027,2024-12-30 14:50:00
2024-12-30 14:50:00,0.0,0.0,0.0,2024-12-30 14:55:00
2024-12-30 14:55:00,0.0,0.0,0.0,2024-12-30 15:00:00
2024-12-30 15:00:00,0.0,0.0,0.0,2024-12-30 15:05:00
2024-12-30 15:05:00,0.0,0.0,0.0,2024-12-30 15:10:00
2024-12-30 15:10:00,0.166,0.803,0.03,2024-12-30 15:15:00
2024-12-30 15:15:00,0.0,0.0,0.0,2024-12-30 15:20:00
2024-12-30 15:20:00,0.0,0.0,0.0,2024-12-30 15:25:00
2024-12-30 15:25:00,0.094,0.889,0.018,2024-12-30 15:30:00
2024-12-30 15:30:00,0.0,0.0,0.0,2024-12-30 15:35:00
2024-12-30 15:35:00,0.0,0.0,0.0,2024-12-30 15:40:00
2024-12-30 15:40:00,0.0,0.0,0.0,2024-12-30 15:45:00
2024-12-30 15:45:00,0.0,0.0,0.0,2024-12-30 15:50:00
2024-12-30 15:50:00,0.0,0.0,0.0,2024-12-30 15:55:00
2024-12-31 09:25:00,0.16155,0.8040666666666667,0.03445,2024-12-31 09:30:00
2024-12-31 09:30:00,0.2385,0.7045,0.0574999999999999,2024-12-31 09:35:00
2024-12-31 09:35:00,0.0,0.0,0.0,2024-12-31 09:40:00
2024-12-31 09:40:00,0.0,0.0,0.0,2024-12-31 09:45:00
2024-12-31 09:45:00,0.0,0.0,0.0,2024-12-31 09:50:00
2024-12-31 09:50:00,0.0,0.0,0.0,2024-12-31 09:55:00
2024-12-31 09:55:00,0.0,0.9,0.1,2024-12-31 10:00:00
2024-12-31 10:00:00,0.0,1.0,0.0,2024-12-31 10:05:00
2024-12-31 10:05:00,0.0,0.0,0.0,2024-12-31 10:10:00
2024-12-31 10:10:00,0.07,0.93,0.0,2024-12-31 10:15:00
2024-12-31 10:15:00,0.0,0.0,0.0,2024-12-31 10:20:00
2024-12-31 10:20:00,0.079,0.881,0.04,2024-12-31 10:25:00
2024-12-31 10:25:00,0.177,0.815,0.008,2024-12-31 10:30:00
2024-12-31 10:30:00,0.219,0.492,0.29,2024-12-31 10:35:00
2024-12-31 10:35:00,0.1725,0.8145,0.013,2024-12-31 10:40:00
2024-12-31 10:40:00,0.251,0.7295,0.0195,2024-12-31 10:45:00
2024-12-31 10:45:00,0.1355,0.8340000000000001,0.0305,2024-12-31 10:50:00
2024-12-31 10:50:00,0.0,0.0,0.0,2024-12-31 10:55:00
2024-12-31 10:55:00,0.0,0.904,0.096,2024-12-31 11:00:00
2024-12-31 11:00:00,0.0295,0.9235,0.0475,2024-12-31 11:05:00
2024-12-31 11:05:00,0.1625,0.802,0.0355,2024-12-31 11:10:00
2024-12-31 11:10:00,0.0,0.0,0.0,2024-12-31 11:15:00
2024-12-31 11:15:00,0.0,0.0,0.0,2024-12-31 11:20:00
2024-12-31 11:20:00,0.0,0.0,0.0,2024-12-31 11:25:00
2024-12-31 11:25:00,0.06,0.918,0.023,2024-12-31 11:30:00
2024-12-31 11:30:00,0.236,0.647,0.117,2024-12-31 11:35:00
2024-12-31 11:35:00,0.214,0.721,0.065,2024-12-31 11:40:00
2024-12-31 11:40:00,0.0,0.0,0.0,2024-12-31 11:45:00
2024-12-31 11:45:00,0.0,0.0,0.0,2024-12-31 11:50:00
2024-12-31 11:50:00,0.205,0.697,0.098,2024-12-31 11:55:00
2024-12-31 11:55:00,0.154,0.805,0.042,2024-12-31 12:00:00
2024-12-31 12:00:00,0.0,0.0,0.0,2024-12-31 12:05:00
2024-12-31 12:05:00,0.139,0.821,0.04,2024-12-31 12:10:00
2024-12-31 12:10:00,0.0,0.0,0.0,2024-12-31 12:15:00
2024-12-31 12:15:00,0.0,0.0,0.0,2024-12-31 12:20:00
2024-12-31 12:20:00,0.1053333333333333,0.8946666666666667,0.0,2024-12-31 12:25:00
2024-12-31 12:25:00,0.213,0.782,0.005,2024-12-31 12:30:00
2024-12-31 12:30:00,0.0,0.0,0.0,2024-12-31 12:35:00
2024-12-31 12:35:00,0.216,0.777,0.006,2024-12-31 12:40:00
2024-12-31 12:40:00,0.0,0.891,0.109,2024-12-31 12:45:00
2024-12-31 12:45:00,0.0,0.0,0.0,2024-12-31 12:50:00
2024-12-31 12:50:00,0.0,0.0,0.0,2024-12-31 12:55:00
2024-12-31 12:55:00,0.092,0.847,0.06,2024-12-31 13:00:00
2024-12-31 13:00:00,0.0,0.769,0.231,2024-12-31 13:05:00
2024-12-31 13:05:00,0.0,0.0,0.0,2024-12-31 13:10:00
2024-12-31 13:10:00,0.174,0.761,0.065,2024-12-31 13:15:00
2024-12-31 13:15:00,0.0,0.0,0.0,2024-12-31 13:20:00
2024-12-31 13:20:00,0.0435,0.8805000000000001,0.076,2024-12-31 13:25:00
2024-12-31 13:25:00,0.0,0.0,0.0,2024-12-31 13:30:00
2024-12-31 13:30:00,0.0,0.0,0.0,2024-12-31 13:35:00
2024-12-31 13:35:00,0.0,0.0,0.0,2024-12-31 13:40:00
2024-12-31 13:40:00,0.168,0.806,0.026,2024-12-31 13:45:00
2024-12-31 13:45:00,0.0,0.0,0.0,2024-12-31 13:50:00
2024-12-31 13:50:00,0.0,0.0,0.0,2024-12-31 13:55:00
2024-12-31 13:55:00,0.0,0.0,0.0,2024-12-31 14:00:00
2024-12-31 14:00:00,0.1588333333333333,0.7426666666666666,0.0986666666666666,2024-12-31 14:05:00
2024-12-31 14:05:00,0.0,0.0,0.0,2024-12-31 14:10:00
2024-12-31 14:10:00,0.0515,0.728,0.221,2024-12-31 14:15:00
2024-12-31 14:15:00,0.129,0.871,0.0,2024-12-31 14:20:00
2024-12-31 14:20:00,0.0,0.0,0.0,2024-12-31 14:25:00
2024-12-31 14:25:00,0.0,0.0,0.0,2024-12-31 14:30:00
2024-12-31 14:30:00,0.0,0.0,0.0,2024-12-31 14:35:00
2024-12-31 14:35:00,0.0,0.0,0.0,2024-12-31 14:40:00
2024-12-31 14:40:00,0.198,0.735,0.068,2024-12-31 14:45:00
2024-12-31 14:45:00,0.2215,0.7324999999999999,0.046,2024-12-31 14:50:00
2024-12-31 14:50:00,0.0,0.0,0.0,2024-12-31 14:55:00
2024-12-31 14:55:00,0.0,0.0,0.0,2024-12-31 15:00:00
2024-12-31 15:00:00,0.0755,0.8285,0.096,2024-12-31 15:05:00
2024-12-31 15:05:00,0.0,0.0,0.0,2024-12-31 15:10:00
2024-12-31 15:10:00,0.157,0.843,0.0,2024-12-31 15:15:00
2024-12-31 15:15:00,0.0,0.0,0.0,2024-12-31 15:20:00
2024-12-31 15:20:00,0.0,0.0,0.0,2024-12-31 15:25:00
2024-12-31 15:25:00,0.0,0.0,0.0,2024-12-31 15:30:00
2024-12-31 15:30:00,0.0,0.0,0.0,2024-12-31 15:35:00
2024-12-31 15:35:00,0.0,0.0,0.0,2024-12-31 15:40:00
2024-12-31 15:40:00,0.0,0.0,0.0,2024-12-31 15:45:00
2024-12-31 15:45:00,0.0,0.0,0.0,2024-12-31 15:50:00
2024-12-31 15:50:00,0.0,0.0,0.0,2024-12-31 15:55:00
2025-01-02 09:25:00,0.1226549295774648,0.8477816901408451,0.0295422535211267,2025-01-02 09:30:00
2025-01-02 09:30:00,0.0,0.769,0.231,2025-01-02 09:35:00
2025-01-02 09:35:00,0.0,0.0,0.0,2025-01-02 09:40:00
2025-01-02 09:40:00,0.0,0.0,0.0,2025-01-02 09:45:00
2025-01-02 09:45:00,0.0,1.0,0.0,2025-01-02 09:50:00
2025-01-02 09:50:00,0.062,0.938,0.0,2025-01-02 09:55:00
2025-01-02 09:55:00,0.0,0.692,0.308,2025-01-02 10:00:00
2025-01-02 10:00:00,0.0,1.0,0.0,2025-01-02 10:05:00
2025-01-02 10:05:00,0.142,0.8410000000000001,0.017,2025-01-02 10:10:00
2025-01-02 10:10:00,0.0,0.0,0.0,2025-01-02 10:15:00
2025-01-02 10:15:00,0.0,1.0,0.0,2025-01-02 10:20:00
2025-01-02 10:20:00,0.0,0.0,0.0,2025-01-02 10:25:00
2025-01-02 10:25:00,0.1205,0.8585,0.0215,2025-01-02 10:30:00
2025-01-02 10:30:00,0.0425,0.9575,0.0,2025-01-02 10:35:00
2025-01-02 10:35:00,0.0,0.0,0.0,2025-01-02 10:40:00
2025-01-02 10:40:00,0.0,1.0,0.0,2025-01-02 10:45:00
2025-01-02 10:45:00,0.0,0.0,0.0,2025-01-02 10:50:00
2025-01-02 10:50:00,0.0,0.672,0.328,2025-01-02 10:55:00
2025-01-02 10:55:00,0.0,1.0,0.0,2025-01-02 11:00:00
2025-01-02 11:00:00,0.0,1.0,0.0,2025-01-02 11:05:00
2025-01-02 11:05:00,0.1115,0.881,0.007,2025-01-02 11:10:00
2025-01-02 11:10:00,0.0,0.0,0.0,2025-01-02 11:15:00
2025-01-02 11:15:00,0.0,0.719,0.281,2025-01-02 11:20:00
2025-01-02 11:20:00,0.0,0.0,0.0,2025-01-02 11:25:00
2025-01-02 11:25:00,0.0,0.0,0.0,2025-01-02 11:30:00
2025-01-02 11:30:00,0.0,1.0,0.0,2025-01-02 11:35:00
2025-01-02 11:35:00,0.107,0.8634999999999999,0.0295,2025-01-02 11:40:00
2025-01-02 11:40:00,0.257,0.698,0.045,2025-01-02 11:45:00
2025-01-02 11:45:00,0.074,0.8416666666666667,0.0843333333333333,2025-01-02 11:50:00
2025-01-02 11:50:00,0.0,0.0,0.0,2025-01-02 11:55:00
2025-01-02 11:55:00,0.03875,0.9495,0.01175,2025-01-02 12:00:00
2025-01-02 12:00:00,0.0,1.0,0.0,2025-01-02 12:05:00
2025-01-02 12:05:00,0.0,1.0,0.0,2025-01-02 12:10:00
2025-01-02 12:10:00,0.023,0.859,0.118,2025-01-02 12:15:00
2025-01-02 12:15:00,0.03,0.94,0.03,2025-01-02 12:20:00
2025-01-02 12:20:00,0.066,0.8634999999999999,0.0705,2025-01-02 12:25:00
2025-01-02 12:25:00,0.2809999999999999,0.6793333333333335,0.0396666666666666,2025-01-02 12:30:00
2025-01-02 12:30:00,0.0,0.0,0.0,2025-01-02 12:35:00
2025-01-02 12:35:00,0.0225,0.9775,0.0,2025-01-02 12:40:00
2025-01-02 12:40:00,0.0,1.0,0.0,2025-01-02 12:45:00
2025-01-02 12:45:00,0.0,0.606,0.394,2025-01-02 12:50:00
2025-01-02 12:50:00,0.0,0.0,0.0,2025-01-02 12:55:00
2025-01-02 12:55:00,0.0,1.0,0.0,2025-01-02 13:00:00
2025-01-02 13:00:00,0.0,1.0,0.0,2025-01-02 13:05:00
2025-01-02 13:05:00,0.217,0.76,0.023,2025-01-02 13:10:00
2025-01-02 13:10:00,0.151,0.824,0.02525,2025-01-02 13:15:00
2025-01-02 13:15:00,0.1585,0.8280000000000001,0.0135,2025-01-02 13:20:00
2025-01-02 13:20:00,0.0,0.0,0.0,2025-01-02 13:25:00
2025-01-02 13:25:00,0.087,0.758,0.155,2025-01-02 13:30:00
2025-01-02 13:30:00,0.0,1.0,0.0,2025-01-02 13:35:00
2025-01-02 13:35:00,0.0,0.0,0.0,2025-01-02 13:40:00
2025-01-02 13:40:00,0.098,0.902,0.0,2025-01-02 13:45:00
2025-01-02 13:45:00,0.0416666666666666,0.8333333333333334,0.1253333333333333,2025-01-02 13:50:00
2025-01-02 13:50:00,0.0,0.0,0.0,2025-01-02 13:55:00
2025-01-02 13:55:00,0.011,0.963,0.026,2025-01-02 14:00:00
2025-01-02 14:00:00,0.0863333333333333,0.91,0.0036666666666666,2025-01-02 14:05:00
2025-01-02 14:05:00,0.219,0.656,0.126,2025-01-02 14:10:00
2025-01-02 14:10:00,0.25,0.75,0.0,2025-01-02 14:15:00
2025-01-02 14:15:00,0.0,0.0,0.0,2025-01-02 14:20:00
2025-01-02 14:20:00,0.238,0.742,0.02,2025-01-02 14:25:00
2025-01-02 14:25:00,0.1285,0.8545,0.017,2025-01-02 14:30:00
2025-01-02 14:30:00,0.256,0.744,0.0,2025-01-02 14:35:00
2025-01-02 14:35:00,0.0,1.0,0.0,2025-01-02 14:40:00
2025-01-02 14:40:00,0.0,0.0,0.0,2025-01-02 14:45:00
2025-01-02 14:45:00,0.2675,0.7325,0.0,2025-01-02 14:50:00
2025-01-02 14:50:00,0.072,0.897,0.031,2025-01-02 14:55:00
2025-01-02 14:55:00,0.126,0.874,0.0,2025-01-02 15:00:00
2025-01-02 15:00:00,0.2275,0.7635000000000001,0.009,2025-01-02 15:05:00
2025-01-02 15:05:00,0.1775,0.6005,0.222,2025-01-02 15:10:00
2025-01-02 15:10:00,0.0,0.8400000000000001,0.16,2025-01-02 15:15:00
2025-01-02 15:15:00,0.0,0.0,0.0,2025-01-02 15:20:00
2025-01-02 15:20:00,0.0,0.0,0.0,2025-01-02 15:25:00
2025-01-02 15:25:00,0.1015,0.8925000000000001,0.006,2025-01-02 15:30:00
2025-01-02 15:30:00,0.0,0.0,0.0,2025-01-02 15:35:00
2025-01-02 15:35:00,0.0,0.0,0.0,2025-01-02 15:40:00
2025-01-02 15:40:00,0.107,0.86675,0.0265,2025-01-02 15:45:00
2025-01-02 15:45:00,0.0,0.0,0.0,2025-01-02 15:50:00
2025-01-02 15:50:00,0.149,0.779,0.072,2025-01-02 15:55:00
2025-01-03 09:25:00,0.1049734042553191,0.8130372340425532,0.0819787234042553,2025-01-03 09:30:00
2025-01-03 09:30:00,0.107,0.849,0.045,2025-01-03 09:35:00
2025-01-03 09:35:00,0.228,0.725,0.048,2025-01-03 09:40:00
2025-01-03 09:40:00,0.0,0.0,0.0,2025-01-03 09:45:00
2025-01-03 09:45:00,0.0,0.0,0.0,2025-01-03 09:50:00
2025-01-03 09:50:00,0.0,0.867,0.133,2025-01-03 09:55:00
2025-01-03 09:55:00,0.0,0.0,0.0,2025-01-03 10:00:00
2025-01-03 10:00:00,0.412,0.588,0.0,2025-01-03 10:05:00
2025-01-03 10:05:00,0.0,0.0,0.0,2025-01-03 10:10:00
2025-01-03 10:10:00,0.0,0.0,0.0,2025-01-03 10:15:00
2025-01-03 10:15:00,0.0,0.674,0.326,2025-01-03 10:20:00
2025-01-03 10:20:00,0.0,0.755,0.245,2025-01-03 10:25:00
2025-01-03 10:25:00,0.141,0.859,0.0,2025-01-03 10:30:00
2025-01-03 10:30:00,0.0,0.0,0.0,2025-01-03 10:35:00
2025-01-03 10:35:00,0.0,0.0,0.0,2025-01-03 10:40:00
2025-01-03 10:40:00,0.1226666666666666,0.8773333333333332,0.0,2025-01-03 10:45:00
2025-01-03 10:45:00,0.144,0.716,0.14,2025-01-03 10:50:00
2025-01-03 10:50:00,0.1392499999999999,0.8345,0.0265,2025-01-03 10:55:00
2025-01-03 10:55:00,0.248,0.71,0.042,2025-01-03 11:00:00
2025-01-03 11:00:00,0.108,0.891,0.001,2025-01-03 11:05:00
2025-01-03 11:05:00,0.0,0.0,0.0,2025-01-03 11:10:00
2025-01-03 11:10:00,0.2966666666666667,0.6636666666666667,0.0396666666666666,2025-01-03 11:15:00
2025-01-03 11:15:00,0.0,1.0,0.0,2025-01-03 11:20:00
2025-01-03 11:20:00,0.05425,0.8452500000000001,0.10075,2025-01-03 11:25:00
2025-01-03 11:25:00,0.0,0.0,0.0,2025-01-03 11:30:00
2025-01-03 11:30:00,0.13,0.8046666666666665,0.0653333333333333,2025-01-03 11:35:00
2025-01-03 11:35:00,0.0854,0.867,0.0475999999999999,2025-01-03 11:40:00
2025-01-03 11:40:00,0.0,0.939,0.061,2025-01-03 11:45:00
2025-01-03 11:45:00,0.25425,0.7125,0.03325,2025-01-03 11:50:00
2025-01-03 11:50:00,0.0,0.0,0.0,2025-01-03 11:55:00
2025-01-03 11:55:00,0.1465,0.80025,0.05325,2025-01-03 12:00:00
2025-01-03 12:00:00,0.174,0.8200000000000001,0.006125,2025-01-03 12:05:00
2025-01-03 12:05:00,0.0,1.0,0.0,2025-01-03 12:10:00
2025-01-03 12:10:00,0.174,0.826,0.0,2025-01-03 12:15:00
2025-01-03 12:15:00,0.1406666666666667,0.7956666666666666,0.0636666666666666,2025-01-03 12:20:00
2025-01-03 12:20:00,0.046625,0.883625,0.0698749999999999,2025-01-03 12:25:00
2025-01-03 12:25:00,0.074,0.926,0.0,2025-01-03 12:30:00
2025-01-03 12:30:00,0.0,0.0,0.0,2025-01-03 12:35:00
2025-01-03 12:35:00,0.1,0.8475,0.0525,2025-01-03 12:40:00
2025-01-03 12:40:00,0.087,0.8176666666666667,0.0953333333333333,2025-01-03 12:45:00
2025-01-03 12:45:00,0.197,0.8029999999999999,0.0,2025-01-03 12:50:00
2025-01-03 12:50:00,0.0425,0.9575,0.0,2025-01-03 12:55:00
2025-01-03 12:55:00,0.216,0.7384999999999999,0.0455,2025-01-03 13:00:00
2025-01-03 13:00:00,0.0569999999999999,0.9042,0.0388,2025-01-03 13:05:00
2025-01-03 13:05:00,0.154,0.729,0.117,2025-01-03 13:10:00
2025-01-03 13:10:00,0.1098571428571428,0.8867142857142857,0.0032857142857142,2025-01-03 13:15:00
2025-01-03 13:15:00,0.1619999999999999,0.7905,0.048,2025-01-03 13:20:00
2025-01-03 13:20:00,0.1346666666666666,0.8573333333333334,0.008,2025-01-03 13:25:00
2025-01-03 13:25:00,0.1014999999999999,0.869,0.0295,2025-01-03 13:30:00
2025-01-03 13:30:00,0.105,0.702,0.193,2025-01-03 13:35:00
2025-01-03 13:35:00,0.0,0.0,0.0,2025-01-03 13:40:00
2025-01-03 13:40:00,0.0,1.0,0.0,2025-01-03 13:45:00
2025-01-03 13:45:00,0.0,0.0,0.0,2025-01-03 13:50:00
2025-01-03 13:50:00,0.0735,0.8945000000000001,0.032,2025-01-03 13:55:00
2025-01-03 13:55:00,0.0,1.0,0.0,2025-01-03 14:00:00
2025-01-03 14:00:00,0.069,0.9012,0.03,2025-01-03 14:05:00
2025-01-03 14:05:00,0.0,1.0,0.0,2025-01-03 14:10:00
2025-01-03 14:10:00,0.0,0.867,0.133,2025-01-03 14:15:00
2025-01-03 14:15:00,0.0,0.0,0.0,2025-01-03 14:20:00
2025-01-03 14:20:00,0.0,1.0,0.0,2025-01-03 14:25:00
2025-01-03 14:25:00,0.1555,0.7655000000000001,0.0795,2025-01-03 14:30:00
2025-01-03 14:30:00,0.1915,0.8085,0.0,2025-01-03 14:35:00
2025-01-03 14:35:00,0.0,0.0,0.0,2025-01-03 14:40:00
2025-01-03 14:40:00,0.0,0.0,0.0,2025-01-03 14:45:00
2025-01-03 14:45:00,0.0,0.9106666666666668,0.0893333333333333,2025-01-03 14:50:00
2025-01-03 14:50:00,0.0,0.0,0.0,2025-01-03 14:55:00
2025-01-03 14:55:00,0.22,0.78,0.0,2025-01-03 15:00:00
2025-01-03 15:00:00,0.1208571428571428,0.821,0.0581428571428571,2025-01-03 15:05:00
2025-01-03 15:05:00,0.0,1.0,0.0,2025-01-03 15:10:00
2025-01-03 15:10:00,0.0,0.0,0.0,2025-01-03 15:15:00
2025-01-03 15:15:00,0.104,0.7995,0.0965,2025-01-03 15:20:00
2025-01-03 15:20:00,0.104,0.771,0.125,2025-01-03 15:25:00
2025-01-03 15:25:00,0.146,0.841,0.014,2025-01-03 15:30:00
2025-01-03 15:30:00,0.0,1.0,0.0,2025-01-03 15:35:00
2025-01-03 15:35:00,0.16,0.742,0.098,2025-01-03 15:40:00
2025-01-03 15:40:00,0.0,0.0,0.0,2025-01-03 15:45:00
2025-01-03 15:45:00,0.0964999999999999,0.6910000000000001,0.2125,2025-01-03 15:50:00
2025-01-03 15:50:00,0.0736666666666666,0.8256666666666668,0.1006666666666666,2025-01-03 15:55:00
2025-01-06 09:25:00,0.130089605734767,0.8253010752688171,0.0445698924731182,2025-01-06 09:30:00
2025-01-06 09:30:00,0.0,0.0,0.0,2025-01-06 09:35:00
2025-01-06 09:35:00,0.218,0.698,0.084,2025-01-06 09:40:00
2025-01-06 09:40:00,0.0,0.0,0.0,2025-01-06 09:45:00
2025-01-06 09:45:00,0.0,0.755,0.245,2025-01-06 09:50:00
2025-01-06 09:50:00,0.0,1.0,0.0,2025-01-06 09:55:00
2025-01-06 09:55:00,0.0,0.0,0.0,2025-01-06 10:00:00
2025-01-06 10:00:00,0.134,0.775,0.091,2025-01-06 10:05:00
2025-01-06 10:05:00,0.11975,0.804,0.07625,2025-01-06 10:10:00
2025-01-06 10:10:00,0.0,0.0,0.0,2025-01-06 10:15:00
2025-01-06 10:15:00,0.1165,0.7325,0.151,2025-01-06 10:20:00
2025-01-06 10:20:00,0.434,0.566,0.0,2025-01-06 10:25:00
2025-01-06 10:25:00,0.0,0.88,0.12,2025-01-06 10:30:00
2025-01-06 10:30:00,0.0,0.0,0.0,2025-01-06 10:35:00
2025-01-06 10:35:00,0.2105,0.7364999999999999,0.053,2025-01-06 10:40:00
2025-01-06 10:40:00,0.0,0.0,0.0,2025-01-06 10:45:00
2025-01-06 10:45:00,0.0,0.0,0.0,2025-01-06 10:50:00
2025-01-06 10:50:00,0.0,0.0,0.0,2025-01-06 10:55:00
2025-01-06 10:55:00,0.019,0.829,0.152,2025-01-06 11:00:00
2025-01-06 11:00:00,0.07425,0.9125,0.01325,2025-01-06 11:05:00
2025-01-06 11:05:00,0.0,0.0,0.0,2025-01-06 11:10:00
2025-01-06 11:10:00,0.0,0.0,0.0,2025-01-06 11:15:00
2025-01-06 11:15:00,0.103,0.8645,0.0325,2025-01-06 11:20:00
2025-01-06 11:20:00,0.0,0.0,0.0,2025-01-06 11:25:00
2025-01-06 11:25:00,0.161,0.817,0.022,2025-01-06 11:30:00
2025-01-06 11:30:00,0.0,0.0,0.0,2025-01-06 11:35:00
2025-01-06 11:35:00,0.296,0.704,0.0,2025-01-06 11:40:00
2025-01-06 11:40:00,0.1085,0.865,0.0265,2025-01-06 11:45:00
2025-01-06 11:45:00,0.0,0.0,0.0,2025-01-06 11:50:00
2025-01-06 11:50:00,0.011,0.8265,0.1625,2025-01-06 11:55:00
2025-01-06 11:55:00,0.16,0.84,0.0,2025-01-06 12:00:00
2025-01-06 12:00:00,0.0,0.0,0.0,2025-01-06 12:05:00
2025-01-06 12:05:00,0.0,0.792,0.208,2025-01-06 12:10:00
2025-01-06 12:10:00,0.116,0.844,0.04,2025-01-06 12:15:00
2025-01-06 12:15:00,0.259,0.741,0.0,2025-01-06 12:20:00
2025-01-06 12:20:00,0.237,0.7586,0.0043999999999999,2025-01-06 12:25:00
2025-01-06 12:25:00,0.0,0.0,0.0,2025-01-06 12:30:00
2025-01-06 12:30:00,0.0,0.849,0.151,2025-01-06 12:35:00
2025-01-06 12:35:00,0.113,0.7404999999999999,0.1465,2025-01-06 12:40:00
2025-01-06 12:40:00,0.185,0.629,0.186,2025-01-06 12:45:00
2025-01-06 12:45:00,0.0,0.0,0.0,2025-01-06 12:50:00
2025-01-06 12:50:00,0.06,0.765,0.175,2025-01-06 12:55:00
2025-01-06 12:55:00,0.0,0.0,0.0,2025-01-06 13:00:00
2025-01-06 13:00:00,0.2505,0.7025,0.047,2025-01-06 13:05:00
2025-01-06 13:05:00,0.186,0.8140000000000001,0.0,2025-01-06 13:10:00
2025-01-06 13:10:00,0.0,0.0,0.0,2025-01-06 13:15:00
2025-01-06 13:15:00,0.101,0.834,0.065,2025-01-06 13:20:00
2025-01-06 13:20:00,0.0,0.0,0.0,2025-01-06 13:25:00
2025-01-06 13:25:00,0.0,0.738,0.262,2025-01-06 13:30:00
2025-01-06 13:30:00,0.091,0.8805000000000001,0.028,2025-01-06 13:35:00
2025-01-06 13:35:00,0.254,0.615,0.131,2025-01-06 13:40:00
2025-01-06 13:40:00,0.0,0.0,0.0,2025-01-06 13:45:00
2025-01-06 13:45:00,0.0,0.0,0.0,2025-01-06 13:50:00
2025-01-06 13:50:00,0.237,0.7629999999999999,0.0,2025-01-06 13:55:00
2025-01-06 13:55:00,0.0,1.0,0.0,2025-01-06 14:00:00
2025-01-06 14:00:00,0.445,0.5549999999999999,0.0,2025-01-06 14:05:00
2025-01-06 14:05:00,0.038,0.957,0.005,2025-01-06 14:10:00
2025-01-06 14:10:00,0.0,0.0,0.0,2025-01-06 14:15:00
2025-01-06 14:15:00,0.0,0.0,0.0,2025-01-06 14:20:00
2025-01-06 14:20:00,0.0,0.0,0.0,2025-01-06 14:25:00
2025-01-06 14:25:00,0.022,0.846,0.132,2025-01-06 14:30:00
2025-01-06 14:30:00,0.0753333333333333,0.9196666666666666,0.0046666666666666,2025-01-06 14:35:00
2025-01-06 14:35:00,0.0,0.0,0.0,2025-01-06 14:40:00
2025-01-06 14:40:00,0.105,0.826,0.07,2025-01-06 14:45:00
2025-01-06 14:45:00,0.277,0.723,0.0,2025-01-06 14:50:00
2025-01-06 14:50:00,0.1713333333333333,0.7996666666666666,0.0289999999999999,2025-01-06 14:55:00
2025-01-06 14:55:00,0.13,0.87,0.0,2025-01-06 15:00:00
2025-01-06 15:00:00,0.1116666666666666,0.8883333333333333,0.0,2025-01-06 15:05:00
2025-01-06 15:05:00,0.1395,0.8605,0.0,2025-01-06 15:10:00
2025-01-06 15:10:00,0.0,0.0,0.0,2025-01-06 15:15:00
2025-01-06 15:15:00,0.0,0.0,0.0,2025-01-06 15:20:00
2025-01-06 15:20:00,0.0,0.0,0.0,2025-01-06 15:25:00
2025-01-06 15:25:00,0.0,1.0,0.0,2025-01-06 15:30:00
2025-01-06 15:30:00,0.071,0.914,0.015,2025-01-06 15:35:00
2025-01-06 15:35:00,0.0,0.0,0.0,2025-01-06 15:40:00
2025-01-06 15:40:00,0.0,0.0,0.0,2025-01-06 15:45:00
2025-01-06 15:45:00,0.106,0.873,0.021,2025-01-06 15:50:00
2025-01-06 15:50:00,0.0,0.0,0.0,2025-01-06 15:55:00
