PublishedAt,Negative_Prob,Neutral_Prob,Positive_Prob
2025-01-02 13:59:47,0.07451985,0.022617882,0.90286225
2025-01-01 12:22:02,0.0813509,0.0276988,0.8909503
2025-01-02 17:03:21,0.19270737,0.011794766,0.7954979
2025-01-02 20:10:30,0.046802804,0.41331056,0.5398866
2025-01-02 14:26:00,0.19276458,0.014787402,0.79244804
2025-01-02 10:26:39,0.12510805,0.14773053,0.72716147
2025-01-01 16:04:00,0.096491985,0.022806192,0.8807018
2025-01-01 17:37:40,0.33997735,0.014269592,0.6457531
2024-12-19 07:51:49,0.11004907,0.024110042,0.8658409
2024-12-14 01:57:26,0.0422961,0.8088697,0.14883426
2024-12-04 11:19:28,0.11187338,0.021100445,0.86702615
2024-12-14 06:00:00,0.05231357,0.03407366,0.9136128
2024-12-13 17:36:52,0.09481961,0.025434697,0.87974566
2024-12-29 09:30:00,0.039764922,0.076901615,0.88333344
2024-12-03 13:45:39,0.11864759,0.02345811,0.8578943
2024-12-04 11:00:01,0.12520245,0.018314043,0.85648346
2024-12-26 07:26:00,0.28016043,0.023013262,0.6968263
2024-12-19 14:15:42,0.055304147,0.3277709,0.616925
2024-12-30 21:02:29,0.050874136,0.016253505,0.9328723
2024-12-23 19:09:02,0.6535707,0.015833208,0.3305961
2024-12-02 07:40:43,0.67310345,0.016190248,0.3107063
2024-12-11 16:04:16,0.071924224,0.028155632,0.8999201
2024-12-26 06:00:00,0.048181888,0.03667393,0.9151442
2024-12-14 03:58:16,0.13939859,0.04230062,0.81830084
2024-12-02 10:15:17,0.0792175,0.026972339,0.8938102
2024-12-31 06:01:00,0.07163245,0.027969737,0.9003978
2024-12-13 13:00:02,0.28832117,0.014807837,0.69687104
2024-12-10 08:49:25,0.08592968,0.020386912,0.89368343
2024-12-24 08:00:00,0.04870867,0.055593137,0.89569825
2024-12-11 19:32:49,0.72127086,0.0140065625,0.26472262
2024-12-01 00:00:01,0.09770916,0.1966389,0.70565194
2024-12-10 14:21:01,0.18903138,0.015002779,0.7959659
2024-12-10 08:03:41,0.0818035,0.025296655,0.8928998
2024-12-17 22:29:31,0.018812008,0.88105434,0.100133725
2024-12-19 10:01:37,0.0973387,0.01857002,0.88409126
2024-12-03 21:05:47,0.10835599,0.0347632,0.85688084
2024-12-31 10:48:56,0.03520982,0.039078966,0.9257112
2024-12-05 16:57:29,0.0875201,0.023048948,0.889431
2024-12-18 14:33:07,0.100282066,0.015164178,0.88455373
2024-12-29 10:09:37,0.023781516,0.43942085,0.53679764
2024-12-07 06:00:00,0.07551635,0.11484985,0.80963385
2024-12-05 07:33:28,0.084941484,0.03830016,0.87675834
2024-12-31 13:22:53,0.11575329,0.024275001,0.8599717
2024-12-17 15:30:11,0.08058263,0.02657036,0.89284694
2024-12-13 19:26:53,0.03307013,0.66422784,0.30270204
2024-12-06 11:39:06,0.09130295,0.055046998,0.85365003
2024-12-01 21:52:52,0.07657828,0.043810755,0.87961096
2024-12-16 16:58:25,0.17788742,0.016372802,0.8057398
2024-12-17 05:09:22,0.09014162,0.034037616,0.8758208
2024-12-04 03:00:00,0.09386526,0.021619156,0.8845156
2024-12-01 15:15:18,0.07548049,0.030704563,0.893815
2025-01-03 10:53:39,0.060766358,0.31956488,0.6196688
2025-01-03 13:00:02,0.06656849,0.025719626,0.9077118
2024-12-20 16:29:48,0.07830417,0.02903953,0.89265627
2025-01-03 12:23:01,0.032837298,0.94938886,0.017773798
2025-01-03 12:19:55,0.08758552,0.02499399,0.8874205
2025-01-02 20:08:33,0.03551728,0.69121855,0.27326408
2025-01-03 13:53:00,0.083329126,0.026465662,0.89020514
2025-01-03 16:27:15,0.07229111,0.0131676225,0.9145413
2025-01-03 16:14:13,0.021518154,0.5914136,0.38706827
2025-01-02 08:55:35,0.08947489,0.023425184,0.8871
2025-01-03 18:45:11,0.022955323,0.48993355,0.48711118
2025-01-03 15:48:37,0.0774192,0.024786206,0.89779454
2025-01-02 20:10:30,0.05152854,0.38189593,0.5665755
2025-01-03 19:15:21,0.10298242,0.024072384,0.8729452
2025-01-03 12:21:42,0.090184696,0.03051501,0.87930036
2025-01-02 22:34:00,0.12155891,0.030019894,0.8484212
2025-01-03 20:18:34,0.22394276,0.016171748,0.75988543
2025-01-03 16:03:20,0.1698947,0.033546615,0.7965587
2025-01-03 14:03:00,0.0876326,0.030005507,0.8823618
2025-01-03 11:21:37,0.08172342,0.031506427,0.8867701
2025-01-03 07:26:02,0.08070526,0.02421002,0.89508474
2025-01-03 20:00:53,0.06679407,0.028821746,0.90438414
2025-01-02 10:05:51,0.028256262,0.9375259,0.03421779
2025-01-03 02:03:49,0.01926833,0.70891464,0.27181706
2025-01-03 17:28:03,0.040830754,0.030060045,0.92910916
2025-01-02 23:03:29,0.113358945,0.04618446,0.84045655
2025-01-03 15:15:46,0.113512956,0.021148356,0.8653387
2025-01-02 21:18:20,0.047576282,0.34116888,0.61125493
2025-01-03 12:15:00,0.013023883,0.96966594,0.017310232
2024-12-18 21:14:51,0.022682432,0.7700059,0.20731172
2024-12-29 06:00:07,0.058048762,0.019593481,0.9223578
2025-01-03 12:39:59,0.19957106,0.009663914,0.79076505
2025-01-03 18:45:11,0.022711959,0.5022669,0.47502115
2024-12-02 19:21:00,0.081461914,0.021004321,0.8975338
2024-12-02 07:40:43,0.09786083,0.022288688,0.8798505
2025-01-02 11:44:44,0.0773665,0.02435235,0.8982812
2025-01-03 08:30:02,0.115459174,0.23715848,0.6473823
2024-12-18 00:50:50,0.030003538,0.73787725,0.23211916
2024-12-27 06:00:19,0.03723469,0.031589914,0.9311754
2025-01-03 11:33:11,0.063482285,0.02550186,0.9110159
2025-01-03 17:28:03,0.034932915,0.0351084,0.9299587
2024-12-03 07:00:00,0.05556072,0.5795725,0.36486685
2024-12-02 21:06:00,0.03267313,0.2103538,0.756973
2025-01-02 21:35:16,0.033455107,0.22378382,0.742761
2025-01-03 11:20:00,0.08449817,0.030788615,0.8847132
2024-12-26 06:00:40,0.039122093,0.052151572,0.90872633
2025-01-03 07:04:41,0.04589632,0.40503645,0.5490672
2024-12-03 22:24:00,0.19955717,0.022215636,0.77822727
2025-01-02 17:36:39,0.2388149,0.16916265,0.5920224
2024-12-19 19:09:03,0.14447603,0.027631735,0.82789224
2024-12-05 11:30:16,0.6578761,0.02987407,0.31224987
2025-01-01 10:30:00,0.03393637,0.18676518,0.7792985
2025-01-03 09:31:38,0.09073352,0.030272929,0.8789935
2024-12-18 06:52:22,0.032253988,0.06827029,0.89947575
2024-12-18 16:22:48,0.051933516,0.015027948,0.93303853
2024-12-18 12:09:06,0.013902954,0.92819667,0.057900462
2025-01-03 11:24:39,0.10129083,0.023660298,0.8750489
2024-12-06 05:53:12,0.039691877,0.3367302,0.623578
2024-12-23 23:03:51,0.075195596,0.024209524,0.9005949
2025-01-01 15:30:00,0.04149918,0.02331913,0.93518174
2024-12-18 22:17:19,0.06521672,0.021532964,0.9132503
2025-01-03 05:12:55,0.124839984,0.027682835,0.8474772
2024-12-07 07:45:05,0.13785028,0.02010096,0.8420487
2024-12-02 15:03:41,0.4801365,0.025774874,0.49408862
2024-12-05 00:27:11,0.06536899,0.2614453,0.67318577
2025-01-03 12:20:53,0.08282971,0.0298999,0.88727033
2025-01-03 22:59:09,0.12661646,0.024598807,0.8487847
2025-01-03 21:39:57,0.035427712,0.22191048,0.74266183
2025-01-03 11:30:10,0.038643155,0.24127755,0.72007924
2025-01-03 04:46:09,0.06403295,0.060378402,0.8755886
2025-01-03 04:20:49,0.04572251,0.63685405,0.31742343
2025-01-03 02:09:54,0.059501037,0.21893625,0.7215627
2025-01-02 21:37:35,0.035241596,0.35769734,0.607061
2025-01-02 16:18:52,0.26501065,0.02224062,0.71274877
2025-01-01 13:50:10,0.082410105,0.04443584,0.8731541
2025-01-01 10:01:33,0.08976913,0.07503561,0.8351953
2025-01-01 08:36:43,0.028592965,0.088843025,0.88256395
2024-12-31 22:07:58,0.05441662,0.02279208,0.92279136
2024-12-31 17:46:30,0.03832524,0.033331443,0.92834336
2024-12-31 17:30:46,0.04055978,0.12564445,0.8337957
2024-12-31 17:02:02,0.05596644,0.018617112,0.92541647
2024-12-31 14:02:13,0.054486882,0.022603987,0.92290914
2024-12-31 14:00:04,0.048116963,0.022170609,0.9297124
2024-12-31 09:32:08,0.051635526,0.036111802,0.9122526
2024-12-31 09:24:15,0.081093945,0.020410595,0.8984955
2024-12-31 04:22:18,0.16783549,0.009254457,0.82291
2024-12-30 16:44:04,0.02982588,0.23360589,0.7365683
2024-12-30 16:08:58,0.0786013,0.049613032,0.8717857
2024-12-30 04:20:23,0.115561426,0.24271189,0.6417267
2024-12-28 21:03:52,0.037610512,0.049209535,0.91317993
2024-12-28 19:14:44,0.07694085,0.01899332,0.90406585
2024-12-28 17:02:12,0.06805954,0.12253167,0.8094088
2024-12-28 04:04:33,0.13090317,0.072768025,0.7963289
2024-12-27 23:21:44,0.7879862,0.008413502,0.20360026
2024-12-27 21:36:09,0.07764414,0.02959212,0.89276373
2024-12-27 21:00:29,0.061412223,0.037811458,0.90077627
2024-12-27 20:56:23,0.025529485,0.04956354,0.9249069
2024-12-27 18:20:33,0.080302976,0.07390174,0.84579533
2024-12-27 14:15:23,0.08317856,0.016212992,0.9006085
2024-12-27 12:08:08,0.059700277,0.08826526,0.85203445
2024-12-27 11:30:12,0.038574364,0.2413945,0.72003114
2024-12-27 03:26:37,0.063136436,0.048157502,0.8887061
2024-12-27 00:40:08,0.046040133,0.019167777,0.93479204
2024-12-27 00:35:21,0.041913684,0.033987705,0.9240987
2024-12-26 21:48:31,0.041462194,0.060357247,0.8981806
2024-12-26 21:15:30,0.046126597,0.03740934,0.91646403
2024-12-26 19:56:20,0.20260112,0.030311588,0.7670873
2024-12-26 19:24:37,0.07943222,0.09683306,0.8237347
2024-12-26 18:20:08,0.10269607,0.10344089,0.79386306
2024-12-26 16:05:33,0.043741755,0.033129394,0.9231288
2024-12-26 15:54:15,0.038426094,0.15438671,0.8071872
2024-12-26 15:34:10,0.12882748,0.03455898,0.8366136
2024-12-26 15:26:23,0.9484397,0.016912846,0.034647375
2024-12-26 06:26:11,0.06351382,0.06999582,0.8664904
2024-12-26 04:57:15,0.05904477,0.030421121,0.91053414
2024-12-25 18:21:17,0.14855175,0.36050624,0.490942
2024-12-25 17:40:38,0.04527293,0.08712115,0.86760587
2024-12-25 07:34:30,0.14676838,0.032133434,0.82109815
2024-12-25 06:31:07,0.06706351,0.022911262,0.91002524
2024-12-25 04:16:37,0.75822324,0.011337297,0.2304395
2024-12-24 20:41:51,0.049051307,0.071344905,0.8796038
2024-12-24 19:23:28,0.08044584,0.1607271,0.7588271
2024-12-24 18:49:33,0.36901996,0.066126555,0.5648535
2024-12-24 02:11:47,0.069193795,0.024180286,0.9066259
2024-12-23 17:12:33,0.11966487,0.048361786,0.8319733
2024-12-23 17:03:09,0.084342666,0.1179311,0.7977262
2024-12-23 16:20:32,0.05017973,0.027832575,0.92198765
2024-12-23 00:11:20,0.038026,0.21416558,0.7478084
2024-12-22 21:05:47,0.031721227,0.044954024,0.9233248
2024-12-21 19:43:32,0.24429113,0.013533784,0.74217504
2024-12-21 07:24:21,0.20578884,0.046135448,0.74807566
2024-12-21 00:28:54,0.055895638,0.058840755,0.8852637
2024-12-20 23:38:09,0.04589842,0.09016229,0.86393934
2024-12-20 19:23:11,0.014597873,0.92896163,0.056440555
2024-12-20 18:58:40,0.09432678,0.07398337,0.8316898
2024-12-20 18:43:49,0.12309701,0.017734064,0.859169
2024-12-20 17:40:54,0.1177048,0.037343603,0.84495157
2024-12-20 15:48:02,0.2876316,0.53525114,0.17711732
2024-12-20 15:34:53,0.45563132,0.04338556,0.5009831
2024-12-20 11:30:10,0.038540605,0.24176832,0.7196911
2024-12-20 10:51:18,0.033009343,0.91513604,0.051854566
2024-12-20 05:24:32,0.26381788,0.2880832,0.44809896
2024-12-19 23:21:24,0.06688409,0.016990708,0.9161251
2024-12-19 20:21:55,0.043207664,0.04070187,0.9160904
2024-12-19 19:08:52,0.08861217,0.098701246,0.8126866
2024-12-19 18:07:31,0.10825332,0.11031005,0.7814366
2024-12-19 03:15:05,0.046608075,0.060183134,0.8932088
2024-12-19 02:43:21,0.037139196,0.7173393,0.24552153
2024-12-18 23:30:42,0.08935028,0.08849518,0.8221545
2024-12-18 23:02:05,0.09334142,0.114564985,0.7920935
2024-12-18 22:23:50,0.05402594,0.21299233,0.73298174
2024-12-18 22:22:59,0.076786704,0.62363154,0.29958177
2024-12-18 22:21:56,0.07538181,0.09531671,0.82930154
2024-12-18 16:48:50,0.061829016,0.01616361,0.9220073
2024-12-18 16:46:27,0.009669935,0.9533977,0.03693239
2024-12-18 15:49:52,0.06721651,0.022925122,0.90985835
2024-12-18 08:50:26,0.06777991,0.8616643,0.07055575
2024-12-18 06:02:28,0.06398008,0.18776876,0.7482512
2024-12-18 02:21:47,0.071809046,0.29180938,0.6363816
2024-12-18 01:23:40,0.14078125,0.4105653,0.44865343
2024-12-18 01:17:16,0.053583592,0.024613785,0.92180264
2024-12-18 00:01:24,0.13697085,0.0569097,0.80611944
2024-12-17 18:16:06,0.06226171,0.09794154,0.8397968
2024-12-17 17:30:52,0.07556143,0.10867786,0.81576073
2024-12-17 17:05:04,0.078352466,0.0371655,0.884482
2024-12-17 11:42:53,0.13758618,0.031755995,0.8306578
2024-12-17 11:08:21,0.11333522,0.042754505,0.8439103
2024-12-17 06:51:18,0.05113432,0.14888181,0.7999839
2024-12-16 23:18:36,0.052590735,0.026673231,0.9207361
2024-12-16 22:34:13,0.05903557,0.016742818,0.92422163
2024-12-16 22:15:41,0.03348817,0.04740153,0.91911036
2024-12-16 20:58:30,0.031838495,0.8573024,0.110859066
2024-12-16 17:45:46,0.055124354,0.025202874,0.91967285
2024-12-16 17:45:16,0.26763618,0.0620582,0.6703056
2024-12-16 15:08:16,0.16802838,0.028391253,0.8035804
2024-12-16 08:57:33,0.14152376,0.014970283,0.843506
2024-12-16 04:14:57,0.17991707,0.08396578,0.7361172
2024-12-15 05:43:57,0.0492616,0.04547369,0.9052647
2024-12-15 03:48:03,0.03510511,0.037746515,0.9271484
2024-12-15 03:36:12,0.052627742,0.063059315,0.88431287
2024-12-15 02:56:17,0.07984792,0.11942185,0.8007303
2024-12-14 21:48:39,0.09791331,0.15109043,0.7509963
2024-12-14 20:16:09,0.06581349,0.048999343,0.88518715
2024-12-14 08:45:08,0.076823995,0.28188318,0.64129287
2024-12-13 22:56:24,0.08766639,0.12216306,0.79017055
2024-12-13 22:21:25,0.048976883,0.8308911,0.120132044
2024-12-13 19:41:43,0.01102112,0.8702491,0.118729725
2024-12-13 19:31:03,0.9551095,0.0136248795,0.031265594
2024-12-13 15:57:40,0.039577946,0.32302654,0.6373955
2024-12-13 11:30:10,0.038556132,0.2410717,0.7203722
2024-12-13 06:01:38,0.031749565,0.054443255,0.91380715
2024-12-13 05:05:07,0.048480503,0.79188156,0.15963793
2024-12-13 03:28:34,0.023095373,0.51530904,0.4615956
2024-12-12 17:21:09,0.18899894,0.03649501,0.77450603
2024-12-12 16:52:20,0.06546299,0.48861313,0.4459238
2024-12-12 16:11:53,0.049683925,0.9382522,0.01206386
2024-12-12 10:40:06,0.19293907,0.014857831,0.7922031
2024-12-11 23:30:41,0.8776182,0.0074677616,0.11491405
2024-12-11 22:22:22,0.04494514,0.03999008,0.91506475
2024-12-11 19:42:17,0.04249237,0.25037986,0.70712775
2024-12-11 19:02:20,0.07712294,0.027460938,0.8954162
2024-12-11 16:11:45,0.07023548,0.051636256,0.87812823
2024-12-11 14:49:45,0.18023293,0.011804498,0.80796254
2024-12-11 13:43:05,0.16694787,0.013894738,0.81915736
2024-12-11 05:59:14,0.08602837,0.024869114,0.8891026
2024-12-11 05:38:42,0.036713615,0.0660272,0.8972592
2024-12-11 05:37:53,0.12793513,0.018298652,0.8537662
2024-12-11 04:31:51,0.10702029,0.036756963,0.85622275
2024-12-10 22:12:23,0.052195657,0.0777489,0.87005544
2024-12-10 22:07:10,0.07194899,0.02615372,0.9018973
2024-12-10 21:44:01,0.058238514,0.08460742,0.857154
2024-12-10 21:31:24,0.053778276,0.23916048,0.70706123
2024-12-10 20:20:30,0.25800392,0.014101713,0.7278943
2024-12-10 17:59:16,0.04122218,0.75532144,0.20345639
2024-12-10 08:46:46,0.10832603,0.018971354,0.87270266
2024-12-10 06:32:15,0.22481062,0.013207577,0.7619818
2024-12-09 14:43:15,0.041432805,0.07160474,0.8869625
2024-12-09 03:49:17,0.04982865,0.0691606,0.8810107
2024-12-08 23:14:03,0.041057333,0.21478567,0.744157
2024-12-08 19:17:55,0.1882982,0.016196737,0.79550505
2024-12-08 19:16:40,0.18107218,0.014957417,0.8039704
2024-12-08 16:16:12,0.046139278,0.022389311,0.9314714
2024-12-08 07:42:02,0.03861156,0.059331905,0.9020565
2024-12-07 13:32:33,0.041841183,0.064001836,0.894157
2024-12-07 08:17:11,0.18837567,0.025626209,0.78599817
2024-12-07 01:10:51,0.037470214,0.15711933,0.8054105
2024-12-06 22:21:22,0.030185709,0.081877135,0.8879372
2024-12-06 21:33:34,0.16073452,0.03168961,0.8075759
2024-12-06 11:30:10,0.038532812,0.24211016,0.719357
2024-12-06 09:48:09,0.13893047,0.023489513,0.83757997
2024-12-06 04:27:11,0.048287094,0.05433653,0.89737636
2024-12-06 00:13:24,0.084724195,0.015669758,0.89960605
2024-12-05 10:57:01,0.09856186,0.02187195,0.87956625
2024-12-05 05:21:36,0.73547804,0.07602458,0.18849744
2024-12-05 01:33:49,0.06988708,0.1212163,0.8088966
2024-12-05 00:05:37,0.8686954,0.012291697,0.119013034
2024-12-04 21:56:00,0.10639313,0.029021095,0.86458576
2024-12-04 03:45:20,0.0796041,0.06768313,0.85271275
2024-12-03 22:39:48,0.033194963,0.29346308,0.67334193
2024-12-03 20:49:45,0.04751581,0.020876458,0.9316078
2024-12-03 17:42:20,0.94616914,0.014926781,0.03890401
2024-12-03 14:14:11,0.097992234,0.031118065,0.87088966
2024-12-03 04:49:30,0.079858825,0.16185376,0.7582874
2024-12-02 18:52:54,0.09096145,0.022522617,0.8865159
2024-12-02 07:36:37,0.03772056,0.061460484,0.90081894
2024-12-01 12:10:12,0.044157147,0.20795065,0.7478922
2024-12-04 09:22:14,0.18408157,0.020934785,0.7949837
2024-12-04 10:36:00,0.14165199,0.026754405,0.8315937
2024-12-04 13:30:00,0.165519,0.015654538,0.81882644
2024-12-04 15:28:18,0.121001124,0.019784585,0.8592143
2024-12-05 08:00:00,0.105219334,0.014413313,0.8803673
2024-12-05 14:11:01,0.091179274,0.016729182,0.8920916
2024-12-05 15:09:02,0.119738005,0.01651521,0.8637468
2024-12-06 09:30:00,0.087477185,0.021903945,0.89061886
2024-12-06 12:00:00,0.121883854,0.017430626,0.8606855
2024-12-06 14:00:00,0.11049151,0.018228907,0.87127966
2024-12-07 13:16:47,0.059445173,0.020203536,0.92035127
2024-12-08 09:58:00,0.12678152,0.020826178,0.85239226
2024-12-08 16:20:00,0.12408824,0.017800031,0.8581117
2024-12-09 17:49:00,0.16000126,0.022734666,0.817264
2024-12-09 19:37:20,0.08964689,0.02092723,0.88942593
2024-12-09 19:44:45,0.12907977,0.018071497,0.8528487
2024-12-10 06:15:00,0.12847565,0.018125923,0.85339844
2024-12-10 09:13:06,0.15503708,0.026117913,0.81884503
2024-12-10 10:21:00,0.11018574,0.019153211,0.8706611
2024-12-10 12:16:00,0.09016344,0.029097447,0.88073903
2024-12-10 12:25:54,0.15109776,0.022653166,0.8262491
2024-12-10 19:00:00,0.101019956,0.02015682,0.8788233
2024-12-10 20:30:41,0.17187145,0.017973801,0.81015474
2024-12-11 07:05:57,0.13729016,0.016611736,0.84609807
2024-12-11 09:52:50,0.10205295,0.015875917,0.8820712
2024-12-11 09:53:02,0.1286126,0.017258994,0.8541284
2024-12-11 12:00:00,0.1300482,0.019741945,0.8502099
2024-12-11 14:12:25,0.08977046,0.020386528,0.88984305
2024-12-11 15:00:00,0.1708611,0.018985037,0.8101539
2024-12-11 15:08:58,0.14720002,0.020285442,0.8325145
2024-12-11 19:03:11,0.10233613,0.022638308,0.87502563
2024-12-11 19:05:42,0.0944358,0.03504843,0.8705158
2024-12-11 20:36:50,0.11325827,0.021620462,0.8651212
2024-12-11 21:27:00,0.108778745,0.021293722,0.8699276
2024-12-12 07:30:32,0.110445745,0.01985697,0.86969733
2024-12-12 11:00:35,0.09745733,0.021339498,0.8812031
2024-12-12 12:00:00,0.11706182,0.014900234,0.8680379
2024-12-12 13:00:00,0.08847978,0.014966892,0.8965533
2024-12-12 15:00:51,0.12115676,0.018437134,0.86040604
2024-12-12 17:13:00,0.09758757,0.025180096,0.8772324
2024-12-12 20:30:41,0.14279424,0.015120999,0.8420848
2024-12-13 14:14:00,0.11779652,0.017310586,0.86489284
2024-12-13 16:47:00,0.10081133,0.018296832,0.88089186
2024-12-14 08:00:29,0.16943067,0.021382239,0.8091871
2024-12-14 11:00:15,0.13205604,0.017280895,0.85066307
2024-12-15 06:30:19,0.14680311,0.035453953,0.81774294
2024-12-15 11:00:50,0.13765734,0.03057455,0.83176816
2024-12-15 15:00:56,0.15042147,0.018204538,0.83137393
2024-12-15 20:14:31,0.14140871,0.024945214,0.833646
2024-12-16 08:25:36,0.15688032,0.024505584,0.8186141
2024-12-16 10:05:00,0.09497343,0.018549928,0.88647664
2024-12-16 10:28:01,0.08901984,0.019364472,0.8916156
2024-12-16 11:30:39,0.19606583,0.024219569,0.7797146
2024-12-16 15:48:24,0.12500556,0.023223525,0.85177094
2024-12-16 19:10:25,0.13415734,0.026080076,0.8397626
2024-12-17 06:15:00,0.24439535,0.013828038,0.74177665
2024-12-17 07:00:09,0.13054673,0.0263279,0.84312534
2024-12-17 09:00:25,0.13330843,0.021256708,0.8454349
2024-12-17 15:00:00,0.094806574,0.011445694,0.89374775
2024-12-18 10:27:07,0.10120962,0.01837232,0.880418
2024-12-19 04:09:29,0.122834556,0.01808317,0.8590822
2024-12-19 08:41:43,0.16484085,0.025015779,0.8101434
2024-12-19 12:30:02,0.10005299,0.015714088,0.88423294
2024-12-19 14:26:22,0.15284139,0.03107303,0.8160856
2024-12-19 14:45:52,0.13804458,0.03365901,0.82829636
2024-12-19 17:18:00,0.1379132,0.016172826,0.84591395
2024-12-20 11:35:00,0.13529555,0.020449985,0.8442545
2024-12-20 13:54:01,0.08726681,0.017722312,0.8950108
2024-12-21 10:00:00,0.120892435,0.021893557,0.85721403
2024-12-21 12:45:12,0.17668301,0.023483787,0.7998332
2024-12-21 15:00:00,0.15631229,0.018203422,0.82548434
2024-12-22 12:00:01,0.08985458,0.019158667,0.89098674
2024-12-22 19:30:59,0.13387918,0.019595923,0.8465249
2024-12-22 20:01:02,0.113939054,0.017390141,0.8686708
2024-12-23 06:30:30,0.1701261,0.021321025,0.80855286
2024-12-23 09:31:01,0.13011663,0.012895928,0.8569875
2024-12-23 10:15:00,0.12398161,0.018290456,0.8577279
2024-12-23 12:03:00,0.16412355,0.015293697,0.82058275
2024-12-23 12:45:02,0.097813405,0.02977499,0.87241167
2024-12-23 13:01:00,0.13350827,0.018806932,0.8476848
2024-12-23 18:44:00,0.11090251,0.021647617,0.8674499
2024-12-23 19:20:57,0.1421521,0.02027039,0.83757746
2024-12-24 10:24:18,0.21770824,0.028942542,0.7533492
2024-12-24 11:39:00,0.10909316,0.02437943,0.86652744
2024-12-26 15:00:00,0.10115629,0.032691073,0.86615264
2024-12-27 10:51:00,0.09303064,0.016629862,0.8903395
2024-12-27 13:50:38,0.109376855,0.017443452,0.87317973
2024-12-27 18:05:00,0.10076401,0.016247887,0.88298815
2024-12-28 04:30:36,0.07724481,0.014288441,0.9084668
2024-12-28 12:29:00,0.09028581,0.022458069,0.8872561
2024-12-29 18:21:05,0.20831476,0.015249256,0.776436
2024-12-30 10:00:00,0.096224666,0.019780874,0.88399446
2024-12-30 11:30:00,0.14721446,0.028796554,0.823989
2024-12-30 12:02:23,0.1731233,0.016999895,0.80987686
2024-12-30 17:22:00,0.13186538,0.020247381,0.8478872
2024-12-30 17:38:01,0.121539325,0.014384806,0.8640759
2024-12-31 09:19:44,0.1384727,0.03905199,0.82247525
2024-12-31 12:40:02,0.11043667,0.013685114,0.8758782
2024-12-31 13:00:00,0.119352475,0.02720609,0.8534414
2024-12-31 17:00:25,0.12528458,0.022555687,0.8521598
2025-01-01 11:00:54,0.1733686,0.021693954,0.8049374
2025-01-01 12:22:02,0.12892593,0.019025946,0.8520481
2025-01-02 09:00:00,0.15448225,0.014466788,0.831051
2025-01-02 17:30:00,0.11161956,0.022313394,0.8660671
2024-12-31 11:30:00,0.19201574,0.016471991,0.79151225
2024-12-31 09:34:00,0.010233667,0.97311527,0.016651072
2024-12-31 08:40:41,0.57129204,0.012419292,0.41628867
2024-12-31 07:57:25,0.09427659,0.019386882,0.8863365
2024-12-31 07:48:14,0.8425683,0.058453515,0.09897822
2024-12-31 03:43:45,0.048680108,0.49939716,0.45192274
2024-12-30 17:48:46,0.73518175,0.019937074,0.24488121
2024-12-30 16:24:00,0.05234653,0.025189193,0.9224643
2024-12-30 16:14:00,0.008726366,0.9636798,0.027593842
2024-12-30 16:00:34,0.13816604,0.009953373,0.8518806
2024-12-30 14:47:03,0.9467713,0.017610809,0.035617884
2024-12-30 14:41:18,0.6901054,0.012778367,0.2971162
2024-12-30 13:45:15,0.009295582,0.9742606,0.016443769
2024-12-30 13:15:00,0.44964427,0.0079242885,0.5424314
2024-12-30 12:20:09,0.054891076,0.026890693,0.91821826
2024-12-30 12:20:08,0.41350973,0.01473988,0.57175046
2024-12-30 12:20:07,0.0948286,0.013293167,0.89187825
2024-12-30 12:20:06,0.6180629,0.011808008,0.37012908
2024-12-30 08:21:51,0.6892021,0.00916229,0.30163562
2024-12-30 04:03:13,0.019578677,0.28634626,0.69407505
2024-12-29 13:00:18,0.53010523,0.014388074,0.45550668
2024-12-28 23:57:00,0.3544463,0.011181556,0.6343721
2024-12-28 13:15:00,0.14999852,0.016710624,0.8332908
2025-01-03 22:43:49,0.272367,0.18389954,0.5437334
2025-01-03 19:28:31,0.93752825,0.02536621,0.037105605
2025-01-03 19:00:00,0.9118414,0.011325599,0.07683307
2025-01-03 17:27:52,0.015073693,0.97012377,0.014802527
2025-01-03 16:00:37,0.20009755,0.00799737,0.7919051
2025-01-03 15:00:16,0.04131351,0.021589803,0.93709666
2025-01-03 14:00:00,0.1314107,0.82929957,0.03928973
2025-01-03 13:24:00,0.7737112,0.121500365,0.104788385
2025-01-03 13:00:00,0.061308157,0.12854269,0.8101492
2025-01-03 12:20:07,0.092923924,0.011791824,0.89528424
2025-01-03 12:20:06,0.074574485,0.015799494,0.90962607
2025-01-03 11:58:50,0.31889728,0.05354365,0.6275591
2025-01-03 11:45:00,0.7223797,0.01949545,0.2581249
2025-01-03 11:23:07,0.6950284,0.01010866,0.2948629
2025-01-03 11:15:00,0.030439077,0.023522815,0.9460381
2025-01-03 11:11:00,0.8976048,0.009257327,0.09313782
2025-01-03 10:50:00,0.2627839,0.015182426,0.7220337
2025-01-03 10:28:00,0.080157414,0.011623261,0.90821934
2025-01-03 09:35:00,0.46385354,0.013588506,0.52255803
2025-01-03 08:33:44,0.75785255,0.012451712,0.22969571
2025-01-03 06:29:45,0.21942829,0.009378345,0.7711934
2025-01-03 04:59:46,0.09735567,0.49606806,0.4065762
2025-01-03 04:30:22,0.047643267,0.63613355,0.31622317
2025-01-02 23:10:00,0.92950684,0.010133292,0.0603598
2025-01-02 20:32:10,0.10255927,0.011874709,0.8855661
2025-01-02 20:25:09,0.19064029,0.5314615,0.27789825
2025-01-02 19:02:52,0.030503677,0.021228507,0.9482679
2025-01-02 16:00:28,0.17617412,0.010993985,0.8128319
2025-01-02 14:09:29,0.6197804,0.3463927,0.033826873
2025-01-02 13:15:00,0.33122393,0.018172542,0.65060353
2025-01-02 12:22:23,0.013539518,0.96787864,0.018581841
2025-01-02 12:20:07,0.0843538,0.015584104,0.90006214
2025-01-02 09:13:45,0.56539625,0.10834938,0.3262544
2025-01-02 03:28:01,0.071513526,0.018795738,0.9096908
2025-01-01 19:00:19,0.059583038,0.40192312,0.5384938
2025-01-01 16:00:27,0.21730687,0.007791024,0.7749021
2025-01-01 15:15:41,0.025838722,0.025375737,0.9487856
2025-01-01 12:20:08,0.06638625,0.017908629,0.91570514
2025-01-01 12:20:08,0.076869704,0.016181855,0.9069484
2025-01-01 11:06:00,0.05948484,0.017613504,0.9229017
2024-12-31 16:00:30,0.21151969,0.010688896,0.77779144
2024-12-31 15:13:00,0.92804724,0.036961723,0.03499095
2024-12-31 15:11:51,0.030452376,0.021276375,0.9482713
2024-12-31 14:46:00,0.8195681,0.13908014,0.041351784
2024-12-31 14:16:46,0.026189843,0.5832083,0.3906018
2024-12-31 14:00:26,0.2135911,0.009499294,0.77690965
2024-12-31 13:10:00,0.06881285,0.011924763,0.9192624
2024-12-31 12:20:08,0.075837605,0.01563629,0.9085261
2024-12-31 12:20:08,0.5885984,0.0132991485,0.3981025
2024-12-31 12:20:07,0.0778981,0.014661904,0.90744
2025-01-02 14:25:27,0.09635727,0.017049842,0.8865928
2025-01-03 00:54:28,0.060745627,0.016961537,0.92229277
2025-01-02 07:43:33,0.09432295,0.018553281,0.8871238
2025-01-02 17:02:51,0.15597706,0.014930818,0.8290921
2025-01-02 19:07:00,0.1378653,0.019154215,0.84298044
2025-01-02 13:48:02,0.063546546,0.016553774,0.91989976
2025-01-02 14:10:00,0.05678931,0.017265318,0.9259454
2025-01-02 10:55:00,0.13429077,0.017374288,0.848335
2025-01-02 16:10:23,0.090840936,0.015078922,0.89408016
2025-01-02 18:43:00,0.07184111,0.018235488,0.9099234
2025-01-03 00:52:46,0.05986664,0.017277898,0.9228555
2025-01-02 17:51:00,0.08799466,0.017994385,0.8940109
2025-01-02 11:35:58,0.061389327,0.019370131,0.9192406
2025-01-02 13:34:34,0.08211015,0.01505045,0.9028394
2025-01-02 12:46:10,0.06148782,0.026842333,0.91166985
2025-01-02 17:08:00,0.04685627,0.016863897,0.9362799
2025-01-02 17:32:00,0.10677972,0.015352698,0.87786764
2025-01-02 12:55:07,0.04946834,0.018201884,0.9323298
2024-12-31 10:10:58,0.11285556,0.017214019,0.86993045
2025-01-02 16:30:00,0.089840636,0.023770751,0.8863886
2025-01-02 13:04:12,0.06536046,0.012915109,0.9217245
2025-01-02 11:59:00,0.099774465,0.01591044,0.88431513
2025-01-02 08:53:00,0.104243584,0.02004239,0.875714
2025-01-02 16:08:36,0.096716404,0.01670558,0.886578
2025-01-02 22:54:22,0.065749556,0.011770538,0.9224799
2025-01-02 09:46:58,0.08046149,0.014324283,0.90521425
2025-01-02 13:27:26,0.053186804,0.019845773,0.9269674
2025-01-02 13:00:31,0.111900896,0.012257944,0.8758412
2025-01-02 09:09:00,0.074857496,0.018748045,0.9063944
2025-01-02 15:40:00,0.040795334,0.018408496,0.94079614
2025-01-02 15:12:38,0.15682836,0.016608732,0.8265629
2025-01-02 21:52:19,0.09656292,0.012327615,0.89110947
2025-01-02 05:57:11,0.13920577,0.016403737,0.84439045
2025-01-02 11:49:00,0.04330982,0.019059213,0.93763095
2025-01-02 12:00:33,0.08717483,0.022091733,0.8907335
2025-01-02 11:55:40,0.07051818,0.016179038,0.9133027
2025-01-02 12:05:00,0.072238214,0.016813006,0.9109488
2025-01-02 16:19:00,0.06217209,0.020086346,0.9177416
2025-01-02 15:29:00,0.071917616,0.016873078,0.9112093
2025-01-02 14:04:46,0.15070082,0.01646435,0.83283484
2025-01-02 22:34:47,0.14243387,0.016824115,0.84074205
2025-01-01 15:19:43,0.072265066,0.020226045,0.90750897
2025-01-02 09:25:16,0.090143956,0.014227336,0.8956287
2025-01-02 20:09:06,0.13938253,0.019269107,0.84134835
2025-01-02 10:00:45,0.082413025,0.015672011,0.90191495
2024-12-30 14:48:00,0.052726664,0.016479205,0.9307941
2025-01-02 10:44:07,0.08227568,0.01844373,0.8992806
2024-12-30 17:27:00,0.083638534,0.016366882,0.89999455
2025-01-02 11:08:00,0.15530185,0.01437107,0.83032703
2025-01-02 19:55:00,0.11756835,0.020432916,0.86199874
2025-01-02 09:30:58,0.067715116,0.016478779,0.9158061
2024-12-29 08:30:00,0.10633257,0.025445718,0.8682217
2025-01-02 07:35:11,0.09067372,0.08526922,0.82405704
2025-01-02 10:30:00,0.055482883,0.016158998,0.92835814
2025-01-02 10:31:09,0.08881976,0.014589429,0.8965908
2025-01-02 22:18:09,0.0729529,0.017467517,0.90957963
2025-01-02 11:15:26,0.082355775,0.019802427,0.8978418
2025-01-02 12:38:35,0.1374693,0.013454681,0.84907603
2025-01-02 08:00:48,0.08598292,0.018489975,0.89552706
2025-01-02 20:29:42,0.09050844,0.016375892,0.8931157
2025-01-02 05:49:00,0.05106197,0.021280214,0.9276578
2025-01-02 14:48:00,0.14484142,0.010275924,0.8448827
2025-01-02 10:00:08,0.0455238,0.023194978,0.93128127
2025-01-02 11:47:40,0.11260674,0.013697138,0.8736961
2025-01-02 08:54:59,0.06718261,0.016275357,0.91654205
2025-01-02 17:33:36,0.10959748,0.012204208,0.87819827
2025-01-02 09:53:46,0.089373924,0.016536798,0.8940892
2024-12-31 10:00:00,0.062722124,0.015979044,0.9212988
2025-01-02 10:16:00,0.053161398,0.02122832,0.9256103
2025-01-02 06:48:00,0.029387835,0.02006394,0.95054823
2025-01-02 07:58:23,0.071738295,0.021073133,0.9071886
2025-01-01 10:00:00,0.0778488,0.013217823,0.9089334
2025-01-02 11:00:00,0.065120056,0.020353911,0.91452605
2025-01-02 05:21:00,0.09285396,0.022313673,0.8848324
2024-12-30 07:31:46,0.09088443,0.01379819,0.8953174
2025-01-02 08:07:00,0.07227017,0.01881394,0.9089159
2025-01-02 10:50:13,0.07630559,0.015102314,0.90859205
2025-01-02 14:38:01,0.13765593,0.025972782,0.83637124
2025-01-02 14:46:33,0.06387103,0.033311862,0.9028171
2025-01-02 06:48:00,0.028873848,0.06481151,0.9063146
2025-01-02 07:00:43,0.07430263,0.013570331,0.912127
2024-12-31 14:03:14,0.057000972,0.018285567,0.92471343
2025-01-02 16:22:31,0.88341576,0.03647868,0.0801055
2025-01-02 16:53:00,0.14833385,0.5963781,0.2552881
2024-12-30 14:35:46,0.07658367,0.015923828,0.90749246
2025-01-02 22:08:28,0.0353834,0.020894187,0.9437224
2025-01-02 21:15:00,0.20194864,0.026460942,0.7715905
2025-01-02 17:29:00,0.010629247,0.95958364,0.029787144
2025-01-02 17:03:12,0.84876186,0.009658707,0.1415795
2025-01-02 13:26:38,0.010591532,0.96670145,0.022706943
2025-01-02 17:10:00,0.15074252,0.13038692,0.7188705
2025-01-02 20:10:00,0.038761664,0.028796846,0.9324415
2025-01-02 18:40:05,0.07355067,0.10167424,0.8247751
2025-01-02 23:45:16,0.033188205,0.88985276,0.07695904
2025-01-02 21:35:00,0.6748643,0.014496467,0.31063926
2025-01-02 22:55:45,0.03231748,0.05832329,0.9093592
2025-01-02 20:10:29,0.033176865,0.76318616,0.20363691
2025-01-02 22:17:51,0.24294275,0.041652575,0.7154047
2025-01-02 19:29:36,0.38257185,0.07818655,0.5392416
2025-01-02 14:59:55,0.3513358,0.61603653,0.03262767
2025-01-02 23:58:29,0.0111768115,0.94454306,0.04428009
2025-01-02 15:08:25,0.053771127,0.89049935,0.05572957
2025-01-02 22:39:33,0.029881189,0.91329396,0.056824807
2025-01-02 15:00:10,0.3206972,0.06604547,0.61325735
2025-01-02 19:17:55,0.047958523,0.35361916,0.5984223
2025-01-02 21:24:12,0.06048866,0.7379802,0.20153113
2025-01-02 16:33:00,0.0694404,0.073620975,0.8569386
2025-01-02 22:38:51,0.6905865,0.027971053,0.28144246
2025-01-02 17:46:20,0.0399085,0.017317582,0.9427739
2025-01-02 12:27:25,0.085069,0.013828705,0.9011023
2025-01-03 00:12:09,0.08168449,0.74322766,0.17508776
2025-01-02 18:23:04,0.24765705,0.01920276,0.73314023
2025-01-02 23:23:00,0.041062858,0.014983571,0.94395363
2025-01-02 23:00:00,0.04834621,0.12629206,0.82536167
2025-01-02 23:45:15,0.030862693,0.61218816,0.35694915
2025-01-02 13:45:32,0.01243616,0.9473907,0.040173262
2025-01-03 00:36:03,0.311081,0.066263646,0.62265533
2025-01-02 21:22:00,0.044202562,0.019629134,0.9361683
2025-01-02 18:57:00,0.010922484,0.96809155,0.020986052
2025-01-02 21:07:00,0.05124779,0.46483973,0.48391253
2025-01-02 17:09:41,0.06278691,0.014453581,0.9227595
2025-01-02 21:45:08,0.0076015433,0.9570022,0.035396244
2024-12-31 09:23:36,0.029112864,0.047666583,0.9232205
2025-01-02 18:29:21,0.12114033,0.20755991,0.6712998
2024-12-11 08:00:00,0.07977768,0.018387465,0.90183485
2025-01-02 15:06:21,0.098729596,0.009238976,0.89203143
2025-01-02 13:03:01,0.02865667,0.027982643,0.9433606
2025-01-02 23:37:14,0.6951619,0.098034486,0.20680362
2025-01-02 18:37:34,0.032598127,0.42086837,0.5465336
2025-01-02 12:40:30,0.030865092,0.03109501,0.93803996
2025-01-02 23:34:56,0.031480774,0.514988,0.45353118
2024-12-31 09:57:00,0.010021955,0.9233997,0.06657836
2025-01-02 19:22:14,0.062220104,0.016501056,0.9212789
2025-01-02 12:57:00,0.08078521,0.01233197,0.9068828
2025-01-01 13:00:26,0.0872384,0.22127837,0.6914832
2025-01-02 17:54:52,0.09030681,0.036553502,0.87313974
2025-01-03 00:46:00,0.09618072,0.10971791,0.79410136
2025-01-02 16:05:00,0.10004853,0.014385285,0.8855662
2024-12-30 17:31:10,0.82078665,0.01861703,0.1605963
2025-01-02 23:36:00,0.035528924,0.38744542,0.5770256
2025-01-02 18:04:09,0.033213254,0.029035363,0.93775135
2025-01-02 05:59:14,0.41387725,0.165746,0.4203768
2024-12-30 18:38:00,0.054293294,0.010853528,0.9348532
2025-01-02 19:58:20,0.583153,0.054068767,0.36277816
2025-01-02 22:25:00,0.04008911,0.27936104,0.6805498
2025-01-02 14:00:00,0.027975397,0.04204504,0.92997956
2025-01-03 00:00:00,0.039303556,0.029156588,0.9315399
2025-01-03 14:08:00,0.06211672,0.02568424,0.912199
2025-01-03 08:52:00,0.11640349,0.022900525,0.86069596
2025-01-03 18:34:53,0.09966308,0.015835373,0.8845015
2025-01-03 12:49:08,0.12185065,0.014503444,0.8636459
2025-01-03 18:40:00,0.068200745,0.017166039,0.9146332
2025-01-03 05:45:00,0.14695792,0.017203279,0.83583885
2025-01-03 19:43:10,0.089561455,0.026839172,0.8835994
2025-01-03 15:50:00,0.102152854,0.021787053,0.87606007
2025-01-03 11:35:00,0.056284472,0.023433106,0.9202824
2025-01-03 21:40:00,0.07368888,0.022488631,0.9038225
2025-01-03 16:03:00,0.07604497,0.015415063,0.90854
2025-01-03 13:00:00,0.11864971,0.017942801,0.8634075
2025-01-03 10:44:00,0.05451106,0.019428236,0.92606074
2025-01-03 15:34:45,0.08016261,0.02459399,0.8952434
2025-01-03 11:00:00,0.046458844,0.019380134,0.934161
2025-01-03 12:05:53,0.12553766,0.020167386,0.854295
2025-01-03 12:22:00,0.16269507,0.0231959,0.814109
2025-01-03 12:27:41,0.14531541,0.015857691,0.8388269
2025-01-03 12:53:00,0.11403257,0.016062848,0.8699046
2025-01-03 19:02:00,0.06777801,0.019854536,0.9123674
2025-01-03 10:24:39,0.067511626,0.018090425,0.91439795
2025-01-02 21:34:00,0.099157855,0.034054972,0.86678714
2025-01-03 12:00:02,0.039366428,0.025660895,0.9349727
2025-01-03 10:45:00,0.079049245,0.013827234,0.90712357
2025-01-02 09:51:00,0.056522038,0.01959467,0.92388326
2025-01-03 19:50:00,0.045924813,0.016463121,0.93761206
2025-01-03 08:31:38,0.062807254,0.02739379,0.9097989
2025-01-01 13:20:00,0.0842316,0.019132294,0.89663607
2025-01-03 12:11:00,0.13983694,0.010894173,0.8492689
2025-01-03 16:50:21,0.15337178,0.014340749,0.8322875
2025-01-03 16:11:00,0.045270085,0.022052225,0.93267775
2025-01-03 13:03:00,0.0750686,0.028397692,0.8965337
2025-01-02 09:25:00,0.11989227,0.016587827,0.8635199
2025-01-03 10:51:00,0.05447821,0.020415306,0.92510647
2025-01-03 14:23:50,0.10658163,0.019622447,0.8737959
2025-01-02 18:00:12,0.110115536,0.015663473,0.874221
2025-01-03 17:13:17,0.05895323,0.01651932,0.9245274
2025-01-03 19:00:00,0.06868163,0.020657696,0.9106607
2025-01-03 15:24:52,0.07505178,0.013492205,0.911456
2025-01-03 07:40:43,0.122451976,0.04154427,0.8360038
2025-01-01 11:22:02,0.056168504,0.018035175,0.92579633
2025-01-03 17:48:35,0.099014126,0.019657437,0.8813285
2025-01-03 16:44:48,0.07106653,0.017705763,0.9112277
2025-01-03 06:26:02,0.07424431,0.022319127,0.90343654
2025-01-03 14:48:25,0.09067372,0.08526922,0.82405704
2025-01-03 14:20:37,0.08189992,0.023806073,0.89429396
2025-01-02 11:31:00,0.06968925,0.01749633,0.9128144
2025-01-03 17:04:00,0.0686309,0.019539278,0.91182977
2025-01-03 11:30:00,0.11910029,0.01587807,0.86502165
2025-01-03 13:52:53,0.11454601,0.013256657,0.87219733
2024-12-30 16:38:01,0.033107135,0.021506634,0.9453863
2025-01-03 12:24:00,0.12454721,0.02218346,0.85326934
2025-01-03 16:17:00,0.06951631,0.0187238,0.9117599
2025-01-03 16:00:03,0.1657392,0.013606823,0.82065403
2025-01-03 13:58:00,0.029387835,0.02006394,0.95054823
2025-01-03 13:58:14,0.044681475,0.058421545,0.89689696
2025-01-03 16:36:00,0.10409741,0.0144633865,0.88143927
2025-01-03 19:28:37,0.10327682,0.014502245,0.8822209
2025-01-03 16:00:00,0.10175133,0.021332914,0.8769158
2025-01-03 14:00:53,0.11648988,0.019667381,0.8638427
2025-01-03 12:08:00,0.06407342,0.01944463,0.916482
2025-01-03 15:56:00,0.13773054,0.014178257,0.8480912
2025-01-02 13:42:00,0.09571966,0.026251972,0.87802833
2025-01-03 16:29:00,0.16534935,0.010638436,0.8240123
2025-01-03 12:43:00,0.1358877,0.020984488,0.8431278
2025-01-03 15:31:22,0.08404897,0.017503962,0.8984471
2025-01-03 13:44:00,0.092279814,0.022389306,0.88533086
2025-01-03 15:04:00,0.030012473,0.053182274,0.9168052
2025-01-03 15:04:00,0.02768204,0.06508389,0.907234
2025-01-03 13:11:34,0.07407153,0.02539276,0.9005357
2025-01-02 10:26:00,0.087108776,0.019976055,0.8929152
2025-01-03 06:13:00,0.09166938,0.0234636,0.88486695
2025-01-03 18:30:50,0.046761017,0.019608833,0.93363017
2025-01-03 12:51:00,0.06838279,0.022629177,0.90898806
2025-01-03 12:00:00,0.07885362,0.017471114,0.90367526
2025-01-03 12:00:43,0.10787323,0.012202749,0.87992406
2025-01-03 13:58:00,0.028873848,0.06481151,0.9063146
2025-01-03 14:32:00,0.05940267,0.016172063,0.92442524
2025-01-03 16:29:24,0.077157915,0.014657329,0.9081847
2025-01-03 11:36:00,0.061637286,0.027035886,0.91132677
2025-01-03 11:57:01,0.073828265,0.01663721,0.9095346
2025-01-03 10:44:07,0.13919032,0.022751763,0.83805794
2025-01-03 20:54:30,0.060721517,0.021034287,0.9182442
2025-01-03 13:58:00,0.052630678,0.07879418,0.8685752
2025-01-03 11:40:40,0.11914379,0.0180969,0.8627593
2024-12-31 09:55:00,0.11107409,0.016730515,0.8721954
2025-01-03 13:24:11,0.08439473,0.019625863,0.8959794
2025-01-03 15:47:00,0.09470655,0.012801883,0.8924916
2025-01-03 03:52:59,0.0833898,0.027004939,0.8896053
2024-12-29 10:00:42,0.10606635,0.016407097,0.8775265
2025-01-01 14:57:00,0.05923653,0.022144001,0.91861945
2025-01-03 15:09:43,0.18622711,0.019829776,0.79394317
2025-01-03 17:48:34,0.075525105,0.013069849,0.9114051
2024-12-31 09:22:00,0.06784846,0.019427357,0.9127242
2025-01-03 14:58:14,0.100596346,0.014833399,0.88457024
2025-01-02 18:55:00,0.09391107,0.019406488,0.8866824
2024-12-11 08:00:00,0.050986703,0.017401613,0.93161166
2025-01-03 15:52:00,0.06679008,0.016630944,0.916579
2025-01-02 06:02:00,0.06809538,0.018864393,0.9130402
2025-01-02 16:00:00,0.07550986,0.03129779,0.89319235
2025-01-02 19:25:09,0.044434424,0.043420464,0.9121451
2025-01-02 17:49:07,0.11260313,0.8693644,0.018032547
2025-01-03 08:35:00,0.039403893,0.02473939,0.93585676
2025-01-02 21:56:00,0.010248974,0.9607511,0.028999938
2025-01-03 05:50:36,0.008230219,0.9557483,0.0360214
2025-01-02 21:38:29,0.619475,0.07023756,0.31028745
2025-01-03 12:38:00,0.80237466,0.0069962135,0.19062907
2025-01-02 19:48:09,0.010454325,0.9456395,0.043906145
2025-01-02 14:33:12,0.056919415,0.79769623,0.14538434
2025-01-03 22:15:00,0.06132225,0.026509421,0.9121683
2024-12-31 17:25:48,0.30956605,0.024926173,0.6655078
2024-12-31 18:34:00,0.045683585,0.03837705,0.9159394
2025-01-02 16:42:00,0.15430818,0.03279073,0.812901
2024-12-26 08:00:00,0.8544207,0.012112734,0.1334666
2024-12-28 08:30:00,0.55720633,0.015017127,0.42777658
2024-12-31 10:30:00,0.46245244,0.051268395,0.48627916
2024-12-31 14:13:00,0.02676924,0.046427608,0.9268031
2025-01-03 19:18:00,0.043949716,0.030482342,0.9255679
2024-12-26 08:00:00,0.9039956,0.030909834,0.06509463
2024-12-26 08:00:00,0.47196022,0.014795416,0.51324433
2025-01-03 04:37:00,0.049125485,0.1611394,0.78973514
2025-01-03 11:59:56,0.33146995,0.011074441,0.65745556
2024-12-30 18:19:53,0.04813945,0.017656948,0.93420357
2025-01-03 21:17:11,0.067421116,0.035372697,0.8972062
2025-01-03 21:11:40,0.13046971,0.011336923,0.8581934
2025-01-03 18:45:00,0.033482708,0.06984446,0.8966729
2025-01-03 20:09:44,0.031706095,0.028725673,0.9395682
2025-01-03 19:09:25,0.013490479,0.9390788,0.047430627
2025-01-03 20:23:51,0.0494054,0.17255609,0.7780385
2025-01-03 20:50:00,0.038219325,0.17996429,0.78181636
2025-01-03 11:56:23,0.01877695,0.9525632,0.028659824
2025-01-03 17:25:00,0.122143075,0.011603792,0.86625314
2025-01-03 12:12:43,0.036156066,0.048371494,0.9154725
2025-01-03 17:24:00,0.058600117,0.021480776,0.91991913
2025-01-03 14:01:03,0.065783985,0.019313311,0.9149027
2025-01-03 14:47:02,0.039447885,0.019365566,0.9411865
2025-01-03 22:56:00,0.107562974,0.011596486,0.88084054
2025-01-03 16:45:42,0.15458302,0.011971689,0.83344525
2025-01-03 17:28:00,0.10217822,0.01105818,0.8867636
2025-01-03 13:08:18,0.2776877,0.049281724,0.6730306
2025-01-03 21:00:37,0.035253588,0.025984792,0.93876165
2025-01-03 19:13:00,0.036312543,0.02550876,0.93817866
2025-01-03 16:27:15,0.042640913,0.016272837,0.9410863
2025-01-03 14:00:16,0.028509991,0.034663238,0.93682677
2025-01-03 16:35:00,0.068297416,0.50027996,0.43142262
2025-01-03 17:39:51,0.024737354,0.1747852,0.80047745
2025-01-03 09:54:11,0.19175507,0.02292716,0.7853178
2025-01-03 12:23:01,0.016491435,0.97124815,0.012260497
2025-01-03 15:00:00,0.038609575,0.020869248,0.9405212
2025-01-03 18:35:00,0.08815118,0.014154388,0.8976944
2025-01-03 13:11:00,0.025048073,0.88994354,0.08500838
2025-01-03 05:43:00,0.02390861,0.87661374,0.099477656
2025-01-03 20:01:39,0.05713543,0.012590052,0.9302745
2025-01-03 17:42:00,0.3480498,0.60767454,0.0442757
2025-01-03 15:22:00,0.036491096,0.27177456,0.6917343
2025-01-03 15:55:34,0.08312895,0.0152488025,0.9016223
2025-01-03 12:00:00,0.6456298,0.008261961,0.34610823
2025-01-03 13:08:00,0.069998235,0.018303266,0.91169846
2025-01-03 22:02:29,0.04308946,0.018688623,0.9382219
2025-01-03 10:01:19,0.030179104,0.035832796,0.93398803
2025-01-03 13:10:00,0.1815794,0.30420732,0.51421326
2025-01-03 19:50:00,0.10524384,0.01922022,0.87553596
2025-01-03 09:50:00,0.050539397,0.037629556,0.9118311
2025-01-03 09:00:36,0.06105645,0.031870354,0.90707326
2025-01-03 22:02:00,0.037760798,0.14076431,0.82147497
2025-01-03 15:03:00,0.045614194,0.016896546,0.9374893
2025-01-03 23:06:00,0.022519706,0.045005973,0.9324743
2025-01-02 11:58:51,0.34936187,0.09088058,0.55975753
2025-01-03 19:00:37,0.0950261,0.0122220125,0.8927519
2025-01-03 08:35:00,0.04842784,0.017430922,0.9341412
2025-01-02 18:23:26,0.15482105,0.24233557,0.60284334
2025-01-04 00:00:00,0.024762576,0.61282414,0.36241323
2025-01-03 03:39:20,0.34884965,0.16983478,0.48131555
2025-01-03 21:46:44,0.054571666,0.8969625,0.048465777
2025-01-03 14:48:00,0.010508781,0.9577749,0.03171641
2024-12-30 05:37:37,0.037320033,0.21098724,0.7516927
2025-01-03 20:34:00,0.028866712,0.08312384,0.8880095
2025-01-03 22:17:43,0.056251075,0.8117119,0.13203706
2024-12-11 08:00:00,0.026124522,0.022558825,0.9513167
2025-01-03 12:00:03,0.17762893,0.010332749,0.81203836
2025-01-03 22:00:22,0.032240245,0.023215378,0.9445444
2025-01-03 12:43:47,0.11078299,0.03100686,0.8582102
2025-01-02 09:57:00,0.012604388,0.96716344,0.02023222
2025-01-03 12:00:00,0.80202454,0.007432986,0.19054247
2025-01-03 22:38:00,0.06131819,0.016985986,0.9216958
2025-01-03 19:37:16,0.017517392,0.62325025,0.3592323
2025-01-02 10:05:51,0.15212964,0.020953668,0.82691675
2024-12-16 08:00:00,0.048188113,0.022965182,0.9288467
2025-01-03 14:31:00,0.03131412,0.028642073,0.9400438
2024-12-18 08:00:00,0.6772871,0.011586359,0.31112653
2025-01-03 11:10:30,0.71650416,0.011685548,0.27181023
2025-01-02 17:36:00,0.25845453,0.6953321,0.046213448
2025-01-03 17:30:00,0.020551868,0.21565366,0.7637945
2025-01-03 12:16:50,0.036145475,0.023363099,0.94049144
2025-01-03 12:49:00,0.07985185,0.012122177,0.908026
2025-01-03 08:34:00,0.025946867,0.02484061,0.94921255
2025-01-03 00:15:00,0.22079594,0.01157696,0.7676272
2025-01-02 23:33:56,0.07191917,0.04372514,0.88435566
2025-01-02 22:51:31,0.010184229,0.97368026,0.016135441
2025-01-02 22:48:41,0.00841903,0.9754426,0.016138375
2025-01-02 22:38:29,0.05051302,0.023303585,0.9261834
2025-01-02 22:09:11,0.011265399,0.92017186,0.06856278
2025-01-02 21:10:29,0.08043444,0.5644935,0.35507208
2025-01-02 20:48:09,0.007580907,0.97589934,0.016519753
2025-01-02 19:21:00,0.012497432,0.97289366,0.01460893
2025-01-02 18:49:07,0.011066921,0.96537256,0.023560543
2025-01-02 18:34:33,0.9414776,0.030111369,0.028410997
2025-01-02 18:13:31,0.13501324,0.020259395,0.84472734
2025-01-02 18:10:00,0.026973398,0.6316797,0.34134686
2025-01-02 18:00:47,0.91618216,0.05820326,0.025614535
2025-01-02 17:27:56,0.94982624,0.015894473,0.034279287
2025-01-02 16:55:00,0.82745856,0.0100091845,0.16253226
2025-01-02 16:12:38,0.026105745,0.7487469,0.22514741
2025-01-02 16:08:25,0.6903904,0.27642038,0.033189207
2025-01-03 23:45:21,0.24709426,0.73374647,0.01915931
2025-01-03 23:38:00,0.603602,0.011640443,0.3847576
2025-01-03 22:51:13,0.5771061,0.36869466,0.054199215
2025-01-03 22:03:15,0.051599145,0.026764782,0.92163604
2025-01-03 21:50:07,0.35113108,0.4829428,0.16592614
2025-01-03 21:09:44,0.10192167,0.34405357,0.55402476
2025-01-03 20:43:53,0.9495981,0.026925316,0.023476634
2025-01-03 20:18:33,0.088952415,0.6528556,0.258192
2025-01-03 20:13:42,0.80418074,0.17258433,0.023234887
2025-01-03 19:45:09,0.028775603,0.32921615,0.64200824
2025-01-03 19:00:00,0.9118414,0.011325599,0.07683307
2025-01-03 17:14:39,0.008138816,0.9758061,0.016055137
2025-01-03 16:41:39,0.9335578,0.036051083,0.030391034
2025-01-03 15:00:16,0.04131351,0.021589803,0.93709666
2025-01-03 14:25:27,0.54079556,0.40741327,0.05179116
2025-01-03 14:11:00,0.019099724,0.9605431,0.020357128
2025-01-03 13:32:50,0.19305821,0.016417047,0.7905248
2025-01-03 13:10:29,0.39315102,0.010431398,0.59641755
2025-01-03 13:02:22,0.07380835,0.029292949,0.8968987
2025-01-03 12:59:12,0.075648904,0.70197016,0.22238097
