PublishedAt,VADER_Negative,VADER_Neutral,VADER_Positive
2025-01-02 13:59:47,0.026,0.963,0.011
2025-01-01 12:22:02,0.025,0.975,0.0
2025-01-02 17:03:21,0.034,0.663,0.303
2025-01-02 20:10:30,0.105,0.785,0.11
2025-01-02 14:26:00,0.034,0.709,0.257
2025-01-02 10:26:39,0.043,0.717,0.241
2025-01-01 16:04:00,0.092,0.781,0.127
2025-01-01 17:37:40,0.038,0.818,0.143
2024-12-19 07:51:49,0.097,0.903,0.0
2024-12-14 01:57:26,0.097,0.776,0.128
2024-12-04 11:19:28,0.034,0.753,0.213
2024-12-14 06:00:00,0.054,0.804,0.142
2024-12-13 17:36:52,0.126,0.874,0.0
2024-12-29 09:30:00,0.071,0.841,0.088
2024-12-03 13:45:39,0.047,0.716,0.237
2024-12-04 11:00:01,0.038,0.749,0.213
2024-12-26 07:26:00,0.027,0.775,0.198
2024-12-19 14:15:42,0.067,0.852,0.082
2024-12-30 21:02:29,0.027,0.719,0.255
2024-12-23 19:09:02,0.0,0.88,0.12
2024-12-02 07:40:43,0.039,0.741,0.221
2024-12-11 16:04:16,0.154,0.846,0.0
2024-12-26 06:00:00,0.032,0.826,0.141
2024-12-14 03:58:16,0.008,0.97,0.022
2024-12-02 10:15:17,0.129,0.86,0.01
2024-12-31 06:01:00,0.065,0.752,0.183
2024-12-13 13:00:02,0.059,0.789,0.152
2024-12-10 08:49:25,0.105,0.895,0.0
2024-12-24 08:00:00,0.027,0.731,0.242
2024-12-11 19:32:49,0.042,0.796,0.162
2024-12-01 00:00:01,0.097,0.735,0.168
2024-12-10 14:21:01,0.013,0.734,0.253
2024-12-10 08:03:41,0.107,0.874,0.018
2024-12-17 22:29:31,0.254,0.722,0.024
2024-12-19 10:01:37,0.079,0.736,0.186
2024-12-03 21:05:47,0.026,0.912,0.062
2024-12-31 10:48:56,0.061,0.772,0.167
2024-12-05 16:57:29,0.069,0.887,0.044
2024-12-18 14:33:07,0.11,0.737,0.153
2024-12-29 10:09:37,0.079,0.67,0.251
2024-12-07 06:00:00,0.042,0.851,0.108
2024-12-05 07:33:28,0.173,0.827,0.0
2024-12-31 13:22:53,0.129,0.839,0.032
2024-12-17 15:30:11,0.03,0.837,0.133
2024-12-13 19:26:53,0.106,0.783,0.111
2024-12-06 11:39:06,0.04,0.769,0.191
2024-12-01 21:52:52,0.091,0.885,0.024
2024-12-16 16:58:25,0.036,0.774,0.189
2024-12-17 05:09:22,0.103,0.897,0.0
2024-12-04 03:00:00,0.069,0.747,0.185
2024-12-01 15:15:18,0.144,0.839,0.016
2025-01-03 10:53:39,0.085,0.802,0.114
2025-01-03 13:00:02,0.094,0.906,0.0
2024-12-20 16:29:48,0.159,0.839,0.002
2025-01-03 12:23:01,0.071,0.781,0.149
2025-01-03 12:19:55,0.113,0.873,0.014
2025-01-02 20:08:33,0.163,0.774,0.063
2025-01-03 13:53:00,0.064,0.928,0.008
2025-01-03 16:27:15,0.008,0.777,0.215
2025-01-03 16:14:13,0.108,0.796,0.096
2025-01-02 08:55:35,0.114,0.88,0.006
2025-01-03 18:45:11,0.098,0.798,0.104
2025-01-03 15:48:37,0.193,0.787,0.02
2025-01-02 20:10:30,0.1,0.783,0.117
2025-01-03 19:15:21,0.127,0.846,0.027
2025-01-03 12:21:42,0.129,0.866,0.005
2025-01-02 22:34:00,0.119,0.881,0.0
2025-01-03 20:18:34,0.035,0.69,0.275
2025-01-03 16:03:20,0.059,0.726,0.215
2025-01-03 14:03:00,0.15,0.846,0.005
2025-01-03 11:21:37,0.124,0.871,0.005
2025-01-03 07:26:02,0.102,0.892,0.006
2025-01-03 20:00:53,0.066,0.73,0.203
2025-01-02 10:05:51,0.033,0.868,0.099
2025-01-03 02:03:49,0.182,0.681,0.136
2025-01-03 17:28:03,0.05,0.767,0.183
2025-01-02 23:03:29,0.0,0.983,0.017
2025-01-03 15:15:46,0.18,0.816,0.004
2025-01-02 21:18:20,0.066,0.879,0.055
2025-01-03 12:15:00,0.078,0.785,0.137
2024-12-18 21:14:51,0.156,0.714,0.13
2024-12-29 06:00:07,0.085,0.725,0.191
2025-01-03 12:39:59,0.0,0.739,0.261
2025-01-03 18:45:11,0.098,0.798,0.104
2024-12-02 19:21:00,0.02,0.764,0.216
2024-12-02 07:40:43,0.124,0.853,0.022
2025-01-02 11:44:44,0.045,0.698,0.257
2025-01-03 08:30:02,0.046,0.81,0.144
2024-12-18 00:50:50,0.184,0.734,0.082
2024-12-27 06:00:19,0.014,0.728,0.258
2025-01-03 11:33:11,0.087,0.701,0.212
2025-01-03 17:28:03,0.05,0.769,0.181
2024-12-03 07:00:00,0.077,0.77,0.153
2024-12-02 21:06:00,0.053,0.797,0.15
2025-01-02 21:35:16,0.074,0.83,0.096
2025-01-03 11:20:00,0.129,0.866,0.005
2024-12-26 06:00:40,0.049,0.732,0.219
2025-01-03 07:04:41,0.105,0.779,0.116
2024-12-03 22:24:00,0.066,0.703,0.23
2025-01-02 17:36:39,0.044,0.809,0.148
2024-12-19 19:09:03,0.043,0.745,0.212
2024-12-05 11:30:16,0.041,0.804,0.155
2025-01-01 10:30:00,0.141,0.742,0.117
2025-01-03 09:31:38,0.075,0.92,0.006
2024-12-18 06:52:22,0.0,0.802,0.198
2024-12-18 16:22:48,0.02,0.91,0.07
2024-12-18 12:09:06,0.295,0.622,0.082
2025-01-03 11:24:39,0.15,0.839,0.012
2024-12-06 05:53:12,0.09,0.757,0.153
2024-12-23 23:03:51,0.13,0.865,0.005
2025-01-01 15:30:00,0.025,0.763,0.212
2024-12-18 22:17:19,0.025,0.794,0.18
2025-01-03 05:12:55,0.108,0.892,0.0
2024-12-07 07:45:05,0.012,0.768,0.22
2024-12-02 15:03:41,0.027,0.854,0.119
2024-12-05 00:27:11,0.293,0.546,0.161
2025-01-03 12:20:53,0.128,0.866,0.006
2025-01-03 22:59:09,0.096,0.725,0.18
2025-01-03 21:39:57,0.052,0.799,0.149
2025-01-03 11:30:10,0.108,0.713,0.178
2025-01-03 04:46:09,0.134,0.601,0.264
2025-01-03 04:20:49,0.236,0.575,0.189
2025-01-03 02:09:54,0.092,0.654,0.254
2025-01-02 21:37:35,0.131,0.615,0.254
2025-01-02 16:18:52,0.046,0.721,0.233
2025-01-01 13:50:10,0.111,0.689,0.2
2025-01-01 10:01:33,0.109,0.664,0.227
2025-01-01 08:36:43,0.086,0.673,0.241
2024-12-31 22:07:58,0.072,0.694,0.234
2024-12-31 17:46:30,0.049,0.752,0.198
2024-12-31 17:30:46,0.102,0.729,0.169
2024-12-31 17:02:02,0.065,0.632,0.303
2024-12-31 14:02:13,0.063,0.724,0.213
2024-12-31 14:00:04,0.06,0.702,0.239
2024-12-31 09:32:08,0.028,0.74,0.233
2024-12-31 09:24:15,0.055,0.673,0.272
2024-12-31 04:22:18,0.062,0.776,0.162
2024-12-30 16:44:04,0.111,0.738,0.151
2024-12-30 16:08:58,0.078,0.727,0.195
2024-12-30 04:20:23,0.039,0.781,0.18
2024-12-28 21:03:52,0.053,0.711,0.236
2024-12-28 19:14:44,0.054,0.655,0.29
2024-12-28 17:02:12,0.138,0.681,0.181
2024-12-28 04:04:33,0.14,0.661,0.199
2024-12-27 23:21:44,0.068,0.739,0.193
2024-12-27 21:36:09,0.076,0.702,0.223
2024-12-27 21:00:29,0.07,0.691,0.239
2024-12-27 20:56:23,0.04,0.681,0.279
2024-12-27 18:20:33,0.098,0.687,0.215
2024-12-27 14:15:23,0.025,0.761,0.214
2024-12-27 12:08:08,0.102,0.706,0.192
2024-12-27 11:30:12,0.099,0.739,0.162
2024-12-27 03:26:37,0.135,0.794,0.071
2024-12-27 00:40:08,0.091,0.737,0.172
2024-12-27 00:35:21,0.075,0.754,0.171
2024-12-26 21:48:31,0.078,0.728,0.194
2024-12-26 21:15:30,0.057,0.789,0.154
2024-12-26 19:56:20,0.058,0.684,0.258
2024-12-26 19:24:37,0.105,0.702,0.193
2024-12-26 18:20:08,0.109,0.679,0.212
2024-12-26 16:05:33,0.09,0.735,0.175
2024-12-26 15:54:15,0.074,0.717,0.209
2024-12-26 15:34:10,0.105,0.718,0.178
2024-12-26 15:26:23,0.079,0.764,0.158
2024-12-26 06:26:11,0.041,0.72,0.239
2024-12-26 04:57:15,0.107,0.7,0.193
2024-12-25 18:21:17,0.094,0.693,0.213
2024-12-25 17:40:38,0.135,0.676,0.189
2024-12-25 07:34:30,0.027,0.836,0.137
2024-12-25 06:31:07,0.067,0.681,0.252
2024-12-25 04:16:37,0.05,0.755,0.195
2024-12-24 20:41:51,0.12,0.665,0.215
2024-12-24 19:23:28,0.169,0.678,0.153
2024-12-24 18:49:33,0.089,0.516,0.395
2024-12-24 02:11:47,0.131,0.711,0.159
2024-12-23 17:12:33,0.083,0.708,0.209
2024-12-23 17:03:09,0.128,0.669,0.202
2024-12-23 16:20:32,0.034,0.715,0.251
2024-12-23 00:11:20,0.103,0.683,0.214
2024-12-22 21:05:47,0.068,0.702,0.23
2024-12-21 19:43:32,0.093,0.729,0.178
2024-12-21 07:24:21,0.064,0.589,0.347
2024-12-21 00:28:54,0.118,0.732,0.149
2024-12-20 23:38:09,0.102,0.64,0.257
2024-12-20 19:23:11,0.097,0.725,0.178
2024-12-20 18:58:40,0.146,0.64,0.214
2024-12-20 18:43:49,0.07,0.665,0.265
2024-12-20 17:40:54,0.127,0.709,0.164
2024-12-20 15:48:02,0.049,0.668,0.283
2024-12-20 15:34:53,0.103,0.684,0.213
2024-12-20 11:30:10,0.124,0.689,0.187
2024-12-20 10:51:18,0.115,0.714,0.171
2024-12-20 05:24:32,0.111,0.725,0.164
2024-12-19 23:21:24,0.098,0.704,0.198
2024-12-19 20:21:55,0.042,0.809,0.149
2024-12-19 19:08:52,0.178,0.633,0.189
2024-12-19 18:07:31,0.079,0.647,0.274
2024-12-19 03:15:05,0.15,0.672,0.178
2024-12-19 02:43:21,0.154,0.659,0.188
2024-12-18 23:30:42,0.0,0.573,0.427
2024-12-18 23:02:05,0.0,0.741,0.259
2024-12-18 22:23:50,0.152,0.688,0.16
2024-12-18 22:22:59,0.131,0.669,0.2
2024-12-18 22:21:56,0.188,0.623,0.189
2024-12-18 16:48:50,0.0,0.728,0.272
2024-12-18 16:46:27,0.146,0.68,0.174
2024-12-18 15:49:52,0.081,0.699,0.22
2024-12-18 08:50:26,0.044,0.781,0.175
2024-12-18 06:02:28,0.093,0.782,0.125
2024-12-18 02:21:47,0.144,0.679,0.177
2024-12-18 01:23:40,0.106,0.71,0.184
2024-12-18 01:17:16,0.05,0.743,0.206
2024-12-18 00:01:24,0.187,0.549,0.265
2024-12-17 18:16:06,0.092,0.73,0.177
2024-12-17 17:30:52,0.081,0.807,0.112
2024-12-17 17:05:04,0.038,0.666,0.296
2024-12-17 11:42:53,0.071,0.771,0.158
2024-12-17 11:08:21,0.104,0.711,0.185
2024-12-17 06:51:18,0.133,0.717,0.15
2024-12-16 23:18:36,0.07,0.872,0.058
2024-12-16 22:34:13,0.049,0.699,0.252
2024-12-16 22:15:41,0.12,0.717,0.163
2024-12-16 20:58:30,0.054,0.805,0.142
2024-12-16 17:45:46,0.086,0.765,0.149
2024-12-16 17:45:16,0.115,0.731,0.154
2024-12-16 15:08:16,0.075,0.723,0.203
2024-12-16 08:57:33,0.043,0.703,0.254
2024-12-16 04:14:57,0.09,0.758,0.152
2024-12-15 05:43:57,0.064,0.719,0.217
2024-12-15 03:48:03,0.0,0.931,0.069
2024-12-15 03:36:12,0.1,0.641,0.259
2024-12-15 02:56:17,0.075,0.75,0.174
2024-12-14 21:48:39,0.093,0.723,0.184
2024-12-14 20:16:09,0.108,0.716,0.176
2024-12-14 08:45:08,0.122,0.715,0.163
2024-12-13 22:56:24,0.0,1.0,0.0
2024-12-13 22:21:25,0.099,0.644,0.256
2024-12-13 19:41:43,0.121,0.684,0.194
2024-12-13 19:31:03,0.074,0.754,0.173
2024-12-13 15:57:40,0.087,0.726,0.187
2024-12-13 11:30:10,0.116,0.681,0.202
2024-12-13 06:01:38,0.077,0.79,0.133
2024-12-13 05:05:07,0.119,0.685,0.196
2024-12-13 03:28:34,0.0,1.0,0.0
2024-12-12 17:21:09,0.086,0.744,0.17
2024-12-12 16:52:20,0.131,0.741,0.128
2024-12-12 16:11:53,0.052,0.748,0.2
2024-12-12 10:40:06,0.056,0.751,0.193
2024-12-11 23:30:41,0.045,0.701,0.254
2024-12-11 22:22:22,0.113,0.706,0.18
2024-12-11 19:42:17,0.136,0.663,0.201
2024-12-11 19:02:20,0.052,0.83,0.118
2024-12-11 16:11:45,0.052,0.852,0.096
2024-12-11 14:49:45,0.079,0.722,0.2
2024-12-11 13:43:05,0.03,0.782,0.188
2024-12-11 05:59:14,0.066,0.733,0.201
2024-12-11 05:38:42,0.031,0.78,0.189
2024-12-11 05:37:53,0.103,0.656,0.241
2024-12-11 04:31:51,0.078,0.726,0.197
2024-12-10 22:12:23,0.107,0.732,0.16
2024-12-10 22:07:10,0.081,0.7,0.219
2024-12-10 21:44:01,0.099,0.752,0.149
2024-12-10 21:31:24,0.073,0.772,0.155
2024-12-10 20:20:30,0.059,0.77,0.171
2024-12-10 17:59:16,0.064,0.735,0.201
2024-12-10 08:46:46,0.065,0.749,0.186
2024-12-10 06:32:15,0.056,0.732,0.212
2024-12-09 14:43:15,0.075,0.738,0.187
2024-12-09 03:49:17,0.095,0.706,0.199
2024-12-08 23:14:03,0.124,0.713,0.164
2024-12-08 19:17:55,0.078,0.703,0.219
2024-12-08 19:16:40,0.07,0.74,0.19
2024-12-08 16:16:12,0.036,0.756,0.208
2024-12-08 07:42:02,0.092,0.742,0.166
2024-12-07 13:32:33,0.088,0.604,0.308
2024-12-07 08:17:11,0.102,0.707,0.191
2024-12-07 01:10:51,0.434,0.566,0.0
2024-12-06 22:21:22,0.071,0.795,0.134
2024-12-06 21:33:34,0.159,0.586,0.255
2024-12-06 11:30:10,0.105,0.704,0.191
2024-12-06 09:48:09,0.098,0.687,0.214
2024-12-06 04:27:11,0.067,0.721,0.211
2024-12-06 00:13:24,0.069,0.73,0.201
2024-12-05 10:57:01,0.065,0.789,0.146
2024-12-05 05:21:36,0.106,0.697,0.197
2024-12-05 01:33:49,0.067,0.705,0.227
2024-12-05 00:05:37,0.04,0.747,0.213
2024-12-04 21:56:00,0.066,0.721,0.213
2024-12-04 03:45:20,0.08,0.665,0.255
2024-12-03 22:39:48,0.12,0.744,0.136
2024-12-03 20:49:45,0.0,1.0,0.0
2024-12-03 17:42:20,0.093,0.713,0.194
2024-12-03 14:14:11,0.117,0.673,0.211
2024-12-03 04:49:30,0.111,0.669,0.22
2024-12-02 18:52:54,0.069,0.676,0.255
2024-12-02 07:36:37,0.037,0.745,0.218
2024-12-01 12:10:12,0.074,0.688,0.237
2024-12-04 09:22:14,0.0,1.0,0.0
2024-12-04 10:36:00,0.0,1.0,0.0
2024-12-04 13:30:00,0.238,0.762,0.0
2024-12-04 15:28:18,0.082,0.861,0.057
2024-12-05 08:00:00,0.089,0.911,0.0
2024-12-05 14:11:01,0.119,0.881,0.0
2024-12-05 15:09:02,0.0,0.916,0.084
2024-12-06 09:30:00,0.17,0.83,0.0
2024-12-06 12:00:00,0.145,0.855,0.0
2024-12-06 14:00:00,0.196,0.804,0.0
2024-12-07 13:16:47,0.119,0.881,0.0
2024-12-08 09:58:00,0.122,0.878,0.0
2024-12-08 16:20:00,0.067,0.864,0.069
2024-12-09 17:49:00,0.231,0.769,0.0
2024-12-09 19:37:20,0.22,0.78,0.0
2024-12-09 19:44:45,0.0,1.0,0.0
2024-12-10 06:15:00,0.0,1.0,0.0
2024-12-10 09:13:06,0.081,0.919,0.0
2024-12-10 10:21:00,0.0,1.0,0.0
2024-12-10 12:16:00,0.14,0.86,0.0
2024-12-10 12:25:54,0.205,0.795,0.0
2024-12-10 19:00:00,0.0,0.926,0.074
2024-12-10 20:30:41,0.231,0.769,0.0
2024-12-11 07:05:57,0.098,0.902,0.0
2024-12-11 09:52:50,0.19,0.81,0.0
2024-12-11 09:53:02,0.0,1.0,0.0
2024-12-11 12:00:00,0.0,1.0,0.0
2024-12-11 14:12:25,0.375,0.625,0.0
2024-12-11 15:00:00,0.098,0.727,0.175
2024-12-11 15:08:58,0.276,0.724,0.0
2024-12-11 19:03:11,0.21,0.79,0.0
2024-12-11 19:05:42,0.081,0.919,0.0
2024-12-11 20:36:50,0.083,0.917,0.0
2024-12-11 21:27:00,0.074,0.926,0.0
2024-12-12 07:30:32,0.257,0.743,0.0
2024-12-12 11:00:35,0.27,0.676,0.054
2024-12-12 12:00:00,0.287,0.713,0.0
2024-12-12 13:00:00,0.319,0.681,0.0
2024-12-12 15:00:51,0.075,0.925,0.0
2024-12-12 17:13:00,0.03,0.97,0.0
2024-12-12 20:30:41,0.074,0.926,0.0
2024-12-13 14:14:00,0.0,1.0,0.0
2024-12-13 16:47:00,0.15,0.85,0.0
2024-12-14 08:00:29,0.113,0.778,0.109
2024-12-14 11:00:15,0.069,0.931,0.0
2024-12-15 06:30:19,0.07,0.93,0.0
2024-12-15 11:00:50,0.083,0.917,0.0
2024-12-15 15:00:56,0.148,0.852,0.0
2024-12-15 20:14:31,0.142,0.858,0.0
2024-12-16 08:25:36,0.091,0.909,0.0
2024-12-16 10:05:00,0.0,1.0,0.0
2024-12-16 10:28:01,0.0,1.0,0.0
2024-12-16 11:30:39,0.0,0.97,0.03
2024-12-16 15:48:24,0.293,0.707,0.0
2024-12-16 19:10:25,0.083,0.917,0.0
2024-12-17 06:15:00,0.0,0.83,0.17
2024-12-17 07:00:09,0.151,0.849,0.0
2024-12-17 09:00:25,0.157,0.843,0.0
2024-12-17 15:00:00,0.0,0.748,0.252
2024-12-18 10:27:07,0.083,0.917,0.0
2024-12-19 04:09:29,0.119,0.881,0.0
2024-12-19 08:41:43,0.16,0.84,0.0
2024-12-19 12:30:02,0.078,0.922,0.0
2024-12-19 14:26:22,0.089,0.911,0.0
2024-12-19 14:45:52,0.078,0.922,0.0
2024-12-19 17:18:00,0.115,0.885,0.0
2024-12-20 11:35:00,0.231,0.769,0.0
2024-12-20 13:54:01,0.105,0.751,0.145
2024-12-21 10:00:00,0.0,0.878,0.122
2024-12-21 12:45:12,0.081,0.919,0.0
2024-12-21 15:00:00,0.142,0.858,0.0
2024-12-22 12:00:01,0.0,0.917,0.083
2024-12-22 19:30:59,0.191,0.809,0.0
2024-12-22 20:01:02,0.137,0.863,0.0
2024-12-23 06:30:30,0.0,1.0,0.0
2024-12-23 09:31:01,0.0,1.0,0.0
2024-12-23 10:15:00,0.044,0.907,0.048
2024-12-23 12:03:00,0.14,0.86,0.0
2024-12-23 12:45:02,0.079,0.855,0.065
2024-12-23 13:01:00,0.151,0.849,0.0
2024-12-23 18:44:00,0.112,0.888,0.0
2024-12-23 19:20:57,0.0,1.0,0.0
2024-12-24 10:24:18,0.0,1.0,0.0
2024-12-24 11:39:00,0.0,0.89,0.11
2024-12-26 15:00:00,0.037,0.963,0.0
2024-12-27 10:51:00,0.275,0.634,0.092
2024-12-27 13:50:38,0.0,1.0,0.0
2024-12-27 18:05:00,0.0,1.0,0.0
2024-12-28 04:30:36,0.0,1.0,0.0
2024-12-28 12:29:00,0.0,1.0,0.0
2024-12-29 18:21:05,0.394,0.606,0.0
2024-12-30 10:00:00,0.0,1.0,0.0
2024-12-30 11:30:00,0.0,0.914,0.086
2024-12-30 12:02:23,0.0,1.0,0.0
2024-12-30 17:22:00,0.0,1.0,0.0
2024-12-30 17:38:01,0.0,0.85,0.15
2024-12-31 09:19:44,0.078,0.922,0.0
2024-12-31 12:40:02,0.109,0.891,0.0
2024-12-31 13:00:00,0.231,0.769,0.0
2024-12-31 17:00:25,0.0,1.0,0.0
2025-01-01 11:00:54,0.218,0.782,0.0
2025-01-01 12:22:02,0.0,1.0,0.0
2025-01-02 09:00:00,0.0,1.0,0.0
2025-01-02 17:30:00,0.0,1.0,0.0
2024-12-31 11:30:00,0.117,0.647,0.236
2024-12-31 09:34:00,0.087,0.669,0.244
2024-12-31 08:40:41,0.0,0.85,0.15
2024-12-31 07:57:25,0.0,0.884,0.116
2024-12-31 07:48:14,0.088,0.809,0.103
2024-12-31 03:43:45,0.03,0.67,0.3
2024-12-30 17:48:46,0.071,0.776,0.153
2024-12-30 16:24:00,0.0,0.822,0.178
2024-12-30 16:14:00,0.127,0.82,0.053
2024-12-30 16:00:34,0.0,0.949,0.051
2024-12-30 14:47:03,0.06,0.671,0.269
2024-12-30 14:41:18,0.0,0.816,0.184
2024-12-30 13:45:15,0.078,0.825,0.097
2024-12-30 13:15:00,0.0,0.773,0.227
2024-12-30 12:20:09,0.0,1.0,0.0
2024-12-30 12:20:08,0.0,0.625,0.375
2024-12-30 12:20:07,0.0,0.714,0.286
2024-12-30 12:20:06,0.0,0.625,0.375
2024-12-30 08:21:51,0.0,0.814,0.186
2024-12-30 04:03:13,0.037,0.938,0.025
2024-12-29 13:00:18,0.0,0.833,0.167
2024-12-28 23:57:00,0.0,0.664,0.336
2024-12-28 13:15:00,0.0,0.749,0.251
2025-01-03 22:43:49,0.049,0.727,0.224
2025-01-03 19:28:31,0.137,0.771,0.093
2025-01-03 19:00:00,0.0,0.89,0.11
2025-01-03 17:27:52,0.12,0.697,0.183
2025-01-03 16:00:37,0.0,0.82,0.18
2025-01-03 15:00:16,0.0,0.834,0.166
2025-01-03 14:00:00,0.0,0.66,0.34
2025-01-03 13:24:00,0.0,0.8,0.2
2025-01-03 13:00:00,0.1,0.615,0.285
2025-01-03 12:20:07,0.0,1.0,0.0
2025-01-03 12:20:06,0.0,1.0,0.0
2025-01-03 11:58:50,0.0,0.885,0.115
2025-01-03 11:45:00,0.0,0.617,0.383
2025-01-03 11:23:07,0.0,0.805,0.195
2025-01-03 11:15:00,0.0,1.0,0.0
2025-01-03 11:11:00,0.037,0.584,0.379
2025-01-03 10:50:00,0.0,0.901,0.099
2025-01-03 10:28:00,0.0,0.859,0.141
2025-01-03 09:35:00,0.048,0.725,0.228
2025-01-03 08:33:44,0.0,0.896,0.104
2025-01-03 06:29:45,0.092,0.794,0.114
2025-01-03 04:59:46,0.23,0.729,0.041
2025-01-03 04:30:22,0.039,0.78,0.181
2025-01-02 23:10:00,0.0,0.922,0.078
2025-01-02 20:32:10,0.046,0.755,0.198
2025-01-02 20:25:09,0.056,0.885,0.059
2025-01-02 19:02:52,0.0,0.87,0.13
2025-01-02 16:00:28,0.0,0.758,0.242
2025-01-02 14:09:29,0.126,0.656,0.219
2025-01-02 13:15:00,0.0,0.754,0.246
2025-01-02 12:22:23,0.141,0.727,0.132
2025-01-02 12:20:07,0.0,1.0,0.0
2025-01-02 09:13:45,0.056,0.911,0.033
2025-01-02 03:28:01,0.0,0.616,0.384
2025-01-01 19:00:19,0.101,0.847,0.053
2025-01-01 16:00:27,0.0,0.842,0.158
2025-01-01 15:15:41,0.0,0.922,0.078
2025-01-01 12:20:08,0.0,1.0,0.0
2025-01-01 12:20:08,0.0,0.809,0.191
2025-01-01 11:06:00,0.0,0.854,0.146
2024-12-31 16:00:30,0.0,0.947,0.053
2024-12-31 15:13:00,0.0,0.816,0.184
2024-12-31 15:11:51,0.0,0.87,0.13
2024-12-31 14:46:00,0.0,0.747,0.253
2024-12-31 14:16:46,0.0,0.871,0.129
2024-12-31 14:00:26,0.0,0.799,0.201
2024-12-31 13:10:00,0.065,0.761,0.174
2024-12-31 12:20:08,0.0,1.0,0.0
2024-12-31 12:20:08,0.0,0.684,0.316
2024-12-31 12:20:07,0.0,1.0,0.0
2025-01-02 14:25:27,0.0,1.0,0.0
2025-01-03 00:54:28,0.262,0.738,0.0
2025-01-02 07:43:33,0.118,0.882,0.0
2025-01-02 17:02:51,0.0,1.0,0.0
2025-01-02 19:07:00,0.0,1.0,0.0
2025-01-02 13:48:02,0.0,1.0,0.0
2025-01-02 14:10:00,0.0,0.75,0.25
2025-01-02 10:55:00,0.0,1.0,0.0
2025-01-02 16:10:23,0.0,1.0,0.0
2025-01-02 18:43:00,0.0,1.0,0.0
2025-01-03 00:52:46,0.0,1.0,0.0
2025-01-02 17:51:00,0.262,0.604,0.134
2025-01-02 11:35:58,0.0,1.0,0.0
2025-01-02 13:34:34,0.0,1.0,0.0
2025-01-02 12:46:10,0.394,0.606,0.0
2025-01-02 17:08:00,0.0,0.854,0.146
2025-01-02 17:32:00,0.0,1.0,0.0
2025-01-02 12:55:07,0.0,1.0,0.0
2024-12-31 10:10:58,0.0,0.93,0.07
2025-01-02 16:30:00,0.0,1.0,0.0
2025-01-02 13:04:12,0.0,1.0,0.0
2025-01-02 11:59:00,0.0,1.0,0.0
2025-01-02 08:53:00,0.0,1.0,0.0
2025-01-02 16:08:36,0.0,1.0,0.0
2025-01-02 22:54:22,0.0,0.926,0.074
2025-01-02 09:46:58,0.0,1.0,0.0
2025-01-02 13:27:26,0.0,1.0,0.0
2025-01-02 13:00:31,0.0,1.0,0.0
2025-01-02 09:09:00,0.0,1.0,0.0
2025-01-02 15:40:00,0.0,1.0,0.0
2025-01-02 15:12:38,0.0,1.0,0.0
2025-01-02 21:52:19,0.0,0.744,0.256
2025-01-02 05:57:11,0.0,1.0,0.0
2025-01-02 11:49:00,0.0,1.0,0.0
2025-01-02 12:00:33,0.0,1.0,0.0
2025-01-02 11:55:40,0.0,1.0,0.0
2025-01-02 12:05:00,0.0,1.0,0.0
2025-01-02 16:19:00,0.0,1.0,0.0
2025-01-02 15:29:00,0.0,1.0,0.0
2025-01-02 14:04:46,0.0,1.0,0.0
2025-01-02 22:34:47,0.0,1.0,0.0
2025-01-01 15:19:43,0.0,1.0,0.0
2025-01-02 09:25:16,0.0,1.0,0.0
2025-01-02 20:09:06,0.0,0.918,0.082
2025-01-02 10:00:45,0.0,1.0,0.0
2024-12-30 14:48:00,0.0,0.659,0.341
2025-01-02 10:44:07,0.0,1.0,0.0
2024-12-30 17:27:00,0.0,1.0,0.0
2025-01-02 11:08:00,0.0,1.0,0.0
2025-01-02 19:55:00,0.0,1.0,0.0
2025-01-02 09:30:58,0.231,0.769,0.0
2024-12-29 08:30:00,0.0,1.0,0.0
2025-01-02 07:35:11,0.0,1.0,0.0
2025-01-02 10:30:00,0.0,1.0,0.0
2025-01-02 10:31:09,0.0,0.915,0.085
2025-01-02 22:18:09,0.0,0.8,0.2
2025-01-02 11:15:26,0.281,0.719,0.0
2025-01-02 12:38:35,0.0,1.0,0.0
2025-01-02 08:00:48,0.0,1.0,0.0
2025-01-02 20:29:42,0.0,1.0,0.0
2025-01-02 05:49:00,0.0,1.0,0.0
2025-01-02 14:48:00,0.0,0.465,0.535
2025-01-02 10:00:08,0.0,1.0,0.0
2025-01-02 11:47:40,0.206,0.794,0.0
2025-01-02 08:54:59,0.0,1.0,0.0
2025-01-02 17:33:36,0.0,0.721,0.279
2025-01-02 09:53:46,0.0,0.876,0.124
2024-12-31 10:00:00,0.0,1.0,0.0
2025-01-02 10:16:00,0.0,1.0,0.0
2025-01-02 06:48:00,0.0,1.0,0.0
2025-01-02 07:58:23,0.0,1.0,0.0
2025-01-01 10:00:00,0.0,1.0,0.0
2025-01-02 11:00:00,0.0,1.0,0.0
2025-01-02 05:21:00,0.146,0.854,0.0
2024-12-30 07:31:46,0.26,0.533,0.207
2025-01-02 08:07:00,0.0,1.0,0.0
2025-01-02 10:50:13,0.328,0.672,0.0
2025-01-02 14:38:01,0.0,1.0,0.0
2025-01-02 14:46:33,0.0,1.0,0.0
2025-01-02 06:48:00,0.0,1.0,0.0
2025-01-02 07:00:43,0.0,0.778,0.222
2024-12-31 14:03:14,0.245,0.755,0.0
2025-01-02 16:22:31,0.154,0.488,0.358
2025-01-02 16:53:00,0.225,0.775,0.0
2024-12-30 14:35:46,0.0,1.0,0.0
2025-01-02 22:08:28,0.0,0.732,0.268
2025-01-02 21:15:00,0.174,0.826,0.0
2025-01-02 17:29:00,0.247,0.753,0.0
2025-01-02 17:03:12,0.0,0.621,0.379
2025-01-02 13:26:38,0.31,0.516,0.174
2025-01-02 17:10:00,0.219,0.662,0.119
2025-01-02 20:10:00,0.16,0.84,0.0
2025-01-02 18:40:05,0.167,0.833,0.0
2025-01-02 23:45:16,0.135,0.865,0.0
2025-01-02 21:35:00,0.0,1.0,0.0
2025-01-02 22:55:45,0.213,0.787,0.0
2025-01-02 20:10:29,0.357,0.643,0.0
2025-01-02 22:17:51,0.178,0.654,0.168
2025-01-02 19:29:36,0.115,0.738,0.148
2025-01-02 14:59:55,0.0,0.874,0.126
2025-01-02 23:58:29,0.164,0.703,0.133
2025-01-02 15:08:25,0.444,0.556,0.0
2025-01-02 22:39:33,0.174,0.826,0.0
2025-01-02 15:00:10,0.0,0.748,0.252
2025-01-02 19:17:55,0.192,0.808,0.0
2025-01-02 21:24:12,0.135,0.865,0.0
2025-01-02 16:33:00,0.375,0.625,0.0
2025-01-02 22:38:51,0.18,0.82,0.0
2025-01-02 17:46:20,0.0,0.708,0.292
2025-01-02 12:27:25,0.0,0.427,0.573
2025-01-03 00:12:09,0.204,0.796,0.0
2025-01-02 18:23:04,0.197,0.574,0.23
2025-01-02 23:23:00,0.0,1.0,0.0
2025-01-02 23:00:00,0.0,1.0,0.0
2025-01-02 23:45:15,0.154,0.65,0.195
2025-01-02 13:45:32,0.343,0.657,0.0
2025-01-03 00:36:03,0.0,0.723,0.277
2025-01-02 21:22:00,0.0,0.769,0.231
2025-01-02 18:57:00,0.38,0.62,0.0
2025-01-02 21:07:00,0.136,0.864,0.0
2025-01-02 17:09:41,0.0,1.0,0.0
2025-01-02 21:45:08,0.0,1.0,0.0
2024-12-31 09:23:36,0.189,0.811,0.0
2025-01-02 18:29:21,0.117,0.67,0.212
2024-12-11 08:00:00,0.0,0.364,0.636
2025-01-02 15:06:21,0.0,0.645,0.355
2025-01-02 13:03:01,0.0,1.0,0.0
2025-01-02 23:37:14,0.0,0.816,0.184
2025-01-02 18:37:34,0.0,0.732,0.268
2025-01-02 12:40:30,0.0,1.0,0.0
2025-01-02 23:34:56,0.197,0.803,0.0
2024-12-31 09:57:00,0.2,0.8,0.0
2025-01-02 19:22:14,0.0,0.672,0.328
2025-01-02 12:57:00,0.0,1.0,0.0
2025-01-01 13:00:26,0.0,1.0,0.0
2025-01-02 17:54:52,0.214,0.536,0.25
2025-01-03 00:46:00,0.0,1.0,0.0
2025-01-02 16:05:00,0.0,0.855,0.145
2024-12-30 17:31:10,0.0,0.67,0.33
2025-01-02 23:36:00,0.0,1.0,0.0
2025-01-02 18:04:09,0.201,0.592,0.207
2025-01-02 05:59:14,0.0,1.0,0.0
2024-12-30 18:38:00,0.0,0.645,0.355
2025-01-02 19:58:20,0.162,0.684,0.154
2025-01-02 22:25:00,0.187,0.813,0.0
2025-01-02 14:00:00,0.0,1.0,0.0
2025-01-03 00:00:00,0.236,0.625,0.139
2025-01-03 14:08:00,0.0,1.0,0.0
2025-01-03 08:52:00,0.0,1.0,0.0
2025-01-03 18:34:53,0.0,1.0,0.0
2025-01-03 12:49:08,0.0,0.877,0.123
2025-01-03 18:40:00,0.0,1.0,0.0
2025-01-03 05:45:00,0.0,1.0,0.0
2025-01-03 19:43:10,0.0,1.0,0.0
2025-01-03 15:50:00,0.0,1.0,0.0
2025-01-03 11:35:00,0.0,0.744,0.256
2025-01-03 21:40:00,0.0,1.0,0.0
2025-01-03 16:03:00,0.0,1.0,0.0
2025-01-03 13:00:00,0.0,1.0,0.0
2025-01-03 10:44:00,0.0,1.0,0.0
2025-01-03 15:34:45,0.0,1.0,0.0
2025-01-03 11:00:00,0.0,1.0,0.0
2025-01-03 12:05:53,0.0,1.0,0.0
2025-01-03 12:22:00,0.0,1.0,0.0
2025-01-03 12:27:41,0.0,0.926,0.074
2025-01-03 12:53:00,0.0,0.915,0.085
2025-01-03 19:02:00,0.0,1.0,0.0
2025-01-03 10:24:39,0.245,0.755,0.0
2025-01-02 21:34:00,0.0,1.0,0.0
2025-01-03 12:00:02,0.0,1.0,0.0
2025-01-03 10:45:00,0.25,0.641,0.109
2025-01-02 09:51:00,0.0,1.0,0.0
2025-01-03 19:50:00,0.0,1.0,0.0
2025-01-03 08:31:38,0.0,1.0,0.0
2025-01-01 13:20:00,0.0,1.0,0.0
2025-01-03 12:11:00,0.0,0.826,0.174
2025-01-03 16:50:21,0.0,1.0,0.0
2025-01-03 16:11:00,0.0,1.0,0.0
2025-01-03 13:03:00,0.0,1.0,0.0
2025-01-02 09:25:00,0.0,1.0,0.0
2025-01-03 10:51:00,0.0,0.846,0.154
2025-01-03 14:23:50,0.0,1.0,0.0
2025-01-02 18:00:12,0.0,0.833,0.167
2025-01-03 17:13:17,0.0,0.8,0.2
2025-01-03 19:00:00,0.661,0.339,0.0
2025-01-03 15:24:52,0.0,0.792,0.208
2025-01-03 07:40:43,0.0,1.0,0.0
2025-01-01 11:22:02,0.0,1.0,0.0
2025-01-03 17:48:35,0.0,1.0,0.0
2025-01-03 16:44:48,0.0,1.0,0.0
2025-01-03 06:26:02,0.0,1.0,0.0
2025-01-03 14:48:25,0.0,1.0,0.0
2025-01-03 14:20:37,0.0,1.0,0.0
2025-01-02 11:31:00,0.0,1.0,0.0
2025-01-03 17:04:00,0.0,1.0,0.0
2025-01-03 11:30:00,0.0,1.0,0.0
2025-01-03 13:52:53,0.0,0.861,0.139
2024-12-30 16:38:01,0.0,0.882,0.118
2025-01-03 12:24:00,0.0,0.787,0.213
2025-01-03 16:17:00,0.0,0.826,0.174
2025-01-03 16:00:03,0.0,1.0,0.0
2025-01-03 13:58:00,0.0,1.0,0.0
2025-01-03 13:58:14,0.0,1.0,0.0
2025-01-03 16:36:00,0.0,0.806,0.194
2025-01-03 19:28:37,0.0,0.826,0.174
2025-01-03 16:00:00,0.0,1.0,0.0
2025-01-03 14:00:53,0.0,1.0,0.0
2025-01-03 12:08:00,0.0,1.0,0.0
2025-01-03 15:56:00,0.0,1.0,0.0
2025-01-02 13:42:00,0.0,0.902,0.098
2025-01-03 16:29:00,0.0,0.792,0.208
2025-01-03 12:43:00,0.0,1.0,0.0
2025-01-03 15:31:22,0.0,1.0,0.0
2025-01-03 13:44:00,0.0,1.0,0.0
2025-01-03 15:04:00,0.0,1.0,0.0
2025-01-03 15:04:00,0.0,1.0,0.0
2025-01-03 13:11:34,0.0,0.846,0.154
2025-01-02 10:26:00,0.0,1.0,0.0
2025-01-03 06:13:00,0.0,1.0,0.0
2025-01-03 18:30:50,0.0,0.805,0.195
2025-01-03 12:51:00,0.0,1.0,0.0
2025-01-03 12:00:00,0.0,0.811,0.189
2025-01-03 12:00:43,0.0,1.0,0.0
2025-01-03 13:58:00,0.0,1.0,0.0
2025-01-03 14:32:00,0.0,1.0,0.0
2025-01-03 16:29:24,0.0,1.0,0.0
2025-01-03 11:36:00,0.0,1.0,0.0
2025-01-03 11:57:01,0.0,1.0,0.0
2025-01-03 10:44:07,0.0,0.816,0.184
2025-01-03 20:54:30,0.0,0.721,0.279
2025-01-03 13:58:00,0.0,1.0,0.0
2025-01-03 11:40:40,0.0,1.0,0.0
2024-12-31 09:55:00,0.0,1.0,0.0
2025-01-03 13:24:11,0.0,1.0,0.0
2025-01-03 15:47:00,0.232,0.595,0.173
2025-01-03 03:52:59,0.0,1.0,0.0
2024-12-29 10:00:42,0.0,1.0,0.0
2025-01-01 14:57:00,0.0,1.0,0.0
2025-01-03 15:09:43,0.0,1.0,0.0
2025-01-03 17:48:34,0.0,0.638,0.362
2024-12-31 09:22:00,0.0,0.833,0.167
2025-01-03 14:58:14,0.0,0.78,0.22
2025-01-02 18:55:00,0.0,1.0,0.0
2024-12-11 08:00:00,0.0,0.744,0.256
2025-01-03 15:52:00,0.302,0.543,0.155
2025-01-02 06:02:00,0.0,1.0,0.0
2025-01-02 16:00:00,0.324,0.676,0.0
2025-01-02 19:25:09,0.0,1.0,0.0
2025-01-02 17:49:07,0.348,0.652,0.0
2025-01-03 08:35:00,0.209,0.791,0.0
2025-01-02 21:56:00,0.0,1.0,0.0
2025-01-03 05:50:36,0.319,0.519,0.163
2025-01-02 21:38:29,0.273,0.579,0.149
2025-01-03 12:38:00,0.0,0.811,0.189
2025-01-02 19:48:09,0.0,0.732,0.268
2025-01-02 14:33:12,0.0,0.744,0.256
2025-01-03 22:15:00,0.0,1.0,0.0
2024-12-31 17:25:48,0.0,1.0,0.0
2024-12-31 18:34:00,0.0,1.0,0.0
2025-01-02 16:42:00,0.268,0.732,0.0
2024-12-26 08:00:00,0.0,0.822,0.178
2024-12-28 08:30:00,0.195,0.805,0.0
2024-12-31 10:30:00,0.29,0.492,0.219
2024-12-31 14:13:00,0.42,0.58,0.0
2025-01-03 19:18:00,0.0,0.682,0.318
2024-12-26 08:00:00,0.0,0.752,0.248
2024-12-26 08:00:00,0.0,0.776,0.224
2025-01-03 04:37:00,0.32,0.68,0.0
2025-01-03 11:59:56,0.0,0.529,0.471
2024-12-30 18:19:53,0.0,0.519,0.481
2025-01-03 21:17:11,0.0,1.0,0.0
2025-01-03 21:11:40,0.0,0.849,0.151
2025-01-03 18:45:00,0.0,1.0,0.0
2025-01-03 20:09:44,0.0,1.0,0.0
2025-01-03 19:09:25,0.113,0.887,0.0
2025-01-03 20:23:51,0.19,0.7,0.11
2025-01-03 20:50:00,0.32,0.68,0.0
2025-01-03 11:56:23,0.213,0.787,0.0
2025-01-03 17:25:00,0.0,0.46,0.54
2025-01-03 12:12:43,0.167,0.833,0.0
2025-01-03 17:24:00,0.213,0.787,0.0
2025-01-03 14:01:03,0.0,1.0,0.0
2025-01-03 14:47:02,0.0,1.0,0.0
2025-01-03 22:56:00,0.0,1.0,0.0
2025-01-03 16:45:42,0.0,0.497,0.503
2025-01-03 17:28:00,0.0,0.68,0.32
2025-01-03 13:08:18,0.234,0.638,0.128
2025-01-03 21:00:37,0.156,0.844,0.0
2025-01-03 19:13:00,0.0,0.642,0.358
2025-01-03 16:27:15,0.0,0.602,0.398
2025-01-03 14:00:16,0.0,1.0,0.0
2025-01-03 16:35:00,0.123,0.877,0.0
2025-01-03 17:39:51,0.0,0.693,0.307
2025-01-03 09:54:11,0.0,1.0,0.0
2025-01-03 12:23:01,0.231,0.769,0.0
2025-01-03 15:00:00,0.0,0.645,0.355
2025-01-03 18:35:00,0.0,0.68,0.32
2025-01-03 13:11:00,0.0,1.0,0.0
2025-01-03 05:43:00,0.349,0.651,0.0
2025-01-03 20:01:39,0.0,0.708,0.292
2025-01-03 17:42:00,0.174,0.826,0.0
2025-01-03 15:22:00,0.25,0.75,0.0
2025-01-03 15:55:34,0.0,1.0,0.0
2025-01-03 12:00:00,0.0,0.769,0.231
2025-01-03 13:08:00,0.0,0.82,0.18
2025-01-03 22:02:29,0.0,0.708,0.292
2025-01-03 10:01:19,0.0,0.588,0.412
2025-01-03 13:10:00,0.0,1.0,0.0
2025-01-03 19:50:00,0.0,1.0,0.0
2025-01-03 09:50:00,0.266,0.734,0.0
2025-01-03 09:00:36,0.0,0.781,0.219
2025-01-03 22:02:00,0.0,1.0,0.0
2025-01-03 15:03:00,0.394,0.606,0.0
2025-01-03 23:06:00,0.0,1.0,0.0
2025-01-02 11:58:51,0.0,1.0,0.0
2025-01-03 19:00:37,0.0,0.647,0.353
2025-01-03 08:35:00,0.0,1.0,0.0
2025-01-02 18:23:26,0.248,0.752,0.0
2025-01-04 00:00:00,0.239,0.761,0.0
2025-01-03 03:39:20,0.0,0.847,0.153
2025-01-03 21:46:44,0.201,0.671,0.128
2025-01-03 14:48:00,0.268,0.732,0.0
2024-12-30 05:37:37,0.278,0.722,0.0
2025-01-03 20:34:00,0.18,0.467,0.353
2025-01-03 22:17:43,0.0,1.0,0.0
2024-12-11 08:00:00,0.0,0.693,0.307
2025-01-03 12:00:03,0.0,0.629,0.371
2025-01-03 22:00:22,0.0,1.0,0.0
2025-01-03 12:43:47,0.286,0.714,0.0
2025-01-02 09:57:00,0.308,0.692,0.0
2025-01-03 12:00:00,0.0,0.585,0.415
2025-01-03 22:38:00,0.171,0.61,0.22
2025-01-03 19:37:16,0.19,0.5,0.31
2025-01-02 10:05:51,0.0,0.748,0.252
2024-12-16 08:00:00,0.0,1.0,0.0
2025-01-03 14:31:00,0.0,0.617,0.383
2024-12-18 08:00:00,0.0,1.0,0.0
2025-01-03 11:10:30,0.0,0.609,0.391
2025-01-02 17:36:00,0.0,1.0,0.0
2025-01-03 17:30:00,0.22,0.5,0.28
2025-01-03 12:16:50,0.0,0.729,0.271
2025-01-03 12:49:00,0.0,0.729,0.271
2025-01-03 08:34:00,0.0,0.843,0.157
2025-01-03 00:15:00,0.011,0.84,0.149
2025-01-02 23:33:56,0.174,0.649,0.176
2025-01-02 22:51:31,0.087,0.913,0.0
2025-01-02 22:48:41,0.159,0.663,0.178
2025-01-02 22:38:29,0.154,0.769,0.077
2025-01-02 22:09:11,0.13,0.771,0.098
2025-01-02 21:10:29,0.151,0.789,0.06
2025-01-02 20:48:09,0.041,0.874,0.085
2025-01-02 19:21:00,0.164,0.836,0.0
2025-01-02 18:49:07,0.244,0.756,0.0
2025-01-02 18:34:33,0.0,0.663,0.337
2025-01-02 18:13:31,0.029,0.701,0.27
2025-01-02 18:10:00,0.231,0.538,0.232
2025-01-02 18:00:47,0.0,0.727,0.273
2025-01-02 17:27:56,0.187,0.349,0.463
2025-01-02 16:55:00,0.0,0.769,0.231
2025-01-02 16:12:38,0.182,0.704,0.114
2025-01-02 16:08:25,0.258,0.613,0.129
2025-01-03 23:45:21,0.0,1.0,0.0
2025-01-03 23:38:00,0.0,0.798,0.202
2025-01-03 22:51:13,0.182,0.736,0.081
2025-01-03 22:03:15,0.0,0.861,0.139
2025-01-03 21:50:07,0.195,0.592,0.213
2025-01-03 21:09:44,0.112,0.703,0.185
2025-01-03 20:43:53,0.095,0.731,0.174
2025-01-03 20:18:33,0.064,0.583,0.353
2025-01-03 20:13:42,0.0,0.803,0.197
2025-01-03 19:45:09,0.152,0.762,0.085
2025-01-03 19:00:00,0.0,0.89,0.11
2025-01-03 17:14:39,0.115,0.885,0.0
2025-01-03 16:41:39,0.0,0.673,0.327
2025-01-03 15:00:16,0.0,0.834,0.166
2025-01-03 14:25:27,0.147,0.721,0.132
2025-01-03 14:11:00,0.133,0.867,0.0
2025-01-03 13:32:50,0.193,0.702,0.105
2025-01-03 13:10:29,0.0,0.903,0.097
2025-01-03 13:02:22,0.0,1.0,0.0
2025-01-03 12:59:12,0.091,0.577,0.332
